            0.300263 0 0 0 -0.00735573   0.0221847   0.0088594 0 0 0 0.05512 0.02226 -0.0297 -0.0855415   0.158509 -0.0133868  0.131743 0.0752852 -0.283671 0 0 0 0.528318 -0.07403 -9.79448 
            0.400956 -0.721825 -0.791561   1.16505  -0.0189031   0.0176114 -0.00798626 0 0 0 0.05512 0.02226 -0.0297 -0.0476455   0.109015  0.0785051  0.131743 0.0752848  -0.28367 2.79649e-07 1.82567e-07 4.10309e-07   0.528318 -0.0740302   -9.79448 
            0.500003 -0.82536 -1.28953 0.968053 -0.0229305 -0.0417524 -0.0144437 0 0 0 0.05512 0.02226 -0.0297 -0.0311547   -0.21929 -0.0829515  0.130013 0.0756954  -0.27771 7.26937e-07 8.44784e-05 2.07061e-05   0.528319 -0.0741114   -9.79448 
            0.599963 -1.41252 -1.40562   2.0916 -0.0515546   -0.01786 -0.0599321 0 0 0 0.05512 0.02226 -0.0297  -0.148054 -0.0751928   -0.22475  0.128439 0.0742791 -0.274473  0.0130114 -0.0336004  0.0235879   0.514091 -0.0424112   -9.79543 
            0.701058 -1.36436 -1.76773  1.59722 -0.0898225 -0.0203806 -0.0368672 0 0 0 0.05512 0.02226 -0.0297   -0.242688 -0.00774559  -0.0500569  0.127345 0.0740945 -0.268698   0.080248 -0.0371356  -0.135276   0.452849 -0.0387354   -9.79846 
            0.800884 -1.08554 -1.53951  2.18038 -0.0676836  -0.088167 -0.0205294 0 0 0 0.05512 0.02226 -0.0297 -0.106169 -0.233409 0.0413919  0.127224 0.0739408 -0.265451 -0.0788834   0.218167  -0.157167   0.61612 -0.277208  -9.78571 
            0.901306 -1.20396 -1.41735  2.66244 -0.0576155 -0.0511877 -0.0149596 0 0 0 0.05512 0.02226 -0.0297 -0.0167462  0.0111371 -0.0238299  0.123985 0.0700317 -0.259687 -0.138298 0.0348616  -0.18734   0.663027 -0.0974334   -9.78608 
            0.999866 -0.392261  -1.20051   1.52172 0.00522303 0.00558039  0.0176369 0 0 0 0.05512 0.02226 -0.0297 0.258573 0.224088 0.205956  0.120653 0.0680699 -0.254384 -0.312135 -0.106016 -0.280904 0.824855 0.046834 -9.77414 
             1.10122 -1.22834 -1.71331  2.93814 0.0138063 0.0169292 0.0195426 0 0 0 0.05512 0.02226 -0.0297  0.231664  0.194753 0.0570105  0.118538 0.0687522 -0.250954  -0.250653 -0.0800155  -0.196444  0.763928 0.0188067  -9.77919 
             1.19987 -1.63378 -1.66769  3.22757  0.0034135 0.00681565 -0.0115773 0 0 0 0.05512 0.02226 -0.0297   0.104841  0.0699917 -0.0248909  0.117695 0.0674169 -0.247887  -0.188741 -0.0316624 -0.0811489   0.701493 -0.0337402   -9.78383 
             1.30095 -1.97589 -1.27738  2.78674 0.000632999   0.0129069  -0.0295815 0 0 0 0.05512 0.02226 -0.0297    0.09963    0.11216 -0.0817606  0.117629 0.0655702 -0.242186   -0.16225 -0.0336763 -0.0248514   0.672722 -0.0360764   -9.78584 
             1.40097 -1.60268 -1.48977  2.63991 -0.0188125 0.00805857 -0.0343662 0 0 0 0.05512 0.02226 -0.0297 -0.00246853     0.14157   0.0265279  0.115838 0.0655553 -0.238137   -0.100926 -0.00413803  -0.0202773    0.61733 -0.0706175    -9.7893 
             1.50083  -1.45507 -0.771019   2.60579  0.0521985  0.0103402 -0.0180999 0 0 0 0.05512 0.02226 -0.0297  0.268639 0.0781911  0.134791  0.114102 0.0608156 -0.233039  -0.181184  0.0307153 -0.0813432   0.700163 -0.0931613   -9.78354 
             1.60015  -1.7236 -1.32889  4.50627  0.00388705  -0.0292022 -0.00686996 0 0 0 0.05512 0.02226 -0.0297 0.0415624  -0.10403 0.0868132  0.112299 0.0629304 -0.229668 -0.0782834  0.0850204 -0.0872435   0.60779 -0.154442  -9.78893 
             1.70094 -1.64107 -1.69176  4.58199 0.00774951 -0.0313712 -0.0265097 0 0 0 0.05512 0.02226 -0.0297 0.0737856 -0.127615 0.0889357  0.110153 0.0615358 -0.226259 -0.0853235    0.08139 -0.0180486  0.609972 -0.151821  -9.78884 
             1.79967 -1.50743 -1.25925  4.22718  0.0340879 -0.0207985 -0.0319379 0 0 0 0.05512 0.02226 -0.0297  0.0666958 -0.0750558  -0.025876   0.10879 0.0614572 -0.224881  -0.101229  0.0541245 -0.0274944  0.621513 -0.123549  -9.78851 
              1.8999 -1.78482 -1.42198  4.27186  0.0615194 -0.0386102 -0.0016406 0 0 0 0.05512 0.02226 -0.0297     0.140767 -0.000152832     0.141987  0.108193 0.0612751 -0.221689  -0.117449  0.0690486 -0.0750455   0.64078 -0.134326  -9.78713 
             2.00075 -1.95511  -0.6193  4.29133   0.117862 0.00737496 -0.0275482 0 0 0 0.05512 0.02226 -0.0297  0.233271  0.193476 -0.141513  0.109202 0.0598303 -0.217998  -0.157813  0.0346724 -0.0151462   0.670992 -0.0952669   -9.78556 
             2.10076  -1.30032 -0.888282   4.41483   0.122073  0.0329625 -0.0283728 0 0 0 0.05512 0.02226 -0.0297  0.141273  0.221811 0.0780951   0.10513 0.0566897 -0.213183 -0.141139 0.0262536 -0.037264   0.654479 -0.0904321   -9.78672 
             2.19983  -1.25243 -0.956245   4.75637    0.127052   0.0230134 0.000533859 0 0 0 0.05512 0.02226 -0.0297 0.151136 0.105265 0.150371  0.103943 0.0557752 -0.210284  -0.129285  0.0526683 -0.0828056  0.651042 -0.116638  -9.78668 
             2.29935 -1.26998 -1.30885  4.56521  0.151416 0.0118167 0.0100504 0 0 0 0.05512 0.02226 -0.0297   0.215997  0.0671842 -0.0156708  0.102933 0.0545947 -0.208142  -0.125069  0.0760919 -0.0734905   0.65187 -0.139468  -9.78632 
             2.39983 -1.54327 -1.63944  4.76623    0.148323  0.00538058 -0.00957932 0 0 0 0.05512 0.02226 -0.0297     0.14358 -0.00711917  -0.0632286  0.102076  0.054982 -0.206532  -0.110257  0.0827469 -0.0395403  0.637767 -0.148956  -9.78711 
             2.49983 -1.43655 -1.55334  3.60905    0.157119  -0.0101904 -0.00677406 0 0 0 0.05512 0.02226 -0.0297    0.112752 -0.00850006    0.202549  0.101015 0.0555064 -0.201845 -0.0982123  0.0901188 -0.0405445  0.628093 -0.158289  -9.78759 
             2.60332  -1.65794 -0.886114   4.41115   0.184241  -0.019879 -0.0219053 0 0 0 0.05512 0.02226 -0.0297  0.102442 0.0251019 -0.180336  0.101399 0.0542162  -0.19938  -0.111105   0.101075 -0.0117696   0.64066 -0.166088  -9.78665 
             2.70086  -1.1093 -1.17418  4.63467   0.185052 -0.0065189 -0.0272394 0 0 0 0.05512 0.02226 -0.0297  0.041165 0.0533846 0.0482857 0.0983653   0.05196 -0.195852  -0.105681  0.0923276 -0.0188702  0.634603 -0.158867  -9.78716 
              2.8009  -1.4035 -1.13978  4.99713   0.229022  0.0121071 0.00993866 0 0 0 0.05512 0.02226 -0.0297  0.245163 0.0797325  0.226091 0.0970564 0.0513971 -0.193039  -0.131779   0.085498 -0.0604778 0.659694 -0.14935 -9.78565 
             2.90119 -1.58889 -1.20911  4.85283 0.246965 0.015681 0.030493 0 0 0 0.05512 0.02226 -0.0297   0.256365  0.0776157 -0.0349013 0.0955612 0.0504165 -0.190916  -0.124279   0.089238 -0.0815395  0.654518 -0.154812  -9.78591 
             3.00092 -1.87039 -1.40683  4.87693 0.264392 0.018022  0.01027 0 0 0 0.05512 0.02226 -0.0297  0.218522 0.0352104 0.0378509 0.0958523 0.0505837 -0.188945  -0.119405  0.0906986 -0.0434744  0.648512 -0.156736  -9.78628 
             3.10073  -1.5277 -1.41709  4.56245    0.266733   0.0115442 -0.00404215 0 0 0 0.05512 0.02226 -0.0297   0.214182  0.0104291 -0.0516915  0.095756 0.0514402 -0.185529  -0.111684  0.0963907 -0.0194835  0.641485 -0.163642  -9.78663 
             3.20084  -1.51655 -0.721115   4.12906   0.285587 0.00441012 -0.0164734 0 0 0 0.05512 0.02226 -0.0297  0.208169 0.0426552 -0.057697 0.0963825  0.049838 -0.182993 -0.116921  0.106404 0.0062421  0.647228 -0.171648  -9.78612 
             3.29974 -0.479508 -0.393728   3.62117    0.272421 -0.00472468  -0.0175282 0 0 0 0.05512 0.02226 -0.0297 0.00236225  0.0355996 -0.0442615 0.0929748 0.0474068 -0.179603 -0.0914364   0.115163 -0.0163647  0.626957 -0.185297  -9.78719 
             3.40069 -0.858419 -0.650675   4.45131    0.325368 -0.00254735   0.0280401 0 0 0 0.05512 0.02226 -0.0297   0.249867 -0.0482178   0.240779 0.0910176 0.0467065 -0.177336  -0.114111    0.11557 -0.0553046  0.651438 -0.183081  -9.78563 
             3.50085 -1.86427 -1.07884  5.12525    0.318802   -0.015249 0.000562852 0 0 0 0.05512 0.02226 -0.0297   0.220543  -0.089989 -0.0334339 0.0905715 0.0464133 -0.175954  -0.105906   0.123053 -0.0135406  0.640496 -0.189163  -9.78624 
             3.59956 -1.75985 -1.52294  4.70488   0.336854 -0.0231086 0.00964813 0 0 0 0.05512 0.02226 -0.0297  0.147042 -0.101306 0.0546796 0.0901643 0.0466506 -0.174973  -0.097268   0.115781 -0.0295279  0.632864 -0.184601  -9.78682 
             3.69953 -1.57528 -1.15467   4.2195   0.358799 -0.0213997  0.0201086 0 0 0 0.05512 0.02226 -0.0297      0.13892 -0.000599262     0.132729 0.0903568 0.0472454 -0.173197  -0.101756   0.112821 -0.0276675  0.636389 -0.180974  -9.78666 
             3.80072 -1.63433 -1.44664  3.72088    0.385896 -0.00463796 -0.00101626 0 0 0 0.05512 0.02226 -0.0297  0.150851  0.082084 -0.122423 0.0901141 0.0461242 -0.170636   -0.110433    0.106727 -0.00574471  0.642331 -0.173405  -9.78641 
             3.90125 -0.997523 -0.707302   3.00921   0.391835 -0.0033585   0.014977 0 0 0 0.05512 0.02226 -0.0297 0.0975566 0.0788195  0.147504 0.0880484  0.044527 -0.168534   -0.10687   0.109416 -0.0230519  0.640035 -0.176559   -9.7865 
             4.00065 -1.07205 -0.92038  2.50718     0.42136 -0.00704778   0.0253199 0 0 0 0.05512 0.02226 -0.0297  0.213503 0.0467436 0.0192731 0.0876906 0.0442231 -0.166408  -0.112036   0.114182 -0.0173609  0.644733 -0.180874  -9.78612 
             4.10044 -1.39889 -1.58094  1.80736   0.426752 -0.0146618   0.021003 0 0 0 0.05512 0.02226 -0.0297   0.166368 -0.0039061 -0.0723483 0.0866558  0.043545  -0.16553  -0.108108   0.119991 -0.0116673   0.64007 -0.185769  -9.78633 
             4.20005 -1.34519 -1.55984  0.84897   0.449247 -0.0179974   0.018057 0 0 0 0.05512 0.02226 -0.0297    0.17254 -0.0449357  0.0427513 0.0866267 0.0433822 -0.163248   -0.109684      0.1195 -0.00968412 0.641528 -0.18558 -9.78624 
             4.29965   -1.15579    -1.3174 -0.0590525   0.457699 -0.0206967  0.0170113 0 0 0 0.05512 0.02226 -0.0297   0.191363 -0.0113255 -0.0111893  0.086501   0.04384 -0.160837 -0.110505  0.119908 -0.007413  0.641994 -0.186146   -9.7862 
             4.40055  -0.7477 -1.04736 -0.97808   0.491523 -0.0265445  0.0192285 0 0 0 0.05512 0.02226 -0.0297   0.124582  0.0242708 -0.0596659 0.0859383 0.0431518 -0.158502   -0.116927    0.123731 -0.00566855 0.645416 -0.19217 -9.78586 
             4.50059 -0.659648  -1.35347  -1.22775   0.492896 -0.0356092 0.00329847 0 0 0 0.05512 0.02226 -0.0297    0.10709 -0.0217504 -0.0568209 0.0841775 0.0416942  -0.15632  -0.11794  0.129773 0.0104792  0.641829 -0.195992  -9.78602 
             4.59973 -0.624065  -1.45093  -2.05563  0.509986 -0.048984 0.0227814 0 0 0 0.05512 0.02226 -0.0297   0.181072 -0.0877128  0.0376042 0.0839817 0.0415376  -0.15469    -0.117115     0.132007 -0.000802102  0.639881 -0.197618  -9.78611 
              4.6997 -0.842403  -2.08113   -2.4599   0.530117 -0.0288225  0.0168401 0 0 0 0.05512 0.02226 -0.0297   0.209951 0.00395362 -0.0879023   0.08303 0.0401311 -0.153827    -0.110465     0.120622 -0.000142211  0.645765 -0.186373  -9.78595 
             4.80051 -0.905672  -1.87452  -3.15537   0.528096 -0.0395815  0.0280637 0 0 0 0.05512 0.02226 -0.0297    0.14353 -0.0798392 0.00698254 0.0822594 0.0412229 -0.152425  -0.110508   0.128628 -0.0146136  0.637999 -0.190477  -9.78638 
             4.90065 -1.22015 -2.39672 -4.42894   0.573722 -0.0537502  0.0191638 0 0 0 0.05512 0.02226 -0.0297   0.130168 -0.0146992  0.0203368 0.0830181 0.0426851 -0.149756   -0.11769   0.124247 0.00823926  0.645809 -0.194098  -9.78579 
             5.00047 -0.173202 -0.824942  -4.78562   0.581415 -0.0623541   0.043207 0 0 0 0.05512 0.02226 -0.0297 0.0846629 0.0161493 0.0405937 0.0816305  0.039492 -0.147785  -0.118815    0.12995 -0.0138817  0.639437 -0.197139  -9.78615 
             5.10017 -0.175753  -1.07075  -5.03625   0.588427 -0.0630267  0.0154745 0 0 0 0.05512 0.02226 -0.0297   0.121274  0.0309403 -0.0733564 0.0798743 0.0387515 -0.145722   -0.1218  0.127909 0.0153894  0.643333 -0.198451  -9.78587 
             5.20165 0.0421723  0.569416  -7.17645   0.605986 -0.0804045 0.00609763 0 0 0 0.05512 0.02226 -0.0297   0.194206 -0.0802521 -0.0571289 0.0795121 0.0363956 -0.142731 -0.127969  0.134399 0.0201763   0.63789 -0.204739   -9.7861 
             5.30089 -0.581436  -1.65224  -5.78217   0.650202 -0.0675744   0.021004 0 0 0 0.05512 0.02226 -0.0297   0.218647 -0.0684981   0.010585 0.0788417  0.039558 -0.143393  -0.118901   0.119528 0.00626097  0.652586 -0.198275  -9.78526 
             5.40034 -1.16926  -1.2403 -5.38734   0.671686 -0.0800897  0.0471099 0 0 0 0.05512 0.02226 -0.0297    0.2622 -0.108441 0.0932777 0.0788254 0.0395449 -0.142137   -0.119202    0.120455 -0.00631647   0.65178 -0.200118  -9.78528 
             5.50044 -0.477124  -1.02254   -5.5718   0.703264 -0.0951075  0.0293561 0 0 0 0.05512 0.02226 -0.0297   0.203531  -0.033246 0.00845032 0.0797545 0.0397184 -0.140223 -0.128017  0.121066 0.0179598  0.650173 -0.205898  -9.78526 
             5.60035 0.0490567  -0.50912  -5.31317   0.695536 -0.0781386  0.0496671 0 0 0 0.05512 0.02226 -0.0297 0.0684712 0.0707103 0.0805903  0.077672 0.0377273 -0.138275    -0.110457     0.124057 -0.000838621  0.648286 -0.190908  -9.78569 
             5.70048  0.140018 -0.941844  -5.02774   0.716257 -0.0563591   0.055393 0 0 0 0.05512 0.02226 -0.0297  0.12279 0.109848  0.13936 0.0760434 0.0369142 -0.136344  -0.108899   0.110876 0.00586465  0.661139 -0.189009  -9.78487 
             5.80052 -0.237488  -1.43995  -4.96427   0.744026 -0.0531196  0.0801133 0 0 0 0.05512 0.02226 -0.0297  0.289345 0.0609575  0.101017 0.0760427 0.0366897 -0.134996   -0.112968    0.112003 0.000721098  0.659972 -0.193586  -9.78486 
              5.9004 -0.748195  -1.83027  -4.77336   0.748442 -0.0793216   0.037941 0 0 0 0.05512 0.02226 -0.0297   0.146641  -0.114447 -0.0775739 0.0750391 0.0363094 -0.135086 -0.117173  0.130761 0.0269421  0.643097 -0.194702  -9.78596 
             6.00059 -0.805311  -1.75707  -5.14318   0.742829 -0.0853287  0.0236603 0 0 0 0.05512 0.02226 -0.0297  0.0964823  -0.141859 -0.0926943 0.0749837 0.0374859 -0.133495 -0.115569  0.136891 0.0379577  0.63767 -0.19227 -9.78636 
             6.10032 -1.48628 -1.23868 -6.34856   0.757686 -0.0849841  0.0601642 0 0 0 0.05512 0.02226 -0.0297 0.0277848 0.0833538 0.0284166 0.0768806 0.0365197 -0.130851 -0.109073  0.134338 0.0143732  0.638796 -0.188025  -9.78637 
              6.2003  0.370895 -0.749601  -5.41709   0.760205 -0.0722259  0.0484769 0 0 0 0.05512 0.02226 -0.0297  -0.00836871    0.0658424 -0.000504956 0.0749963 0.0354512 -0.128919 -0.106401  0.131639 0.0193379  0.641578 -0.185174  -9.78624 
              6.3004   0.55435 -0.956889  -5.12025   0.795838 -0.0998418  0.0415992 0 0 0 0.05512 0.02226 -0.0297   0.164764 -0.0887418 -0.0184185 0.0730735 0.0340902 -0.127568 -0.125189  0.130183 0.0267331  0.642705 -0.202529  -9.78583 
              6.4003 -0.184683  -1.78299  -4.71945  0.840084 -0.123796 0.0391951 0 0 0 0.05512 0.02226 -0.0297   0.343261  -0.146572 -0.0560989 0.0733482 0.0338048 -0.126624 -0.135793  0.127341 0.0292657  0.645562 -0.212341  -9.78543 
             6.50039 -0.413987  -1.98488  -4.66298  0.857066 -0.125304 0.0457558 0 0 0 0.05512 0.02226 -0.0297    0.271133   -0.158466 -0.00121238 0.0727313 0.0339573 -0.126434 -0.127998  0.125997 0.0188028  0.645794 -0.206367  -9.78554 
             6.60038 -0.777222  -1.71037  -4.89146  0.855186  -0.11005 0.0585161 0 0 0 0.05512 0.02226 -0.0297   0.219057 -0.0887264   0.117469 0.0723048 0.0344109 -0.125129  -0.115572   0.120741 0.00915505  0.649531 -0.195514  -9.78552 
             6.70022 -1.70942 -1.47299 -5.80087  0.892151 -0.112073 0.0446248 0 0 0 0.05512 0.02226 -0.0297     0.178496    0.0559287 -0.000657841 0.0745498 0.0342633 -0.123197 -0.114006  0.121151 0.0271161  0.650658 -0.192045  -9.78551 
             6.80029 -0.116085 -0.509221  -5.18428   0.904173 -0.0932815  0.0481829 0 0 0 0.05512 0.02226 -0.0297  0.123366  0.125845 0.0185598  0.072437 0.0326188 -0.121418 -0.108454   0.11814 0.0221319  0.653293 -0.187007  -9.78543 
             6.90002 -0.154541  -1.01866  -4.81934    0.93313 -0.0994206  0.0704232 0 0 0 0.05512 0.02226 -0.0297   0.223497 0.00981204  0.0654357 0.0708526 0.0322018 -0.120094 -0.116098  0.119548 0.0167462  0.652047 -0.194692  -9.78537 
             7.00035 -0.783897  -1.66479  -4.39314   0.94777 -0.119271 0.0611687 0 0 0 0.05512 0.02226 -0.0297  0.224933 -0.076612 -0.100529 0.0706433 0.0319973 -0.119383 -0.117971  0.128276 0.0251091  0.643718 -0.196161  -9.78589 
             7.10022 -0.96431 -1.88814 -4.23253  0.948313 -0.131194 0.0460171 0 0 0 0.05512 0.02226 -0.0297   0.131443  -0.183672 -0.0511569 0.0701928 0.0321337 -0.118786  -0.11232  0.133221 0.0272613  0.638511 -0.191053  -9.78633 
             7.20025 -0.941864  -1.40643    -4.443  0.949793 -0.132607 0.0813717 0 0 0 0.05512 0.02226 -0.0297    0.10505 -0.0830523   0.315071 0.0703345 0.0326437 -0.117484  -0.104338   0.132135 0.00659271 0.638263 -0.18477 -9.78647 
             7.30048 -0.789652 -0.996447  -4.26907  0.968174 -0.149439 0.0715723 0 0 0 0.05512 0.02226 -0.0297  0.0346623 -0.0165673   -0.10581 0.0708327 0.0324848 -0.116184 -0.111549   0.13304 0.0180461  0.638723 -0.190895  -9.78632 
             7.40014 -0.520705 -0.841058  -3.92437  0.984105 -0.143641 0.0502417 0 0 0 0.05512 0.02226 -0.0297   0.0599794  -0.0137597 -0.00569641 0.0692829 0.0310067 -0.114511 -0.112932  0.127927 0.0266602  0.643904 -0.190371  -9.78599 
             7.50014 -0.0849311   -1.01531   -3.65397   1.02323 -0.136668 0.0500087 0 0 0 0.05512 0.02226 -0.0297   0.243498 -0.0156971 -0.0552559  0.068003 0.0304826 -0.113417 -0.119949  0.117826 0.0279562  0.654832 -0.194239  -9.78519 
             7.60024 -0.459926  -1.72477   -3.4846   1.06768 -0.130053 0.0650193 0 0 0 0.05512 0.02226 -0.0297   0.398751 -0.0220801  -0.174326 0.0679549 0.0301642  -0.11308 -0.118863  0.113543 0.0171978  0.658276 -0.193356  -9.78498 
             7.70014 -1.06169 -1.50247 -3.57846    1.0647 -0.130048 0.0633373 0 0 0 0.05512 0.02226 -0.0297   0.232471 -0.0755819 -0.0171027 0.0674197 0.0300308 -0.113016 -0.110407  0.117914  0.013545  0.651807 -0.187503  -9.78552 
             7.80013 -1.09924 -1.75803 -4.27261   1.07829 -0.149392 0.0562592 0 0 0 0.05512 0.02226 -0.0297   0.160945 -0.0409718   0.134418 0.0675811 0.0314934 -0.111762 -0.107325  0.123839 0.0194661  0.645742 -0.185863  -9.78596 
             7.90003 -0.584119  -1.80603  -4.28885   1.06753 -0.118115  0.121991 0 0 0 0.05512 0.02226 -0.0297 -0.0104914   0.133998   0.121856 0.0685321 0.0313663 -0.109934 -0.0957558   0.119493 -0.0120436  0.646207 -0.176933  -9.78609 
             8.00029 0.0325374 -0.854217  -4.32664   1.09109 -0.138752 0.0816252 0 0 0 0.05512 0.02226 -0.0297  0.0494291 0.00850038  0.0784498 0.0665957 0.0298726 -0.108325 -0.108751   0.12445 0.0150104  0.645755 -0.186766  -9.78594 
             8.10058 -0.0262675  -0.692462    -3.8473   1.12735 -0.179867 0.0722461 0 0 0 0.05512 0.02226 -0.0297  0.248594 -0.240841  0.120759 0.0657444 0.0288362 -0.107431 -0.123291  0.129035 0.0226604  0.645241 -0.200024  -9.78571 
             8.20017 -0.646182 -0.966988  -3.82632     1.159 -0.190973 0.0700625 0 0 0 0.05512 0.02226 -0.0297   0.30355 -0.218626 -0.182256 0.0654131 0.0287691 -0.107181 -0.120399  0.124868 0.0218018  0.648334 -0.196552  -9.78558 
             8.30017 -1.06467 -1.22543 -3.55485   1.19355 -0.182113 0.0667254 0 0 0 0.05512 0.02226 -0.0297   0.335557  -0.158125 -0.0326856 0.0649811 0.0291619 -0.106839 -0.115585  0.115838 0.0204771  0.655443 -0.190322  -9.78523 
             8.40005 -0.659229 -0.915269  -3.91301   1.21955 -0.180228 0.0521156 0 0 0 0.05512 0.02226 -0.0297    0.327305 -0.00433541    0.127617 0.0654897 0.0296534 -0.105006 -0.112059  0.113659 0.0269951  0.656388 -0.185773  -9.78525 
                 8.5 -0.951026 -0.960772  -3.73968   1.25079  -0.14543 0.0695291 0 0 0 0.05512 0.02226 -0.0297   0.198941   0.176624 -0.0840986 0.0660937 0.0295756 -0.103826 -0.107332  0.105579 0.0179855  0.662693 -0.180533  -9.78492 
             8.60028 -0.147706 -0.752374  -3.21876    1.2264 -0.115363  0.108412 0 0 0 0.05512 0.02226 -0.0297 0.0193982  0.182382  0.240243 0.0641548 0.0286754 -0.102775 -0.0935669   0.109467 0.00119264  0.656349 -0.172557  -9.78549 
             8.70077 -0.449194 -0.867241  -2.69296   1.24182 -0.147974  0.111027 0 0 0 0.05512 0.02226 -0.0297    0.142949 -0.00669767    0.114713 0.0637573  0.028192 -0.102096  -0.102891   0.118778 0.00845244   0.65142 -0.182882  -9.78564 
             8.79996  -1.0823 -1.50018 -2.48505   1.24901 -0.166284 0.0801791 0 0 0 0.05512 0.02226 -0.0297   0.184964 -0.0962748 -0.0998409  0.063615 0.0278403 -0.102064 -0.107597  0.123941 0.0242326  0.648238 -0.186512  -9.78578 
             8.90027 -1.11018 -1.54843 -2.77603   1.27501 -0.183334 0.0631565 0 0 0 0.05512 0.02226 -0.0297   0.185169  -0.155166 -0.0579087 0.0636541 0.0285348 -0.101365 -0.106473  0.122863 0.0238974  0.648509 -0.185155  -9.78579 
             9.00004 -0.711755  -1.18946  -2.48842   1.29081 -0.172908  0.101997 0 0 0 0.05512 0.02226 -0.0297    0.1107 0.0323119 0.0767122 0.0641054 0.0289319 -0.100321   -0.10364    0.11869 0.00986386  0.650497 -0.181889  -9.78572 
             9.09993 -0.732977  -1.16189  -2.36147   1.32413 -0.166609 0.0889997 0 0 0 0.05512 0.02226 -0.0297   0.160998  0.0601578 -0.0707751  0.0640596  0.0283503 -0.0989445 -0.109492  0.116114 0.0165336  0.655534 -0.183697  -9.78535 
             9.20002 -0.503965 -0.904949   -2.1206   1.33761 -0.163598  0.115482 0 0 0 0.05512 0.02226 -0.0297    0.141088 -0.00889225    0.194262  0.0623436  0.0271633 -0.0976753  -0.108561   0.115876 0.00765023  0.655537 -0.183788  -9.78534 
             9.30057 -0.900702 -0.997177  -1.63859   1.35819 -0.166193  0.129845 0 0 0 0.05512 0.02226 -0.0297   0.193483 -0.0356313   0.218356 0.0621399 0.0270895 -0.097193  -0.110362   0.115625 0.00905202 0.656841 -0.18449 -9.78524 
              9.4006 -1.24726 -1.21268 -1.51886   1.37243 -0.172178  0.113132 0 0 0 0.05512 0.02226 -0.0297   0.170938 -0.0320029 -0.0495848  0.0618446  0.0269575 -0.0969975 -0.110026  0.116972 0.0187339     0.655 -0.184414  -9.78537 
             9.50074 -1.61133 -1.25885 -1.53991   1.36661 -0.158587  0.101258 0 0 0 0.05512 0.02226 -0.0297   0.115426  0.0226311 -0.0585359  0.0620715  0.0273292 -0.0956862 -0.106531  0.113606 0.0238043  0.653159 -0.179904  -9.78558 
             9.59977 -1.25843 -1.60463 -2.23426   1.36848 -0.164081  0.105882 0 0 0 0.05512 0.02226 -0.0297  0.0204422  0.0678074 -0.0185008  0.0614031  0.0278774 -0.0941237 -0.103511  0.115815 0.0229675  0.649971 -0.180511  -9.78578 
                 9.7 -0.974911  -1.13604 -0.290937   1.35822 -0.162571 0.0745638 0 0 0 0.05512 0.02226 -0.0297 -0.079731  0.102639 -0.133099  0.0620256  0.0271932 -0.0929981 -0.102575  0.118074 0.0306705   0.64769 -0.181743  -9.78591 
             9.80002 -0.881223 -0.918808   1.29411   1.39367 -0.193807 0.0779722 0 0 0 0.05512 0.02226 -0.0297  0.0711649 -0.0647524  0.0108329  0.0602689  0.0260791 -0.0918621  -0.11111  0.124765 0.0291684  0.654543 -0.188668  -9.78532 
             9.90086 -1.65753 -1.18942  2.88217   1.43732 -0.252201   0.10063 0 0 0 0.05512 0.02226 -0.0297 0.243321 -0.24954 0.017534  0.0599697  0.0259999 -0.0911624 -0.114973  0.134685  0.023343  0.661721 -0.195628   -9.7847 
             9.99991 -1.92907 -1.23416  4.44842   1.47582 -0.203112 0.0996218 0 0 0 0.05512 0.02226 -0.0297   0.297652 -0.0214891  0.0081625  0.0599393  0.0255206 -0.0907993 -0.125147   0.12331 0.0227683  0.657304 -0.182363  -9.78525 
             10.0999 -2.57424  -1.1823  5.86805     1.505 -0.154461    0.1151 0 0 0 0.05512 0.02226 -0.0297  0.329853  0.180073 0.0532951  0.0605861  0.0254339 -0.0899935 -0.133438  0.114952 0.0184966  0.650098 -0.173845  -9.78589 
             10.1999 -2.46865 -1.06819  7.12244   1.49088 -0.149632 0.0939114 0 0 0 0.05512 0.02226 -0.0297  0.242525  0.188119 -0.046785  0.0609403  0.0257885 -0.0891271 -0.129601  0.106834 0.0275758 0.643932 -0.18017 -9.78618 
             10.2998  -2.38254 -0.903639   6.54259    1.48992 -0.0952621   0.089849 0 0 0 0.05512 0.02226 -0.0297  0.0294005    0.34618 -0.0917537  0.0609084  0.0256002 -0.0876684 -0.124837 0.0985905 0.0253793  0.637951 -0.187004  -9.78645 
             10.3998  -2.29567 -0.771965   10.5393   1.48306 -0.108647  0.104908 0 0 0 0.05512 0.02226 -0.0297 -0.00893782    0.197462   0.0309412  0.0592913  0.0250399 -0.0873671   -0.1097  0.102626 0.0198869   0.64885 -0.196287  -9.78555 
             10.4997 -2.49046  -1.1173  11.8129   1.47224 -0.113763  0.114138 0 0 0 0.05512 0.02226 -0.0297 0.0166763 0.0778438  0.203259  0.0588866  0.0252929 -0.0868629 -0.0985295    0.10117   0.018281  0.654931 -0.205133  -9.78496 
             10.5997   -2.7441 -0.436351   13.2835   1.49786 -0.110405  0.113008 0 0 0 0.05512 0.02226 -0.0297    0.13233  0.0625003 -0.0474369  0.0579848  0.0241018 -0.0869064 -0.0999929   0.113485  0.0215685  0.661934 -0.195119  -9.78469 
             10.7002 -3.35153 -1.07555   13.969    1.52387 -0.0927984   0.113606 0 0 0 0.05512 0.02226 -0.0297    0.176404    0.090006 -0.00716195  0.0584465  0.0244679 -0.0856775 -0.104397  0.115072 0.0211457  0.659294 -0.191322  -9.78495 
             10.7998  -3.32596 -0.832732   17.1643   1.52371 -0.161538  0.109261 0 0 0 0.05512 0.02226 -0.0297   0.071127 -0.0952214 -0.0201112 0.0590124 0.0250749 -0.085096 -0.052892  0.114952 0.0266162  0.703234 -0.217298  -9.78135 
             10.8997  -3.21784 -0.295936   18.7975   1.53638 -0.143777 0.0995932 0 0 0 0.05512 0.02226 -0.0297  0.0663384  0.0105237 -0.0428291  0.0581248  0.0242129 -0.0841973 -0.0715068    0.11691  0.0264166   0.68776 -0.207342  -9.78266 
             10.9997   -3.1512 -0.425673   20.5581   1.5581 -0.10385  0.10362 0 0 0 0.05512 0.02226 -0.0297  0.135822  0.151654 0.0258871   0.057691  0.0242996 -0.0837496  -0.10173  0.126748 0.0245317   0.66436 -0.186306   -9.7847 
             11.0998  -3.63047 -0.435336   22.0014    1.58018 -0.0550632   0.123419 0 0 0 0.05512 0.02226 -0.0297 0.179024 0.279703 0.052585  0.0568071  0.0242432 -0.0827099 -0.128845  0.129191 0.0184227   0.63999 -0.174004  -9.78655 
             11.2003  -3.87867 -0.175633   23.7271    1.58327 -0.0252319   0.115387 0 0 0 0.05512 0.02226 -0.0297  0.123022  0.243923 0.0752613  0.0564822   0.023808 -0.0824966  -0.13326  0.114025 0.0203443  0.630958 -0.186748   -9.7869 
             11.2999   -4.16904 -0.0340937    25.1145  1.58021   -0.019 0.106233 0 0 0 0.05512 0.02226 -0.0297  0.104662  0.189627 0.0669048  0.0568655  0.0240239 -0.0814017 -0.114122 0.0958516 0.0249962   0.64365 -0.209897  -9.78561 
             11.3997 -4.50749 0.368443   26.936     1.5614 -0.0153099   0.120391 0 0 0 0.05512 0.02226 -0.0297 -0.0722544   0.193396  0.0306754  0.0570807  0.0239495 -0.0807964 -0.100784 0.0697276 0.0218164  0.648489 -0.238493  -9.78463 
             11.5002 -3.88643 0.415506  28.0247     1.56485 -0.00856299    0.113193 0 0 0 0.05512 0.02226 -0.0297 -0.0846241   0.209038 -0.0275526  0.0563494  0.0231494 -0.0802436 -0.0852061  0.0807166  0.0240464  0.666428 -0.232223  -9.78358 
             11.5997 -3.77678 0.555565  29.8256    1.59835 0.00968839   0.108813 0 0 0 0.05512 0.02226 -0.0297  0.125089  0.164338 0.0841055  0.0560813  0.0231753 -0.0800277 -0.0712174   0.121943  0.0289233 0.690573  -0.1962 -9.78269 
             11.6998  -4.6759 0.972348  32.3801   1.61377 0.0057245  0.133066 0 0 0 0.05512 0.02226 -0.0297  0.134536 0.0535709 0.0270136   0.055282  0.0233563 -0.0796975 -0.0531098   0.123086  0.0255641  0.707972 -0.199257  -9.78139 
             11.7999 -5.01229  1.07496  33.8752    1.63459 0.00160682   0.119781 0 0 0 0.05512 0.02226 -0.0297  0.182499 0.0102601  0.069244  0.0554859  0.0222315 -0.0794804 -0.0440768    0.12699  0.0305714 0.717907 -0.19757  -9.7807 
             11.8997 -4.92135  1.23278  35.1188   1.66634 0.0268447  0.104244 0 0 0 0.05512 0.02226 -0.0297  0.255963  0.152178 0.0356138  0.0558432   0.022172 -0.0787057 -0.0666067   0.144734  0.0349787  0.700044 -0.175977  -9.78241 
                  12 -5.10758  1.57824   36.638   1.66812 0.0570154  0.106441 0 0 0 0.05512 0.02226 -0.0297   0.152604   0.207213 -0.0599992  0.0559211  0.0223213 -0.0779368 -0.0904304   0.126016  0.0328817  0.673212 -0.189661  -9.78403 
             12.0999 -4.54227  1.48057  37.9834  1.66189 0.077137 0.098627 0 0 0 0.05512 0.02226 -0.0297 0.0664897  0.207536 0.0345966  0.0548409  0.0217547 -0.0772218 -0.0912293  0.0976805  0.0311122    0.6672 -0.217151  -9.78387 
             12.1999 -4.7888 1.47366  39.805   1.64592 0.0759943  0.125475 0 0 0 0.05512 0.02226 -0.0297 0.0450415  0.138208  0.248631  0.0542622  0.0220465 -0.0772762 -0.0716765  0.0611587    0.02405  0.679553 -0.255916  -9.78209 
             12.3035 -4.90038   1.7482  40.3984   1.64644 0.0696115  0.127889 0 0 0 0.05512 0.02226 -0.0297  0.047792 0.0343117 0.0533832 0.0535259 0.0221774 -0.077557 -0.0566253  0.0520906  0.0275108  0.693125 -0.267231  -9.78083 
                12.4 -5.44562   1.6489  40.3667   1.64136 0.0625562  0.126468 0 0 0 0.05512 0.02226 -0.0297 0.0210936 -0.022132 0.0558341  0.0541454  0.0214068 -0.0775038 -0.0484232   0.034868  0.0286081  0.698641 -0.285398  -9.77992 
             12.5002 -5.32986  1.61116  41.0204   1.66123 0.0630823  0.123223 0 0 0 0.05512 0.02226 -0.0297  0.055487 0.0631864 0.0448422  0.0543395  0.0214506 -0.0766331 -0.0426399  0.0568027  0.0305789  0.707605 -0.264688  -9.77986 
             12.6002 -5.4104 1.71789 41.3256   1.66587 0.0818839   0.10811 0 0 0 0.05512 0.02226 -0.0297  0.0617554   0.156036 -0.0182235  0.054381 0.0215986 -0.076053 -0.0713658  0.0693191  0.0355764   0.68168 -0.248487  -9.78213 
             12.6998 -4.74619   2.9009  40.5788   1.70574  0.110475 0.0763575 0 0 0 0.05512 0.02226 -0.0297  0.146653  0.207233 -0.109344  0.0536244  0.0194197 -0.0749343 -0.0630594  0.0937678  0.0364783  0.693349 -0.225624  -9.78186 
             12.7998 -5.15115  1.85742  42.3199  1.70912 0.130819 0.126657 0 0 0 0.05512 0.02226 -0.0297 0.136089 0.218461 0.229126   0.053242  0.0208688 -0.0751913 -0.0605413  0.0869421  0.0218457   0.69365 -0.232124  -9.78169 
             12.9001 -5.12163  1.86797  42.3905  1.71379 0.134942 0.127971 0 0 0 0.05512 0.02226 -0.0297  0.0947079   0.105942 -0.0343212  0.0525052  0.0208673 -0.0749923 -0.0526034  0.0733622  0.0243001  0.699731 -0.246676   -9.7809 
             12.9998 -5.63318  1.96938  42.3071  1.71109 0.142431 0.124075 0 0 0 0.05512 0.02226 -0.0297 0.0590495  0.100458 0.0580272  0.0530243  0.0197958 -0.0742013 -0.0551833   0.061981  0.0250843  0.695731 -0.257571   -9.7809 
             13.0996 -5.56625  1.83809  42.3398  1.73132 0.162904 0.121456 0 0 0 0.05512 0.02226 -0.0297 0.0887502  0.187135 0.0574585  0.0530254  0.0201276 -0.0734674 -0.0572902  0.0756645  0.0283711 0.695786 -0.24394 -9.78125 
             13.1995 -5.32601  1.62188  42.9685  1.72209 0.155532 0.126673 0 0 0 0.05512 0.02226 -0.0297 0.0677295  0.115478 0.0200921  0.0527592  0.0197453 -0.0727172 -0.0439656  0.0514052  0.0266585  0.705424 -0.269521  -9.77989 
             13.3002 -5.00216  1.59798  42.8075  1.73407 0.163409 0.111958 0 0 0 0.05512 0.02226 -0.0297 0.0986703   0.12282 -0.126818  0.0524364  0.0200766 -0.0720964 -0.0413109  0.0564369  0.0294206 0.708922 -0.26498 -9.77976 
             13.3996 -5.09101  1.40605  43.3722  1.73735 0.165622  0.12775 0 0 0 0.05512 0.02226 -0.0297  0.122058 0.0569461  0.133244  0.0526619  0.0203974 -0.0720409 -0.0224788  0.0444417  0.0263657  0.725539 -0.279134  -9.77815 
             13.5003 -5.06894  2.14365  44.0701  1.77177 0.171784 0.104793 0 0 0 0.05512 0.02226 -0.0297  0.202559 -0.034721 -0.247076  0.0514452  0.0199986 -0.0717897 -0.0325075  0.0560554  0.0285166  0.717366 -0.266481   -9.7791 
             13.6002 -5.42973  2.06996  44.2164   1.79237  0.173883 0.0892624 0 0 0 0.05512 0.02226 -0.0297    0.226746 -0.00245132   -0.138242 0.0516953 0.0193146 -0.071017 -0.0381854  0.0563947  0.0277699  0.711788 -0.265432  -9.77954 
             13.7001 -5.22402  1.98062  44.2762  1.79758 0.196573 0.086009 0 0 0 0.05512 0.02226 -0.0297   0.159442   0.138498 -0.0533044 0.0517008 0.0192793 -0.070372 -0.0599102  0.0477793   0.023788   0.68913 -0.271209    -9.781 
             13.8012 -5.0086 1.55124  44.822  1.78944 0.209691 0.100238 0 0 0 0.05512 0.02226 -0.0297   0.133866   0.171054 -0.0867575 0.0513194 0.0192775 -0.069755 -0.0755924  0.0377203  0.0168789  0.672017 -0.279115  -9.78197 
             13.9003 -4.86197 0.421245  44.7561   1.79019  0.226232 0.0825157 0 0 0 0.05512 0.02226 -0.0297  -0.023296   0.160755 -0.0529933  0.0510651  0.0207618 -0.0693191 -0.0672185  0.0239808  0.0165513  0.678559 -0.293625   -9.7811 
             13.9996 -5.42528  2.18889  45.6099  1.76994 0.244251 0.123606 0 0 0 0.05512 0.02226 -0.0297 -0.0671521   0.112592   0.121864  0.0499242  0.0197778 -0.0690715 -0.0736852 0.00676364 0.00680457  0.669546 -0.309787  -9.78122 
             14.1002 -5.3917 2.10727  45.748   1.7822 0.240469 0.130954 0 0 0 0.05512 0.02226 -0.0297 -0.036192 0.0659003   0.04692  0.0497672  0.0189707 -0.0684281  -0.058538  0.0198247 0.00757677  0.685941 -0.298604  -9.78043 
             14.1997 -6.11164  2.58351  45.6702  1.80491 0.260547 0.117409 0 0 0 0.05512 0.02226 -0.0297 0.0469162  0.136082 0.0261296  0.0505795  0.0182192 -0.0673138 -0.0589493  0.0436064  0.0142334  0.688675 -0.275106  -9.78093 
             14.3009 -5.88953  1.89096  47.6522  1.79684 0.253109 0.121953 0 0 0 0.05512 0.02226 -0.0297 0.00448408  0.0917741  0.0198541  0.0503898  0.0185827 -0.0662755 -0.0481674  0.0281069  0.0128288  0.697421 -0.291546  -9.77983 
             14.3997 -5.48719  2.21038   48.075  1.82296 0.268103 0.125278 0 0 0 0.05512 0.02226 -0.0297  0.143892  0.135911 0.0229531  0.0495938   0.018239 -0.0654977 -0.0453174  0.0540369  0.0148105   0.70313 -0.266292  -9.78014 
                14.5 -5.54601  1.68996  49.7414  1.83071 0.283279 0.116388 0 0 0 0.05512 0.02226 -0.0297 0.0880045  0.126367 0.0207785  0.0498007  0.0186844 -0.0648816 -0.0444573   0.036933  0.0160099  0.702325 -0.283268  -9.77972 
              14.601 -6.04573  2.47756   53.712  1.82466  0.30671 0.147035 0 0 0 0.05512 0.02226 -0.0297 0.0598277   0.21351  0.142229  0.0489081    0.01886 -0.0643685 -0.0663301  0.0380802 0.00571874  0.680157 -0.280143  -9.78138 
             14.7013 -5.10655  3.04264  53.8802  1.82808  0.33842 0.172542 0 0 0 0.05512 0.02226 -0.0297 0.0338192  0.169975 0.0984174  0.0474537  0.0182132 -0.0641059 -0.0713238  0.0321529 0.00776469  0.674897 -0.285609  -9.78159 
             14.8014 -6.2336 3.10186 57.1443  1.82947 0.358041 0.109498 0 0 0 0.05512 0.02226 -0.0297  0.0180733   0.203192 -0.0864845  0.0488898  0.0176429 -0.0636902 -0.0764363  0.0281799  0.0257115  0.670778 -0.289385  -9.78176 
             14.9014 -5.92157  2.84191  59.7894  1.81592 0.359228 0.121395 0 0 0 0.05512 0.02226 -0.0297  -0.048978     0.1955 -0.0463836  0.0485721  0.0179802 -0.0629055 -0.0780244  0.0117326  0.0207236 0.668121 -0.30558 -9.78145 
             14.9973 -5.83084  2.99716  59.8413   1.8194 0.369171 0.115125 0 0 0 0.05512 0.02226 -0.0297  0.0283684   0.182642 -0.0609846   0.048432  0.0177844 -0.0621238 -0.0653882  0.0112924  0.0230619 0.680712 -0.30654 -9.78055 
              15.101 -5.47658  3.76319  62.8895   1.82204  0.389115 0.0845878 0 0 0 0.05512 0.02226 -0.0297 -0.0285152   0.218877 -0.0678607  0.0481338  0.0169402 -0.0623261 -0.0522061 0.00836956  0.0267255  0.693875 -0.309798  -9.77952 
             15.2009 -6.06929  3.95225  66.5737  1.81821 0.399895 0.110038 0 0 0 0.05512 0.02226 -0.0297 -0.012816  0.102728 0.0534644  0.0475554  0.0180075 -0.0619958  -0.048208 0.00284987  0.0220092  0.697432 -0.315312  -9.77909 
             15.3009 -5.79888  4.40969  68.3834   1.82612  0.392787 0.0908668 0 0 0 0.05512 0.02226 -0.0297  0.0295842  0.0493513 -0.0180468  0.0473632  0.0172664 -0.0618468 -0.0325815 0.00213098  0.0273945 0.713212 -0.31607 -9.77793 
             15.4035 -6.07531  4.43097  70.4576    1.8312  0.415488 0.0919543 0 0 0 0.05512 0.02226 -0.0297  0.046125  0.155788 0.0214377  0.0479825  0.0168573 -0.0611714 -0.0514145   0.022592  0.0264926 0.694375 -0.29596 -9.77991 
             15.5008 -5.81874  4.33415  70.1533  1.82721 0.446166 0.106898 0 0 0 0.05512 0.02226 -0.0297 0.0712902  0.223394 0.0166884  0.0477027  0.0169177 -0.0603425 -0.0526944  0.0133472  0.0232424  0.693003 -0.305134  -9.77973 
             15.5995 -5.57304  4.40131  73.9159  1.81961 0.459722 0.112359 0 0 0 0.05512 0.02226 -0.0297 -0.0852597   0.195523  0.0426188   0.047258  0.0168473 -0.0597663  -0.0489112 0.000750634    0.020619 0.696856 -0.31753 -9.77906 
             15.7009 -5.63511  4.55536  76.1066  1.80076 0.477146 0.115055 0 0 0 0.05512 0.02226 -0.0297  -0.14768  0.236049 0.0697199  0.0470947  0.0169902 -0.0595694  -0.0576819 -0.00733057   0.0205537  0.688457 -0.325836  -9.77938 
             15.8012 -5.72572  4.98691  77.3642   1.7931 0.495189 0.147002 0 0 0 0.05512 0.02226 -0.0297 -0.0881627   0.272381    0.46373  0.0459448   0.017149 -0.0592032  -0.0608618 -0.00532908   0.0139697   0.68484 -0.324017   -9.7797 
             15.9037 -6.82441   6.7534  78.2939  1.77896 0.537693 0.155898 0 0 0 0.05512 0.02226 -0.0297 -0.0844048    0.23818  0.0728005  0.0469315  0.0153895 -0.0593267  -0.0736314 -0.00438599    0.018535  0.672487 -0.323649  -9.78057 
              16.001 -6.61715   5.2783  80.3504  1.78883 0.522043 0.131123 0 0 0 0.05512 0.02226 -0.0297 -0.0435444    0.13219  0.0341346  0.0474709  0.0157803 -0.0586863 -0.0418953 -0.0120521  0.0291443 0.704925 -0.32943 -9.77809 
             16.0981 -5.98316  5.01153  81.5697  1.76632 0.520986 0.125284 0 0 0 0.05512 0.02226 -0.0297 -0.0662969   0.116816 -0.0322401  0.0469521  0.0160504 -0.0582816  -0.037013 -0.0357021  0.0309131  0.711233 -0.352532  -9.77683 
             16.1997 -5.49682  5.24206  84.2772  1.76414 0.528941 0.107655 0 0 0 0.05512 0.02226 -0.0297 -0.0854551   0.107288  -0.129653  0.0466613  0.0159761 -0.0579319 -0.0352797 -0.0349622  0.0325609  0.713013 -0.351662  -9.77673 
             16.3009 -5.2604  5.5163 85.6493  1.76782  0.52805 0.105855 0 0 0 0.05512 0.02226 -0.0297 -0.0218755   0.101585  0.0982175 0.0466345 0.0160934 -0.058054 -0.0155999 -0.0331739  0.0334459  0.732292 -0.348417  -9.77542 
             16.4054 -5.28149  6.44795  86.9203  1.77324 0.550456 0.139139 0 0 0 0.05512 0.02226 -0.0297 0.0907829 0.0510281 0.0630638  0.0455888  0.0163664 -0.0579127 -0.0224365 -0.0234781  0.0282601  0.724462 -0.339471  -9.77632 
             16.4999 -5.72248  6.52432  87.4183   1.78479  0.554144 0.0937021 0 0 0 0.05512 0.02226 -0.0297  0.0997882  0.0769106 -0.0742508  0.0463223  0.0151127 -0.0584404 -0.0210014 -0.0200036  0.0381578  0.726192 -0.335807  -9.77632 
             16.6011 -5.87651  6.43408  87.7501  1.78073 0.562567 0.101715 0 0 0 0.05512 0.02226 -0.0297  0.0523702   0.108197 -0.0258896  0.0467391  0.0148778 -0.0582643 -0.0298468 -0.0227566  0.0347722  0.717539 -0.339349  -9.77683 
             16.6991 -5.64954  5.68678  87.5697  1.76682 0.596632 0.104855 0 0 0 0.05512 0.02226 -0.0297 -0.0437086   0.194044 -0.0552959  0.0466706  0.0155995 -0.0577665 -0.0404401 -0.0261919  0.0321441  0.707283 -0.343731  -9.77743 
             16.7998 -4.93276  6.14685  88.3962   1.76522  0.604318 0.0895909 0 0 0 0.05512 0.02226 -0.0297 -0.0901918   0.169983 -0.0338602  0.0460441  0.0153513 -0.0570638 -0.0311565  -0.032001  0.0328327  0.716978 -0.348565  -9.77655 
             16.9008 -5.14123  6.44756   88.851   1.77155  0.605352 0.0991639 0 0 0 0.05512 0.02226 -0.0297 -0.0525498   0.168806 -0.0118004  0.0456636  0.0156131 -0.0570378  -0.018703 -0.0300501  0.0311373  0.728907 -0.345446  -9.77578 
             17.0009 -4.88188  6.34231  88.8402  1.77544 0.642111 0.131585 0 0 0 0.05512 0.02226 -0.0297  0.110324 0.0941343 0.0740779  0.0443629  0.0160114 -0.0568566 -0.0230001 -0.0231425  0.0269214  0.723772 -0.339088  -9.77638 
             17.1009 -6.07724  6.80246  88.6181   1.77296  0.638129 0.0960892 0 0 0 0.05512 0.02226 -0.0297 0.0460537 0.0811068 -0.125603 0.0455681 0.0148241 -0.056748 -0.0244538  -0.030879  0.0360693  0.723665 -0.346818  -9.77612 
                17.2 -6.44713  7.60987  88.0872    1.7714   0.67477 0.0837202 0 0 0 0.05512 0.02226 -0.0297 -0.0388886   0.246844  0.0618284  0.0464223  0.0130452 -0.0561324 -0.0319136 -0.0287349  0.0358554   0.71613 -0.345446  -9.77672 
             17.3005 -5.64819  6.26668  88.9828  1.76693    0.683 0.105448 0 0 0 0.05512 0.02226 -0.0297 -0.0409174   0.140511  -0.108125  0.0458272  0.0143155 -0.0555894 -0.0281397 -0.0341769  0.0308042  0.719978 -0.350433  -9.77626 
             17.4007 -5.46302  5.61782  89.1185  1.76313 0.689336 0.090061 0 0 0 0.05512 0.02226 -0.0297 -0.0698302   0.159506 -0.0156381  0.0454709   0.014396 -0.0551214 -0.0234694 -0.0382047  0.0319549  0.725028 -0.353932  -9.77576 
             17.5007 -5.63408  6.00124  89.5797  1.75215 0.696093  0.10477 0 0 0 0.05512 0.02226 -0.0297 -0.0292083   0.165421   0.208543  0.0450008  0.0150214 -0.0549534 -0.0207168 -0.0457021  0.0294343  0.728252 -0.361041  -9.77526 
             17.6006 -5.72683   5.7004  89.5759  1.76606  0.69055 0.105819 0 0 0 0.05512 0.02226 -0.0297   0.0269665   0.0305524 -0.00364132  0.0445273  0.0148702 -0.0547627 -0.00914413  -0.0474402   0.0313781   0.73989 -0.361572  -9.77437 
                17.7 -5.9374 6.08026  89.634  1.74549 0.702518 0.108665 0 0 0 0.05512 0.02226 -0.0297 -0.0937245  0.0810888   0.106727  0.0451191  0.0140911 -0.0546568  -0.022237 -0.0529915  0.0303581  0.727559 -0.368355  -9.77504 
             17.8015 -5.81464  6.08791  89.7293  1.73933 0.705142 0.112802 0 0 0 0.05512 0.02226 -0.0297 -0.127282 0.0926622 0.0562359  0.0454236  0.0140602 -0.0542808 -0.0222542   -0.05444  0.0301806  0.727674 -0.369782  -9.77498 
             17.9006 -5.48346  5.71812  89.4129  1.74865 0.728874 0.107665 0 0 0 0.05512 0.02226 -0.0297 -0.0606236   0.152905 -0.0113695  0.0452901  0.0145688 -0.0535604 -0.0170109  -0.035971   0.034551  0.731247 -0.351056   -9.7754 
             18.0007 -4.64068  5.51275  89.8527  1.75455 0.769327 0.110511 0 0 0 0.05512 0.02226 -0.0297 -0.0503266   0.215264 0.00946707  0.0443091  0.0144966 -0.0530418   -0.01376 -0.0228784  0.0335951  0.733081 -0.337894  -9.77573 
             18.1009 -5.54751  6.25234  90.5716  1.74901 0.790822 0.134224 0 0 0 0.05512 0.02226 -0.0297 0.0136372  0.186149     0.163  0.0439457  0.0147481 -0.0529386 -0.0139104 -0.0247597  0.0312031  0.732979 -0.339782  -9.77567 
             18.2004 -5.55878  5.86043  90.5066  1.76375 0.778633   0.1156 0 0 0 0.05512 0.02226 -0.0297 0.0886637 0.0363891 -0.038509  0.0437104  0.0144823 -0.0527197 -0.00215416  -0.0300702    0.037555 0.745362 -0.34375  -9.7746 
             18.3006 -5.88481  6.58366  90.4213   1.76527  0.779667 0.0650393 0 0 0 0.05512 0.02226 -0.0297  0.0585869  0.0528479 -0.0807934  0.0444558  0.0136672 -0.0526539 -0.00712441  -0.0345638   0.0470691  0.741535 -0.348582  -9.77472 
              18.401 -5.77724  6.56515  90.3449   1.74948  0.786234 0.0722989 0 0 0 0.05512 0.02226 -0.0297 -0.0321813  0.0876589 -0.0559558  0.0446035   0.013438 -0.0522092 -0.0181546 -0.0407003  0.0435426  0.731162 -0.355763  -9.77524 
             18.4998 -5.37526  6.25376  89.9577   1.73375  0.801948 0.0900535 0 0 0 0.05512 0.02226 -0.0297 -0.0949222   0.113118 -0.0301821 0.0442205 0.0136945  -0.05165 -0.0180646 -0.0432165  0.0391102  0.731221 -0.358256  -9.77514 
             18.6006 -4.88337  6.17868  90.6639   1.73827    0.8182 0.0982622 0 0 0 0.05512 0.02226 -0.0297 -0.0930903   0.161069  0.0444995  0.0436491  0.0135702 -0.0511071 -0.00952558  -0.0363246   0.0369088  0.738709 -0.350636  -9.77486 
             18.7006 -5.56268  6.53221  91.1309  1.73807 0.844273 0.115598 0 0 0 0.05512 0.02226 -0.0297 0.00690805   0.145353   0.117791   0.042923  0.0141924 -0.0508785 -0.00865028  -0.0322806   0.0372684  0.739178 -0.346585  -9.77497 
             18.8003 -5.88682  6.44693  91.1297  1.74321 0.850281 0.104455 0 0 0 0.05512 0.02226 -0.0297   0.0564941   0.0937616 -0.00427946  0.0427965  0.0138748 -0.0508436 -0.00746512  -0.0327343   0.0416379   0.74067 -0.346886  -9.77484 
             18.9005 -5.79554  5.99359  91.0868    1.7387  0.853341 0.0767043 0 0 0 0.05512 0.02226 -0.0297 -0.00752384   0.0763943  -0.0334726  0.0433166  0.0133851 -0.0506537 -0.0109369 -0.0382483  0.0475623  0.738254 -0.352606  -9.77482 
             19.0006 -5.76349  6.39533  91.0142   1.74168  0.869794 0.0820203 0 0 0 0.05512 0.02226 -0.0297 0.00827659   0.145552 -0.0524569  0.0435068  0.0131359 -0.0503775 -0.00988355  -0.0345339   0.0468372 0.738849 -0.34887 -9.77491 
             19.0996 -5.45085   6.1294  91.4161   1.74215  0.889275 0.0876322 0 0 0 0.05512 0.02226 -0.0297 0.00176593   0.170101  -0.213272  0.0432402  0.0132355 -0.0497827 -0.0115507 -0.0312694  0.0446614  0.736749 -0.345876  -9.77518 
             19.2005 -5.07329  6.08062  91.3905  1.72869 0.908842 0.105356 0 0 0 0.05512 0.02226 -0.0297   -0.1039  0.220575 0.0671636  0.0427975  0.0131737 -0.0494255 -0.0122591 -0.0341372  0.0409469  0.736112 -0.348792  -9.77512 
             19.3004 -5.69265  6.67692  91.7989  1.72529 0.912261 0.127678 0 0 0 0.05512 0.02226 -0.0297 0.0178745  0.148808   0.11295  0.0419528  0.0136793 -0.0493273 -0.00659523  -0.0394322   0.0399056  0.742098 -0.353376   -9.7745 
             19.4004 -5.94218  6.52796  91.9229  1.73346 0.914066 0.124651 0 0 0 0.05512 0.02226 -0.0297 0.0665313 0.0829431 0.0530946  0.0420674  0.0133301 -0.0493342 -0.00287493  -0.0393102    0.042542  0.745877 -0.352838  -9.77423 
             19.5002 -6.8241 7.03449 91.4862  1.74587 0.924703 0.101298 0 0 0 0.05512 0.02226 -0.0297  0.0489503   0.121837 0.00678425  0.0432003  0.0126795 -0.0490106 -0.00189425  -0.0386331   0.0480806  0.747139 -0.352024  -9.77417 
             19.6005 -5.77809  6.67958  91.7398  1.73982 0.938925 0.110964 0 0 0 0.05512 0.02226 -0.0297 -0.0310535   0.100019  0.0075923  0.0432579  0.0129355 -0.0485382 -0.00395138  -0.0412338   0.0469486   0.74533 -0.354789  -9.77421 
             19.7005 -5.20584  6.59078  92.2946  1.74112 0.948402 0.105128 0 0 0 0.05512 0.02226 -0.0297 -0.0310194   0.118558 -0.0438489  0.0426791  0.0128868 -0.0479429 -0.0064881 -0.0371235  0.0482814  0.742538 -0.351043  -9.77455 
             19.8004 -4.36447   6.5791  92.1682  1.72591 0.960327 0.106244 0 0 0 0.05512 0.02226 -0.0297  -0.134597   0.128457 -0.0764181 0.0417746 0.0128661 -0.047743 -0.00976446   -0.039683   0.0448068  0.739371 -0.353917  -9.77469 
             19.9003 -5.23582   6.6964  92.4076   1.71333  0.995278 0.0798679 0 0 0 0.05512 0.02226 -0.0297  -0.012442   0.161519 -0.0856935  0.0421132  0.0127191 -0.0474233 -0.00755703  -0.0372684   0.0478824  0.741469 -0.351307  -9.77462 
             19.9998 -5.98773  7.40328  93.0953    1.7036  0.995099 0.0866037 0 0 0 0.05512 0.02226 -0.0297 -0.00578165    0.073593   -0.149874  0.0416105  0.0126698 -0.0473261 -0.00707763  -0.0438965    0.044627  0.742424 -0.357719  -9.77432 
             20.1003 -6.06271  6.97293  93.2131   1.70371   1.00485 0.0732179 0 0 0 0.05512 0.02226 -0.0297 -0.0552422   0.141111 -0.0620203  0.0425876    0.01208 -0.0471004 -0.00576944  -0.0434181    0.046374  0.743762 -0.357095  -9.77424 
             20.2003 -5.44104  6.58071  93.4866   1.70521   1.01212 0.0786247 0 0 0 0.05512 0.02226 -0.0297 -0.037456  0.109503 -0.046688  0.0425103  0.0124897 -0.0466749 -0.00103842  -0.0428324   0.0452616   0.74819 -0.355997  -9.77394 
             20.3004 -5.03813  6.52152  93.7894    1.7027   1.01975 0.0880657 0 0 0 0.05512 0.02226 -0.0297 -0.0371713   0.102979   -0.14416  0.0421086  0.0124269 -0.0461465 -0.00118923  -0.0420733   0.0423409  0.747745 -0.355302    -9.774 
             20.4004 -4.68452  6.58058  93.8704  1.70316  1.04157 0.101918 0 0 0 0.05512 0.02226 -0.0297 -0.0784806   0.179159   0.109444   0.041629  0.0119676 -0.0460186 -0.000490544   -0.0362971    0.0386975  0.747503 -0.349646  -9.77422 
             20.5007 -4.41438  6.69203  94.0973  1.70266  1.07447 0.128309 0 0 0 0.05512 0.02226 -0.0297 0.037629 0.141634 0.154395  0.0408503  0.0126089 -0.0457438 0.000750226  -0.0358592   0.0380373  0.748607 -0.349081  -9.77416 
             20.6003 -5.74869  7.11591  94.3576   1.70465   1.06569 0.0863339 0 0 0 0.05512 0.02226 -0.0297  0.0633903  0.0558037 0.00619737 0.0412198 0.0123441 -0.045725 0.00202957 -0.0421537  0.0459966  0.751081 -0.355012  -9.77376 
             20.7005 -5.55377  7.08767  94.5829   1.71065   1.07043 0.0639044 0 0 0 0.05512 0.02226 -0.0297 0.0296126 0.0758515 -0.117112 0.0419632 0.0119454 -0.045455  0.0021182 -0.0417651  0.0501641  0.751381 -0.354616  -9.77375 
             20.8004 -5.04359  6.84189  94.6978   1.70401   1.08013 0.0560254 0 0 0 0.05512 0.02226 -0.0297 -0.0278841  0.0811082  -0.113635  0.0416873  0.0119973 -0.0450197 0.000697557  -0.0430594   0.0495448  0.750127 -0.356043  -9.77379 
             20.9003 -4.91061  6.72007  95.0827   1.69013   1.09151 0.0649863 0 0 0 0.05512 0.02226 -0.0297  -0.108078  0.0974229 -0.0861469  0.0411549  0.0120777 -0.0444305 -0.00148065  -0.0448755     0.04389  0.747895 -0.358082  -9.77389 
             21.0003 -4.84708   6.7609  95.5256  1.68635  1.09754 0.073615 0 0 0 0.05512 0.02226 -0.0297 -0.0955675   0.135221 -0.0385644  0.0408954  0.0122875 -0.0443936 0.00213583 -0.0444381  0.0416288  0.751185 -0.357217  -9.77367 
             21.1003 -5.25444  6.99609  95.8316   1.68388   1.09673 0.0777862 0 0 0 0.05512 0.02226 -0.0297  0.0386415  0.0639655 -0.0392341  0.0399297  0.0126261 -0.0443669 0.00409412 -0.0478909  0.0425209  0.753551 -0.360303  -9.77337 
             21.2002 -5.79422  6.39287  95.7491  1.68504  1.09689 0.078428 0 0 0 0.05512 0.02226 -0.0297    0.046717 -0.00311786   0.0855505  0.0403806  0.0124793 -0.0443761 0.00367398 -0.0495055  0.0416397  0.753293 -0.361921  -9.77333 
             21.3001 -5.94882  6.50743  95.5651   1.68366   1.09342 0.0712365 0 0 0 0.05512 0.02226 -0.0297 0.000791531   -0.012045   0.0378637  0.0412035  0.0120037 -0.0439523 0.00354585 -0.0511592  0.0435759    0.7535 -0.363515  -9.77326 
             21.4003 -5.43265   6.4766  95.3152   1.67836   1.10291 0.0801257 0 0 0 0.05512 0.02226 -0.0297 0.00321718  0.0494394 -0.0262191  0.0407185  0.0118181 -0.0436293  0.0020661 -0.0499319  0.0423305  0.751847 -0.362535  -9.77342 
             21.5002 -5.25655  6.40736  95.8859   1.68359   1.11432 0.0734577 0 0 0 0.05512 0.02226 -0.0297 -0.0558481  0.0704072  0.0438437 0.0405102 0.0116584 -0.043096 0.00307009 -0.0469304  0.0421308  0.752421 -0.359517  -9.77349 
             21.6002 -5.14678  6.37465  96.3234   1.68353   1.10932 0.0698012 0 0 0 0.05512 0.02226 -0.0297 -0.0565688  0.0434915  0.0371871  0.0405105  0.0120666 -0.0429286 0.00438499 -0.0485922  0.0430774  0.753946 -0.360933  -9.77332 
             21.7001 -4.37448  6.49443  96.0107  1.67781  1.12668 0.100608 0 0 0 0.05512 0.02226 -0.0297 0.0587991 0.0614262 0.0498947  0.0395318  0.0118875 -0.0425649 0.00366906 -0.0486485  0.0399292 0.753091 -0.36113 -9.77338 
             21.8001 -5.38117  6.27912  96.3091  1.67516  1.11516 0.065429 0 0 0 0.05512 0.02226 -0.0297  0.0403406  0.0166637 -0.0258029  0.0398929  0.0114439 -0.0427903 0.00442836 -0.0537476  0.0448486 0.754733 -0.36587 -9.77308 
             21.9001 -5.60792  6.51238  96.2407 1.67092 1.11884  0.0551 0 0 0 0.05512 0.02226 -0.0297 -0.0287214  0.0439948 -0.0873287  0.0404329  0.0113925 -0.0424272 0.00258466 -0.0542417  0.0456501  0.753072 -0.366573  -9.77318 
             22.0002 -5.21703  6.39705  96.0969   1.67103   1.13884 0.0580407 0 0 0 0.05512 0.02226 -0.0297 -0.0215846  0.0602867  -0.136359  0.0402739  0.0116328 -0.0418644 0.00145117 -0.0504916   0.044603  0.751453 -0.363133  -9.77343 
             22.1001 -4.95125  6.28618  96.7199   1.67436   1.14295 0.0606018 0 0 0 0.05512 0.02226 -0.0297 -0.0260265  0.0649069 -0.0815379  0.0398792  0.0111922 -0.0415391 0.00294159 -0.0494083  0.0424428  0.752627 -0.361932  -9.77338 
             22.2001 -4.64035  6.54773  96.8396  1.66794  1.14136 0.076926 0 0 0 0.05512 0.02226 -0.0297 -0.0728262  0.0593347  0.0785001   0.039471  0.0115898 -0.0414539 0.00441448 -0.0517813  0.0402581  0.754225 -0.364052  -9.77318 
             22.3002 -4.64311  6.50841  97.0847  1.67017  1.16035 0.119299 0 0 0 0.05512 0.02226 -0.0297 0.0958715 0.0348646  0.111281  0.0387691   0.011924 -0.0413015 0.00287659 -0.0503665  0.0381727  0.752464 -0.362929  -9.77336 
                22.4 -5.18518  6.61664  97.0033  1.66687   1.1601 0.110307 0 0 0 0.05512 0.02226 -0.0297 0.0573624 0.0386607  0.137979  0.0395397  0.0110262 -0.0413485 0.00087921   -0.05338  0.0408601   0.75109 -0.366047  -9.77335 
             22.5001 -5.50727   6.8037  96.8922 1.66144   1.159 0.10283 0 0 0 0.05512 0.02226 -0.0297 -0.0655688  0.0657645   0.197101  0.0401581  0.0108375 -0.0410497 -2.94087e-05   -0.0561304     0.043848  0.750731 -0.368765  -9.77327 
                22.6 -4.90363  6.31235  97.2113   1.66021   1.16747 0.0791636 0 0 0 0.05512 0.02226 -0.0297 -0.0150605   0.023995  -0.219551  0.0400017  0.0111877 -0.0405915 -0.00113276  -0.0537136   0.0480968  0.749574 -0.366558  -9.77345 
             22.7001 -4.55333  6.30581  97.0195   1.65707   1.17307 0.0660124 0 0 0 0.05512 0.02226 -0.0297  -0.074416  0.0722976 -0.0282615  0.0393525  0.0108596 -0.0400859 -0.00113769  -0.0528869   0.0483026  0.749472 -0.365766  -9.77348 
             22.7999 -4.83911  6.63666  97.2551   1.65245    1.1889 0.0877181 0 0 0 0.05512 0.02226 -0.0297 0.0330081   0.12416  0.165453  0.0388257  0.0111577 -0.0401114 -0.00123383  -0.0521102   0.0445399  0.749084 -0.365077  -9.77354 
             22.8999 -5.06748  6.06898  97.0419   1.66817   1.18645 0.0665644 0 0 0 0.05512 0.02226 -0.0297   0.0759958 -0.00270317   -0.112135  0.0385859   0.011189 -0.0401077 0.00140706 -0.0523667  0.0488536  0.751865 -0.364927  -9.77333 
             22.9999 -5.59774  6.84943  96.4897   1.67166   1.18456 0.0467398 0 0 0 0.05512 0.02226 -0.0297     0.1013  0.0280145 -0.0356207  0.0392947  0.0105646 -0.0401002 0.000665612  -0.0539412   0.0509263  0.751479 -0.366504   -9.7733 
             23.0999 -5.51591  6.88784  96.0437   1.66339   1.19215 0.0625311 0 0 0 0.05512 0.02226 -0.0297 -0.0568319  0.0740436   0.145329  0.0393546  0.0106047 -0.0399491 -0.00223428  -0.0565874    0.047692  0.748872 -0.369438  -9.77339 
             23.2002 -4.85419  6.15842  95.6931   1.65471    1.2116 0.0778312 0 0 0 0.05512 0.02226 -0.0297 -0.0663195   0.101486  -0.130832 0.0390712 0.0106529 -0.039676 -0.00468365  -0.0552678    0.044584  0.746198 -0.368521  -9.77363 
             23.3003 -4.5014  6.4263 95.0297   1.65458   1.21298 0.0754619 0 0 0 0.05512 0.02226 -0.0297 -0.0759289  0.0990658  0.0502261  0.0386969  0.0105045 -0.0392843 -0.00169973  -0.0555447    0.045334 0.749111 -0.36842 -9.77341 
             23.4001 -4.95144  6.10476  94.7177   1.65986   1.21616 0.0747754 0 0 0 0.05512 0.02226 -0.0297  -0.0390803    0.106879 -0.00639973 0.0385062 0.0109725 -0.039108 0.000211931  -0.0536116   0.0458921  0.750745 -0.366358  -9.77336 
             23.4999 -4.24508  6.02549  94.4819 1.66098 1.22337 0.10594 0 0 0 0.05512 0.02226 -0.0297    0.0543174 -0.000180743   0.00884847  0.0375764    0.01128 -0.0390598 0.00102121 -0.0552562   0.042981  0.751533 -0.367854  -9.77325 
                23.6 -5.18727  6.08679  93.2796    1.6699   1.21561 0.0481277 0 0 0 0.05512 0.02226 -0.0297    0.053726 -0.00396486  -0.0763957  0.0385352  0.0105474 -0.0390682 0.00118165 -0.0561381  0.0530428  0.752261 -0.368635  -9.77316 
             23.6999 -5.15267  6.09881   92.245   1.66954   1.20607 0.0530932 0 0 0 0.05512 0.02226 -0.0297  -0.0226724   -0.011078 -0.00365034  0.0386055  0.0104297 -0.0387803 0.00262798 -0.0586979  0.0516856  0.753798 -0.370942  -9.77296 
             23.7999 -4.94068  5.50287   91.684 1.67328 1.22379 0.04659 0 0 0 0.05512 0.02226 -0.0297 -0.00708469   0.0438889    -0.17586  0.0384084  0.0102805 -0.0381971 0.00062235 -0.0549994  0.0502757  0.751549 -0.367592  -9.77326 
             23.8999 -4.90429  5.76828  91.1994   1.66363   1.22891 0.0612125 0 0 0 0.05512 0.02226 -0.0297 -0.0857077  0.0682716  0.0514965  0.0382492  0.0104286 -0.0380085 0.000185488  -0.0558083   0.0472751  0.751053 -0.368405  -9.77326 
             23.9998 -5.46977  5.92923  91.2529    1.6506   1.24102 0.0840538 0 0 0 0.05512 0.02226 -0.0297  -0.14064 0.0827489  0.186069  0.0380564  0.0106541 -0.0377266 -0.000829626   -0.0558503    0.0462332  0.750045 -0.368509  -9.77334 
             24.0998 -5.23027  5.42036  90.8385  1.64706   1.2467 0.104507 0 0 0 0.05512 0.02226 -0.0297 -0.0529323 0.00739447  0.0838029   0.037761  0.0103479 -0.0373657 0.000773344  -0.0544842   0.0460447  0.751493 -0.367131  -9.77328 
             24.2007 -4.97716  5.41115  91.0157   1.64512   1.23114 0.0936719 0 0 0 0.05512 0.02226 -0.0297 -0.0457351 -0.0326362  0.0887685  0.0379361  0.0102286 -0.0373575 0.00311366 -0.0564774  0.0503605  0.753998 -0.368884  -9.77302 
                24.3 -5.06596  5.48819  91.0524   1.64098   1.23787 0.0826119 0 0 0 0.05512 0.02226 -0.0297  -0.0755851    0.034117 0.000739362  0.0381252  0.0101983 -0.0370727 0.00202072 -0.0551842  0.0528146  0.753026 -0.367682  -9.77314 
             24.3998 -4.92736  5.41677  91.4799   1.64773   1.24957 0.0693511 0 0 0 0.05512 0.02226 -0.0297 -0.0282209  0.0718684  -0.067833   0.037939  0.0101027 -0.0367686 0.00142017 -0.0521012   0.054732 0.752429 -0.36477 -9.77329 
             24.4997 -4.66338  5.00592  91.1136   1.64583     1.262 0.0529375 0 0 0 0.05512 0.02226 -0.0297 -0.0636417  0.0682262 -0.0712293  0.0375552  0.0108612 -0.0362746 0.00184512 -0.0513196  0.0546173  0.752799 -0.364016  -9.77329 
             24.5998 -5.42064  5.63277  91.6842   1.64639   1.27338 0.0986162 0 0 0 0.05512 0.02226 -0.0297 0.0499815 0.0363346 0.0884952  0.0371094  0.0108368 -0.0362236 0.00245489 -0.0509956  0.0499785  0.753211 -0.363741  -9.77327 
             24.6998 -5.68749  6.23774  91.6929   1.64765   1.27304 0.0923387 0 0 0 0.05512 0.02226 -0.0297  0.0481802 -0.0069715   0.011947  0.0371827 0.00997647 -0.0362698 0.00184779 -0.0518839  0.0514493  0.752723 -0.364581  -9.77328 
             24.7997 -5.87838  6.06705  91.7904   1.64686   1.28188 0.0801315 0 0 0 0.05512 0.02226 -0.0297 -0.00689626    0.053144  -0.0366963  0.0378502 0.00962825 -0.0359282 0.000100532  -0.0511285   0.0542603  0.751158 -0.363894  -9.77342 
             24.8996 -5.47347  5.72627  92.0408  1.63577  1.28996 0.074844 0 0 0 0.05512 0.02226 -0.0297 -0.0797366  0.0935664  0.0523059  0.0377356 0.00972649 -0.0354909 -0.00247025   -0.052273   0.0549909  0.748821 -0.365072  -9.77356 
             24.9999 -5.04583  6.06384  92.0688   1.63038   1.30236 0.0838063 0 0 0 0.05512 0.02226 -0.0297 -0.118483 0.0636677 -0.235364  0.0373295  0.0092053 -0.0349345 -0.00231603  -0.0519357    0.051907  0.748812 -0.364799  -9.77357 
             25.0999 -4.8976 5.58704 92.9093   1.62638    1.2762 0.0643178 0 0 0 0.05512 0.02226 -0.0297  -0.163559 -0.0362457 -0.0396994  0.0371476 0.00969715 -0.0348095  0.0040743 -0.0560061  0.0549259  0.755137 -0.368277  -9.77295 
             25.1998 -4.54873    5.893  93.3465   1.61572   1.29365 0.0845347 0 0 0 0.05512 0.02226 -0.0297 -0.0631464  0.0134978  0.0126669  0.0366844 0.00990259 -0.0345925 0.00343738  -0.051671  0.0523508  0.754203 -0.364267  -9.77318 
             25.2999 -5.30029  6.29483  94.3955   1.62562   1.29669 0.0467155 0 0 0 0.05512 0.02226 -0.0297  0.0279285  0.0245428 -0.0784826  0.0369311 0.00953087 -0.0347353 0.00483942 -0.0488219  0.0578675  0.755606 -0.361456  -9.77317 
             25.3998 -5.02595  6.31614  95.1225   1.63062   1.31134 0.0384225 0 0 0 0.05512 0.02226 -0.0297 0.0113595  0.100981 -0.092867  0.0372052 0.00939725 -0.0343643 0.00377704 -0.0466052  0.0582557  0.754482 -0.359441  -9.77333 
                25.5 -4.67132  6.22864  95.4252    1.6283   1.32909 0.0377541 0 0 0 0.05512 0.02226 -0.0297 -0.0292988   0.125553 -0.0793972  0.0373497 0.00941454 -0.0342664 0.00337586 -0.0458274  0.0572807 0.754006 -0.35875  -9.7734 
             25.5998 -4.41942  6.41584   95.896    1.6254   1.34275 0.0578807 0 0 0 0.05512 0.02226 -0.0297   -0.0820091      0.11917 -6.94616e-06  0.0368728 0.00923279 -0.0340543 0.00436218 -0.0455509  0.0516337  0.754664 -0.358442  -9.77336 
             25.6998 -4.48999  6.75212  96.2428  1.61965  1.35091 0.065211 0 0 0 0.05512 0.02226 -0.0297 -0.0562078   0.175606  0.0437758  0.0365323 0.00931825 -0.0340861 0.00605116 -0.0460453  0.0510877   0.75626 -0.358748  -9.77322 
             25.7997 -5.70878  7.23508  96.3173   1.63894   1.35533 0.0597515 0 0 0 0.05512 0.02226 -0.0297  0.134987 0.0731756 0.0340109  0.0361176 0.00945861  -0.033987 0.0102376 -0.044882 0.0544954  0.760194 -0.357227  -9.77297 
             25.8998 -5.96072  7.16485  96.1113   1.63981   1.36878 0.0354861 0 0 0 0.05512 0.02226 -0.0297  0.0987318  0.0907038 -0.0769164  0.0364063 0.00901378 -0.0339419 0.00658326 -0.0448967  0.0573425   0.75695 -0.357608  -9.77321 
             26.0003 -5.86517  7.02662  96.0432    1.6245   1.37459 0.0415305 0 0 0 0.05512 0.02226 -0.0297  0.00401346    0.109176 -0.00213843  0.0371996 0.00869608 -0.0335735 0.00211686 -0.0481659  0.0551742  0.753009 -0.361145  -9.77338 
             26.0997 -5.52522  6.56324  95.7896   1.60386   1.39666 0.0560895 0 0 0 0.05512 0.02226 -0.0297 -0.106194 0.0934946 0.0633903  0.0369719 0.00895511 -0.0332279 0.00081704 -0.0502493  0.0535273  0.751918 -0.363238  -9.77339 
             26.1996 -4.57674  6.36531  96.8228   1.60489   1.40263 0.0664773 0 0 0 0.05512 0.02226 -0.0297 -0.123399 0.0759126   0.10945  0.0365284 0.00886689 -0.0326862 0.00338957 -0.0490346  0.0519686   0.75408 -0.361849  -9.77328 
             26.3004 -4.35393  6.79728  97.3283   1.59897   1.41928 0.0760369 0 0 0 0.05512 0.02226 -0.0297 -0.107715  0.157721 0.0804005    0.03631 0.00875258 -0.0327482 0.00290736 -0.0471058  0.0518677  0.753423 -0.360108  -9.77339 
                26.4 -4.85519   6.5563  97.4828   1.60059   1.42722 0.0834371 0 0 0 0.05512 0.02226 -0.0297 -0.0546802   0.191256   0.238393  0.0358797 0.00895477 -0.0326776 0.00331896 -0.0456671  0.0511712   0.75361 -0.358732  -9.77343 
             26.4996 -6.06361  6.27886  97.6037   1.61361    1.4452 0.0325521 0 0 0 0.05512 0.02226 -0.0297  0.0441129   0.105511 -0.0154737  0.0368961 0.00953208 -0.0327274  0.0048638 -0.0444392  0.0608802  0.755411 -0.357343  -9.77334 
             26.5996 -5.13639  6.43249  97.7274   1.59741   1.44658 0.0408274 0 0 0 0.05512 0.02226 -0.0297 -0.0348871   0.109232   0.015569  0.0366665 0.00899656 -0.0322319  0.0019022 -0.0477122  0.0588166   0.75295 -0.360755   -9.7734 
             26.6997 -5.26695  6.02592  97.6073  1.57767  1.47357 0.048558 0 0 0 0.05512 0.02226 -0.0297    -0.121329    0.0963454 -0.000797582  0.0369087 0.00940622 -0.0320144 0.000493469  -0.0476461   0.0578168  0.751593 -0.360877   -9.7735 
                26.8 -4.1786 6.75564 98.4532   1.56728   1.49042 0.0471095 0 0 0 0.05512 0.02226 -0.0297 -0.144052  0.103268 0.0572456  0.0362793 0.00904482 -0.0314871 0.000352877  -0.0464307   0.0570397   0.75128 -0.359788  -9.77357 
             26.9008 -4.22337  6.83696  99.2212   1.58177   1.49432 0.0461671 0 0 0 0.05512 0.02226 -0.0297 -0.0670453   0.121256  0.0403613  0.0360017 0.00903546 -0.0315887 0.00333299 -0.0431091  0.0580056  0.753645 -0.356322  -9.77351 
             26.9998 -3.63592  7.04127  99.2044   1.58293   1.50829 0.0536143 0 0 0 0.05512 0.02226 -0.0297 0.0165693  0.196096  0.210664  0.0352465 0.00876196 -0.0315146 0.00450839 -0.0425745  0.0577811  0.754649 -0.355683  -9.77346 
             27.0994 -4.67589  8.61691  99.4333    1.57188    1.54361 -0.0200014 0 0 0 0.05512 0.02226 -0.0297 0.0071243  0.213746 -0.142021  0.0356472 0.00751025 -0.0316817 0.00064967 -0.0443843  0.0661784  0.751689 -0.357781  -9.77361 
             27.1998 -4.48302  7.20687  99.8191   1.57435   1.55634 0.0274338 0 0 0 0.05512 0.02226 -0.0297 -0.0652064   0.204674  -0.029519  0.0359695 0.00848443 -0.0312765 0.00305853 -0.0444268   0.058615  0.753509 -0.357445  -9.77348 
             27.2998 -4.23678  6.90536  100.094   1.56957   1.56556 0.0475577 0 0 0 0.05512 0.02226 -0.0297 -0.069029  0.104084 -0.130007  0.0360924 0.00876051 -0.0309945 0.00536181 -0.0455316  0.0565219  0.755648 -0.358099  -9.77329 
             27.3996 -3.7644 6.53527 100.696  1.55825    1.583 0.051528 0 0 0 0.05512 0.02226 -0.0297 -0.110637  0.145999 0.0993711  0.0355262 0.00848952 -0.0306206 0.00415833 -0.0452231  0.0551649  0.754422 -0.357977  -9.77339 
             27.4998 -3.84499  6.95051  101.346   1.54769    1.5951 0.0642582 0 0 0 0.05512 0.02226 -0.0297 -0.0768011   0.199145   0.177015  0.0351814 0.00871113 -0.0307388 0.00439808 -0.0459693   0.054412  0.754714 -0.358616  -9.77335 
             27.6035 -4.31502  7.37586  101.498   1.55925   1.60484 0.0586028 0 0 0 0.05512 0.02226 -0.0297 0.0277316  0.136933 0.0643317  0.0350063 0.00874025 -0.0306866 0.00695218 -0.0443995  0.0573813  0.756941 -0.356794  -9.77324 
             27.7003 -4.93736  7.59676  101.448   1.56344   1.61486 0.0300034 0 0 0 0.05512 0.02226 -0.0297  0.0404333   0.146634 -0.0327716  0.0355472 0.00805772 -0.0306266 0.00703241 -0.0459339  0.0607492   0.75742 -0.358197  -9.77315 
             27.8003 -4.41595  7.19423  101.785   1.55418   1.62559 0.0264015 0 0 0 0.05512 0.02226 -0.0297 -0.0233687   0.175686  -0.095261   0.035663 0.00831656 -0.0302992 0.00459701 -0.0470001  0.0604222  0.755366 -0.359576  -9.77326 
             27.8998 -4.28431  7.17333  101.768   1.54621   1.63773 0.0286965 0 0 0 0.05512 0.02226 -0.0297 -0.0976684   0.138814 -0.0644023  0.0358572 0.00849218 -0.0299495 0.00405677 -0.0476616  0.0599154   0.75496 -0.360272  -9.77327 
             28.0006 -3.1676 6.80046 102.091   1.54155    1.6581 0.0486281 0 0 0 0.05512 0.02226 -0.0297 -0.0847891   0.121412 -0.0455973  0.0351863 0.00846633 -0.0296251 0.00407053 -0.0455284  0.0556041  0.754399 -0.358338  -9.77338 
                28.1 -3.58868   6.8263  102.873    1.5345   1.67527 0.0424324 0 0 0 0.05512 0.02226 -0.0297 -0.0784818   0.143419   0.150698  0.0352242 0.00865758 -0.0297097 0.00591334 -0.0453393  0.0573156  0.756118 -0.357846  -9.77327 
                28.2 -4.00802  7.49638  103.601    1.54087    1.67491 0.00900932 0 0 0 0.05512 0.02226 -0.0297 0.0293034 0.0388305 -0.244676  0.0349283 0.00827904 -0.0297494 0.00755655 -0.0455751  0.0613355  0.757814 -0.357771  -9.77314 
              28.301 -4.42292  7.38577  103.737   1.52153    1.7008 0.0111923 0 0 0 0.05512 0.02226 -0.0297  -0.058954   0.129371 -0.0768584   0.035468 0.00793146  -0.029622 0.00313855 -0.0450136  0.0583615  0.753605 -0.358079  -9.77345 
              28.401 -3.85835  7.43602  104.012   1.51551   1.70325 0.0255305 0 0 0 0.05512 0.02226 -0.0297  -0.094403   0.134324 -0.0651346  0.0355402 0.00804714 -0.0292974 0.00266325  -0.046039  0.0555052  0.753253 -0.359099  -9.77344 
             28.4994 -3.8865  7.2375  103.88    1.4992   1.70838 0.0367701 0 0 0 0.05512 0.02226 -0.0297  -0.124905 0.00577945  -0.155555  0.0356813 0.00821771 -0.0289898 0.00464787 -0.0472454  0.0539312  0.755201 -0.359809  -9.77326 
             28.5993 -3.53092  7.26098  105.079   1.49444   1.72576 0.0538178 0 0 0 0.05512 0.02226 -0.0297 -0.149342 0.0876098  0.117713   0.035033 0.00796792 -0.0287464 0.00395138 -0.0442039  0.0509251  0.753849 -0.357206  -9.77346 
             28.7012 -3.59752  7.40746  105.337   1.50768   1.74479 0.0637607 0 0 0 0.05512 0.02226 -0.0297 -0.0668686   0.176027   0.101188  0.0347414 0.00814982 -0.0287144 0.00665189 -0.0389972  0.0509261  0.755234 -0.351977  -9.77355 
              28.801 -3.83227    7.682  105.486     1.522   1.77879 0.0882946 0 0 0 0.05512 0.02226 -0.0297   0.135225   0.160427 0.00870558  0.0342292 0.00817269  -0.028652 0.00772492 -0.0384718  0.0509848  0.756091 -0.351285  -9.77351 
             28.9009 -4.49059  7.34499  105.812   1.51318    1.7864 0.0293614 0 0 0 0.05512 0.02226 -0.0297 0.0292537  0.175289 -0.102752  0.0351903 0.00777063 -0.0287552 0.00435848 -0.0416289  0.0590428  0.754121 -0.354823  -9.77353 
             28.9999 -4.10123  7.63911  105.858   1.50563   1.78266 0.0160621 0 0 0 0.05512 0.02226 -0.0297 -0.0145907    0.15687  -0.168443  0.0355121 0.00781214  -0.028534 0.00324589 -0.0439559  0.0607026  0.753699 -0.357142  -9.77348 
             29.0996 -4.15204  7.34321  105.378      1.49642      1.80457 -0.000690529 0 0 0 0.05512 0.02226 -0.0297 -0.0901086  0.0557745  -0.274662  0.0355779 0.00806992 -0.0280774 0.00337195 -0.0434019  0.0604697 0.753683 -0.35662  -9.7735 
             29.2008 -3.44289  7.40595  106.275   1.48518   1.82985 0.0564499 0 0 0 0.05512 0.02226 -0.0297 -0.0701215   0.198212  0.0934887  0.0348281 0.00767676 -0.0277758 0.00371535 -0.0425146  0.0513783  0.753361 -0.355777  -9.77355 
             29.2999 -4.25702  7.94888  107.078   1.48663   1.81864 0.0460165 0 0 0 0.05512 0.02226 -0.0297 0.0225084  0.178649  0.245274  0.0344964 0.00792091 -0.0278141 0.00638089 -0.0461962  0.0540067  0.756656 -0.358458   -9.7732 
             29.4016 -4.36095  8.27309  107.077   1.49694    1.8422 0.0400906 0 0 0 0.05512 0.02226 -0.0297  0.117797  0.139077 -0.105866  0.0343755 0.00738517 -0.0277415 0.00546075 -0.0444371  0.0556348  0.755534 -0.357089  -9.77334 
             29.4997 -4.40793  7.86049  107.179    1.4855   1.85027 0.0245217 0 0 0 0.05512 0.02226 -0.0297 0.0468458  0.157823 -0.019845  0.0348461 0.00733214 -0.0277716 0.00187237 -0.0468303  0.0565599  0.752947 -0.360024  -9.77343 
             29.6002 -4.20214  7.62133  107.172   1.47631   1.87114 0.0193669 0 0 0 0.05512 0.02226 -0.0297 -0.0584815   0.150559 -0.0714527  0.0348627 0.00761494 -0.0275942 0.00136717 -0.0488075  0.0566497  0.752955 -0.361893  -9.77336 
              29.701 -3.53403   7.6817  107.745    1.47552    1.88216 0.00376877 0 0 0 0.05512 0.02226 -0.0297 -0.0887668  0.0388701  -0.213784  0.0347283 0.00765195 -0.0271376  0.0025836 -0.0476099  0.0559312  0.753711 -0.360555  -9.77335 
             29.8009 -3.37215  7.85774  108.125   1.45043   1.89139 0.0352871 0 0 0 0.05512 0.02226 -0.0297  -0.175779   0.113009 -0.0145212  0.0345135 0.00755412 -0.0270476 0.00146454 -0.0484558  0.0507042 0.752641 -0.36159  -9.7734 
             29.9001 -3.82787  7.62291   108.67   1.43156   1.90579 0.0606946 0 0 0 0.05512 0.02226 -0.0297   -0.108315    0.112129 -0.00296479  0.0339615   0.007988 -0.0271621 0.000613311  -0.0488038   0.0483804  0.751858 -0.362107  -9.77344 
             30.0008 -4.29131  7.82327  108.626   1.42965    1.9066 0.0581369 0 0 0 0.05512 0.02226 -0.0297 -0.0852286   0.104068  0.0660059  0.0341598 0.00762712 -0.0271389 0.000962174  -0.0490551   0.0489254  0.752252 -0.362242   -9.7734 
             30.0995 -4.97285  8.99087  108.241   1.40634   1.92411 0.0492154 0 0 0 0.05512 0.02226 -0.0297 -0.155266  0.142296 0.0206615  0.0347231 0.00664941 -0.0268989 -0.000525602   -0.0494361    0.0495848  0.751073 -0.362935  -9.77347 
             30.1998 -4.0685 7.79876 108.567    1.4263   1.93292 0.0321881 0 0 0 0.05512 0.02226 -0.0297 -0.0598178     0.1952   0.112215  0.0348085 0.00719656 -0.0266712 0.00501799 -0.0463432  0.0528021  0.755349 -0.358843  -9.77329 
             30.3008 -3.74557   8.4395  108.653   1.44356    1.9591 0.0157188 0 0 0 0.05512 0.02226 -0.0297 0.0587915  0.171719  -0.19159  0.0347297 0.00672359 -0.0261583 0.00700841 -0.0422485  0.0550855  0.756232 -0.354753  -9.77337 
             30.4007 -3.21058  8.02532  109.399   1.43083   1.98077 0.0530914 0 0 0 0.05512 0.02226 -0.0297 -0.0233365   0.226701   0.100234  0.0341486 0.00679171 -0.0261559  0.0055962 -0.0458225  0.0498407  0.755548 -0.358254  -9.77329 
             30.5007 -3.94042  7.94722  109.767    1.4279   1.97775 0.0299433 0 0 0 0.05512 0.02226 -0.0297   0.006014   0.211225 0.00839514  0.0337279 0.00732155 -0.0262891 0.00503118 -0.0476225  0.0536515  0.755731 -0.359961  -9.77322 
             30.6009 -3.93413  7.57261  110.108 1.42441 1.99038 0.02879 0 0 0 0.05512 0.02226 -0.0297   0.0875295   0.0890273 -0.00776581   0.033666 0.00773493 -0.0266127 0.00404337 -0.0511111  0.0535232  0.755726 -0.363253   -9.7731 
              30.701 -4.19534   7.5293  109.039   1.40899   1.98863 0.0265267 0 0 0 0.05512 0.02226 -0.0297 -0.0241756  0.0970937 -0.0232222  0.0342326 0.00695806 -0.0264531 0.00200193 -0.0550691  0.0536545  0.754958 -0.367217  -9.77301 
             30.8023 -3.75456  7.38221   108.47   1.40758   2.00532 0.0179403 0 0 0 0.05512 0.02226 -0.0297 -0.0350906  0.0923743 -0.0538757   0.034181 0.00703008 -0.0263272 0.00175248 -0.0535472  0.0550277  0.754424 -0.365946   -9.7731 
             30.9007 -3.62305  7.40609  108.122     1.4046    2.01157 0.00792725 0 0 0 0.05512 0.02226 -0.0297 -0.0741782  0.0665432  -0.109194  0.0340291 0.00698506 -0.0259156 0.00179046 -0.0535506  0.0548319   0.75445 -0.365941  -9.77309 
             31.0007 -3.3123 7.39372 107.888    1.39666    2.02593 0.00199611 0 0 0 0.05512 0.02226 -0.0297 -0.0526802   0.150816 -0.0273421   0.033898 0.00699813 -0.0258701 0.00208668 -0.0530605  0.0548667  0.754592 -0.365443   -9.7731 
             31.1007 -3.93283  7.51988  107.098   1.40368   2.03747 0.0101244 0 0 0 0.05512 0.02226 -0.0297 -0.00163885    0.146037  -0.0204253  0.0335692 0.00714646 -0.0259252 0.00332564 -0.0513872  0.0542973  0.755264 -0.363704  -9.77312 
             31.2008 -4.06741  7.31352  106.576    1.40926    2.06933 -0.0117837 0 0 0 0.05512 0.02226 -0.0297  0.0481078   0.169272 -0.0152262  0.0337484 0.00674629 -0.0258951 0.00221892  -0.049756  0.0552931  0.753978 -0.362529  -9.77326 
             31.3006 -3.71825  7.52993  105.309  1.39434  2.08017 0.015027 0 0 0 0.05512 0.02226 -0.0297 -0.167893  0.166479  0.152903  0.0340511 0.00689267 -0.0257241 0.00133932 -0.0521591  0.0516363  0.753551 -0.364818  -9.77321 
                31.4 -3.3809 7.63318 104.768   1.37192    2.0889 0.0288769 0 0 0 0.05512 0.02226 -0.0297 -0.233724 0.0533772 0.0830261  0.0341101 0.00705462 -0.0255869 0.00128938 -0.0527183  0.0517194  0.753619 -0.365315  -9.77318 
             31.5001 -3.17562  7.32382   104.11   1.36014   2.09113 0.0159619 0 0 0 0.05512 0.02226 -0.0297 -0.197576 0.0418324 0.0876335  0.0338982 0.00693403 -0.0253883 0.00250961 -0.0520634  0.0536827  0.754649 -0.364539  -9.77313 
             31.6005 -3.47701  7.39664   103.74   1.36317   2.10416 0.0294551 0 0 0 0.05512 0.02226 -0.0297 -0.085995   0.14072  0.214166  0.0337186 0.00697086 -0.0253467  0.0042772 -0.0500038  0.0531777   0.75583 -0.362442  -9.77312 
             31.7039 -3.58554  7.64079  103.125   1.36799   2.11291 0.0557666 0 0 0 0.05512 0.02226 -0.0297  0.054195 0.0755675   0.15755  0.0330418 0.00721739 -0.0254281 0.00530294 -0.0496301  0.0520111   0.75662 -0.361945  -9.77308 
             31.8011 -4.43628   7.5769  102.292     1.39203     2.12501 -0.00857833 0 0 0 0.05512 0.02226 -0.0297    0.11553    0.10655 -0.0469468  0.0338445 0.00679934 -0.0253833 0.00573039    -0.0476  0.0597999 0.757034 -0.36021 -9.77311 
             31.9006 -4.22642  7.36665  101.154   1.40433   2.16176 -0.018122 0 0 0 0.05512 0.02226 -0.0297 0.0394688  0.252881 0.0930454  0.0341266  0.0067208 -0.0251498 0.00422595  -0.044752  0.0601007  0.755396 -0.357924  -9.77332 
             32.0006 -3.69256  6.83393  100.745    1.39661    2.17013 0.00510664 0 0 0 0.05512 0.02226 -0.0297 0.00234438   0.191869 -0.0167232  0.0341329  0.0069832 -0.0249494 0.00352187 -0.0460206  0.0568394  0.754785 -0.359064  -9.77332 
             32.1006 -3.20174  6.77386  100.216     1.39567     2.18265 -0.00227126 0 0 0 0.05512 0.02226 -0.0297 -0.0640486   0.128553  0.0153395  0.0337009 0.00707576 -0.0245472 0.00468339 -0.0467472  0.0567923   0.75586 -0.359577  -9.77322 
             32.2007 -3.5571 7.30335 100.279    1.39485    2.18044 0.00458123 0 0 0 0.05512 0.02226 -0.0297 -0.0606954   0.122855  0.0412362  0.0332556 0.00693236 -0.0243725 0.00535937 -0.0474482  0.0558894  0.756465 -0.360115  -9.77316 
             32.3003 -3.21102   6.9587  99.7652   1.40861   2.20251 0.0177235 0 0 0 0.05512 0.02226 -0.0297  0.181382  0.089641 0.0322521  0.0326971 0.00724062 -0.0238704 0.00647663 -0.0469313  0.0560189  0.757397 -0.359584   -9.7731 
             32.4006 -4.35785  7.40085  100.121     1.37118     2.19849 -0.00727776 0 0 0 0.05512 0.02226 -0.0297 0.0246601 0.0726309 -0.142577  0.0334799 0.00670291 -0.0240268  0.0014707 -0.0525241  0.0587704  0.753483 -0.364754  -9.77321 
             32.5005 -4.07663  7.74892  99.6319    1.36455    2.23309 0.00764003 0 0 0 0.05512 0.02226 -0.0297 -0.0283651   0.219078 0.00554318  0.0334461 0.00602606 -0.0236116 -0.00125075  -0.0512215   0.0550477  0.750953 -0.363719  -9.77345 
             32.5996 -4.18741  7.43855  99.7625    1.40481    2.26279 -0.0233391 0 0 0 0.05512 0.02226 -0.0297  0.126691  0.197836 -0.168804  0.0341577 0.00655608 -0.0233533 0.00281865 -0.0484498  0.0588414  0.754456 -0.361208  -9.77327 
             32.7008 -2.86007  7.34828  100.813     1.3944    2.27044 -0.0197485 0 0 0 0.05512 0.02226 -0.0297  0.00232421    0.114795 -0.00415779  0.0339021 0.00643127 -0.0232128 0.00210584 -0.0509285  0.0569306   0.75388 -0.363325  -9.77324 
             32.8009 -2.93792  7.30613  101.549   1.36093   2.27654 0.0136584 0 0 0 0.05512 0.02226 -0.0297 -0.112869  0.133316  0.128481  0.0337211 0.00640211 -0.0232419 0.000897103  -0.0531048   0.0543125  0.752865 -0.365196  -9.77324 
             32.9009 -3.55144  7.35093  101.929      1.37557      2.27446 -0.000107126 0 0 0 0.05512 0.02226 -0.0297 0.0792406 0.0404391 -0.196089  0.0336682 0.00637021 -0.0232436 0.00199086 -0.0530663  0.0549815  0.753812 -0.365107  -9.77317 
             33.0009 -3.73602  7.22805  102.253    1.36524    2.29031 -0.0284129 0 0 0 0.05512 0.02226 -0.0297 0.0310448  0.111671 -0.191994  0.0339054 0.00630055 -0.0232403 0.000627232    -0.05295   0.0558677  0.752677 -0.365134  -9.77326 
             33.1034 -3.84795  7.07214  102.153    1.35322    2.31108 -0.0346567 0 0 0 0.05512 0.02226 -0.0297 -0.0845194   0.115734 -0.0780043  0.0339746 0.00648675 -0.0230088 0.000291276  -0.0535721   0.0548647  0.752414 -0.365666  -9.77326 
             33.2031 -3.18492   6.8058  103.091    1.35284    2.31854 -0.0287549 0 0 0 0.05512 0.02226 -0.0297 -0.0963096 0.00231863  -0.196048  0.0343046 0.00685575 -0.0227226 0.000952742  -0.0525414   0.0533726  0.752842 -0.364709  -9.77326 
             33.3009 -2.83459  7.53706  103.428    1.35683     2.3337 -0.0390677 0 0 0 0.05512 0.02226 -0.0297 -0.0444274   0.120056 -0.0569353   0.033514  0.0063408 -0.0224859 0.00156056 -0.0503558  0.0536647  0.753171 -0.362815  -9.77331 
             33.4008 -3.26695  7.67512  103.965     1.35195     2.34536 -0.00999636 0 0 0 0.05512 0.02226 -0.0297 -0.0509588   0.179691 0.00805033  0.0331932 0.00642216 -0.0224885 0.000797645  -0.0501273   0.0488183  0.752358 -0.362594  -9.77338 
             33.4994 -3.42576  7.49453  104.136    1.34804    2.36629 0.00281647 0 0 0 0.05512 0.02226 -0.0297  0.0484347   0.110545 -0.0448874   0.033052 0.00650447 -0.0225428 0.000452357  -0.0510622   0.0480897  0.752138 -0.363402  -9.77337 
                33.6 -3.7694 7.28337 104.144    1.34733    2.38092 -0.0193815 0 0 0 0.05512 0.02226 -0.0297 0.0126611  0.165844 0.0282462  0.0338313 0.00615074 -0.0225516 -0.000689797   -0.0509598    0.0515302 0.751285 -0.36351 -9.77343 
             33.7011 -3.69307  7.45152  104.073    1.34173    2.40392 -0.0123535 0 0 0 0.05512 0.02226 -0.0297 -0.0359533   0.194156   0.011028  0.0340166 0.00612262 -0.0223902 -0.00120007  -0.0511208   0.0513334  0.750869 -0.363701  -9.77345 
             33.8021 -3.24586  7.03022  104.589    1.31986     2.4082 0.00908123 0 0 0 0.05512 0.02226 -0.0297 -0.0892797    0.12257 -0.0607788  0.0339105 0.00616064 -0.0222611 -0.00233147  -0.0538667    0.048277  0.750133 -0.366092  -9.77342 
             33.9117 -3.07495  7.40737  104.721   1.32545   2.42222 0.0199207 0 0 0 0.05512 0.02226 -0.0297 -0.0660014   0.139236   0.110333  0.0337423 0.00592092 -0.0221119 -0.000629407   -0.0527783    0.0480509  0.751419 -0.364972  -9.77336 
             33.9994 -3.34908   7.5232  105.126   1.33198    2.4568 0.0408309 0 0 0 0.05512 0.02226 -0.0297 0.0443087  0.233708  0.106767  0.0335144 0.00629281  -0.022155 -0.00075506  -0.0507779   0.0477278  0.751061 -0.363313  -9.77345 
             34.1002 -3.50591  6.87441  105.108  1.33072  2.45732 0.041188 0 0 0 0.05512 0.02226 -0.0297  0.055255  0.168567 0.0291306  0.0334471 0.00604664 -0.0222154 -0.000185812   -0.0532863    0.0484471 0.751871 -0.36534 -9.77332 
             34.2011 -3.72152  7.29344  105.011    1.32569    2.46134 0.00493817 0 0 0 0.05512 0.02226 -0.0297  0.0461387    0.17651 0.00574662  0.0338299 0.00585673 -0.0222867 -0.00132096   -0.054294   0.0529711  0.751221 -0.366378  -9.77333 
             34.3006 -3.68078  7.26184  104.768     1.32517     2.46606 -0.00648962 0 0 0 0.05512 0.02226 -0.0297  0.0257626   0.173643 -0.0896263  0.0338302 0.00602698 -0.0221645 -0.00103434  -0.0560361   0.0541801  0.751718 -0.367803  -9.77323 
             34.3998 -3.34628   7.2657  104.338     1.31993     2.48358 -0.00774866 0 0 0 0.05512 0.02226 -0.0297 0.00238094  0.0745584  -0.058472  0.0340184 0.00620944 -0.0219466 -0.00137737  -0.0571158   0.0531798  0.751533 -0.368732  -9.77321 
             34.4997 -3.09257  7.44228  104.173      1.31679      2.50789 -0.000195409 0 0 0 0.05512 0.02226 -0.0297 -0.0171786   0.167405  0.0031372  0.0333205 0.00598274 -0.0218097 -0.00268649  -0.0560275   0.0520803  0.750285 -0.367977  -9.77334 
             34.5999 -3.79485  7.49439  103.659    1.30825    2.52029 0.00967372 0 0 0 0.05512 0.02226 -0.0297 -0.0110737   0.130315 0.00437461  0.0330971 0.00607977  -0.021775 -0.00309536   -0.057395   0.0511866  0.750067 -0.369144  -9.77331 
             34.7017 -3.73496  7.62653  103.247    1.31259    2.53131 -0.0125258 0 0 0 0.05512 0.02226 -0.0297 0.0273365  0.124221 -0.112948  0.0329967  0.0059334 -0.0217744 -0.00295877  -0.0571484   0.0538602  0.750253 -0.368956   -9.7733 
             34.8001 -3.9038 7.34458 102.931    1.30795    2.54498 -0.0165435 0 0 0 0.05512 0.02226 -0.0297 -0.0124842   0.169076 -0.0280905  0.0334911 0.00566785 -0.0213461 -0.00379763  -0.0576867   0.0539217  0.749614 -0.369481  -9.77333 
             34.8997 -3.45639  7.46301  103.006     1.3077    2.56596 -0.0334496 0 0 0 0.05512 0.02226 -0.0297 -0.0458953   0.138285  -0.063182  0.0337236 0.00593967  -0.021022 -0.00383306   -0.056747   0.0565458  0.749603 -0.368744  -9.77336 
             34.9999 -3.0548 7.43773 103.473   1.27805   2.56996 -0.014596 0 0 0 0.05512 0.02226 -0.0297 -0.170279 0.0797249 -0.035273  0.0334553  0.0057529 -0.0206426 -0.0051986 -0.0603257   0.051346  0.748575 -0.371715  -9.77333 
             35.0997 -2.89008  7.52533  104.031    1.25972    2.57375 -0.0248225 0 0 0 0.05512 0.02226 -0.0297   -0.20186    0.10013 -0.0254721  0.0331868 0.00567597 -0.0205886 -0.00549123  -0.0610871   0.0526959  0.748442 -0.372385  -9.77331 
             35.2022  -3.705 7.73876 104.408    1.27805    2.58048 -0.0275489 0 0 0 0.05512 0.02226 -0.0297 -0.0582424   0.141313 -0.0510632  0.0329493 0.00596586 -0.0206055 -0.0027432 -0.0577228  0.0534894  0.750432 -0.369408  -9.77327 
             35.3003 -3.88715  7.59614  104.498    1.28041    2.59853 -0.0220777 0 0 0 0.05512 0.02226 -0.0297    0.0713774 -0.000938937    -0.197241  0.0328819 0.00615846 -0.0206513 -0.00298783  -0.0568944    0.052437  0.750128 -0.368733  -9.77332 
             35.4004 -4.60956  7.59651  104.244    1.27332    2.61273 -0.0313601 0 0 0 0.05512 0.02226 -0.0297 -0.0538437   0.133264 -0.0950621  0.0334417 0.00555083 -0.0206087 -0.00390024   -0.057307   0.0513845  0.749385 -0.369142  -9.77336 
                35.5 -3.29172  7.07435  104.765    1.27155    2.63572 -0.0171191 0 0 0 0.05512 0.02226 -0.0297    -0.108775     0.121004 -0.000964588  0.0332967 0.00567365 -0.0204495 -0.00358531  -0.0557561   0.0500295 0.749439 -0.36784 -9.77341 
             35.6001 -2.94483  7.10164  105.072    1.26874    2.65643 -0.0170903 0 0 0 0.05512 0.02226 -0.0297 -0.0156128   0.178734 -0.0918921   0.033234 0.00564858  -0.020016 -0.00361773   -0.054998   0.0489747  0.749294 -0.367227  -9.77344 
             35.6999 -2.84675  7.06296  105.406     1.27116     2.66641 -0.00147276 0 0 0 0.05512 0.02226 -0.0297 0.00720341   0.201553   0.031101  0.0331936 0.00554345 -0.0200614 -0.00262004  -0.0553714   0.0472337 0.750085 -0.36742 -9.77337 
             35.8001 -3.13212  7.08503  105.701   1.27599   2.68623 0.0214746 0 0 0 0.05512 0.02226 -0.0297 0.0614507  0.170268 0.0862409  0.0329873 0.00552371 -0.0200302 -0.00234811  -0.0557535   0.0460748  0.750317 -0.367695  -9.77335 
             35.8999 -3.26857  7.02967  105.785     1.27262     2.69006 -0.00986715 0 0 0 0.05512 0.02226 -0.0297  0.0658396   0.152852 -0.0264096  0.0330963 0.00522526 -0.0201638 -0.00278065   -0.057497   0.0488772  0.750226 -0.369171   -9.7733 
                  36 -3.24949    7.122  105.882   1.26053   2.69776 -0.026643 0 0 0 0.05512 0.02226 -0.0297 -0.0455882    0.15592  -0.117085  0.0332982 0.00528386 -0.0198425 -0.00397529  -0.0595995    0.050018  0.749526 -0.371014  -9.77328 
             36.1004 -2.76755  7.12332  106.074    1.24626    2.70794 -0.0180555 0 0 0 0.05512 0.02226 -0.0297  -0.100058  0.0554063 -0.0298305  0.0333943 0.00542225 -0.0197428 -0.00428381  -0.0605076    0.048841  0.749362 -0.371774  -9.77327 
             36.2001 -2.86948  7.12022  106.539    1.24421    2.70762 -0.0370023 0 0 0 0.05512 0.02226 -0.0297 -0.0716557   0.045616 -0.0284131  0.0331114 0.00506381 -0.0193838 -0.00327552  -0.0605045   0.0501803  0.750197 -0.371661  -9.77321 
             36.3001 -2.79845  7.22743  106.947    1.25181    2.72231 -0.0244785 0 0 0 0.05512 0.02226 -0.0297 -0.0224018   0.113922 0.00950347  0.0328248  0.0050027 -0.0193135 -0.00288318  -0.0576224   0.0483571  0.750119 -0.369277   -9.7733 
             36.4002 -2.78283  7.01093  107.116    1.25189     2.7512 -0.0181261 0 0 0 0.05512 0.02226 -0.0297 -0.00172995    0.174881  -0.0245633  0.0325872 0.00519618 -0.0193332 -0.00325931  -0.0571245   0.0483471  0.749754 -0.368925  -9.77334 
             36.5003 -3.21829  7.04566  107.411    1.24313    2.75258 -0.0272185 0 0 0 0.05512 0.02226 -0.0297  0.0417251   0.154526 -0.0158709  0.0328443 0.00477564  -0.019481 -0.0030908 -0.0603722  0.0486209 0.750329 -0.37151  -9.7732 
             36.6003 -3.05528  6.91112  107.477    1.24212     2.7745 -0.0189413 0 0 0 0.05512 0.02226 -0.0297 -0.0248653   0.190506    0.11526  0.0330025 0.00509996 -0.0191886 -0.00371732  -0.0605265   0.0471005  0.749823 -0.371713  -9.77323 
             36.7004 -3.10805  7.30762  107.774  1.23225  2.80015 -0.02527 0 0 0 0.05512 0.02226 -0.0297 -0.0515961   0.143611 -0.0337251  0.0332873 0.00531098 -0.0190274 -0.00554708  -0.0598624   0.0491205  0.748304 -0.371458  -9.77336 
             36.8008 -2.58236  7.36749  108.048    1.21933    2.80342 -0.0153636 0 0 0 0.05512 0.02226 -0.0297 -0.104302  0.111059 0.0985209  0.0331271 0.00508034 -0.0188761 -0.00525916  -0.0619413   0.0474576  0.748808 -0.373064  -9.77326 
             36.9004 -2.67931  7.47249  108.588     1.20999     2.81406 -0.00620274 0 0 0 0.05512 0.02226 -0.0297 -0.0719863   0.161401    0.18864   0.032848 0.00526431 -0.0189185 -0.00513776  -0.0621394   0.0473726  0.748933 -0.373202  -9.77324 
             37.0005 -2.9842  7.6697 108.845    1.21812    2.82635 -0.0268262 0 0 0 0.05512 0.02226 -0.0297  0.0297605   0.146395 -0.0264676  0.0327325 0.00549552 -0.0189387 -0.00477492  -0.0606185   0.0511503  0.749065 -0.371969  -9.77328 
             37.1005 -3.44955  7.28781  108.937    1.21008    2.82621 -0.0358444 0 0 0 0.05512 0.02226 -0.0297 -0.0146065   0.106611  -0.119584  0.0332094 0.00517863 -0.0190649 -0.00542357  -0.0626352   0.0518769  0.748891 -0.373682  -9.77323 
             37.2011 -3.44101   6.7992  108.648    1.20537    2.84723 -0.0157948 0 0 0 0.05512 0.02226 -0.0297 -0.0688096   0.173624   0.166665  0.0333104 0.00530911 -0.0186662 -0.00510156  -0.0635408   0.0494481  0.749228 -0.374333  -9.77318 
             37.3007  -2.801 7.52744 109.644    1.19637    2.84636 -0.0110114 0 0 0 0.05512 0.02226 -0.0297 -0.0503045   0.020125 -0.0405761  0.0333133 0.00530277 -0.0185002 -0.00451656   -0.064972   0.0502697   0.74995 -0.375366  -9.77308 
             37.4006 -2.58478  7.15056   110.26    1.20749    2.85986 -0.0395019 0 0 0 0.05512 0.02226 -0.0297   -0.0078 0.0689618  0.027845  0.0329778 0.00510123  -0.018213 -0.00400928  -0.0626384   0.0537827  0.750027 -0.373435  -9.77315 
             37.5009 -2.42674   7.3145  110.705    1.20355    2.87791 -0.0370582 0 0 0 0.05512 0.02226 -0.0297 -0.0141712   0.158037 0.00897848  0.0327118 0.00512016 -0.0182944 -0.00591962  -0.0607955   0.0532316  0.748179 -0.372331  -9.77334 
             37.6006 -1.98296   7.1569  111.203    1.19494    2.91305 -0.0157334 0 0 0 0.05512 0.02226 -0.0297 0.0721204  0.199389 -0.024881  0.0323076 0.00526362  -0.018671 -0.00693748  -0.0621894   0.0511543  0.747595 -0.373616  -9.77333 
             37.7005 -2.77939  7.09661  110.771    1.18592    2.92121 -0.0549209 0 0 0 0.05512 0.02226 -0.0297  0.0241269   0.194826 -0.0578929   0.033114 0.00492254 -0.0188012 -0.00819922  -0.0640849    0.055566   0.74705 -0.375377   -9.7733 
             37.8006 -2.57087  7.26261  110.354    1.18632    2.93744 -0.0642402 0 0 0 0.05512 0.02226 -0.0297 -0.0738479   0.174468   0.143315  0.0333631 0.00518678 -0.0186221 -0.00760635  -0.0645993   0.0563597 0.747624 -0.37567 -9.77325 
             37.9006 -2.1193 6.92305 110.437    1.15929     2.9349 -0.0107871 0 0 0 0.05512 0.02226 -0.0297 -0.120106 0.0141242 0.0373981  0.0333465 0.00526031 -0.0184037 -0.00837182  -0.0681207   0.0494192  0.747607 -0.378494  -9.77314 
             38.0006 -2.07142  7.29094  110.481    1.15624    2.94363 -0.0121763 0 0 0 0.05512 0.02226 -0.0297 -0.120475 0.0351243  0.149862  0.0328138 0.00498289 -0.0181587 -0.00784142  -0.0660356    0.050939  0.747648 -0.376785  -9.77321 
             38.1008 -1.85023  7.41309  110.549    1.15804    2.96468 -0.0108154 0 0 0 0.05512 0.02226 -0.0297 -0.00830555    0.151054    0.175138  0.0325077 0.00483332 -0.0180832 -0.00747179  -0.0633077   0.0530948  0.747456 -0.374619   -9.7733 
             38.2008 -2.1222  6.5501 110.582    1.16457    2.98137 -0.0161929 0 0 0 0.05512 0.02226 -0.0297 0.00146405    0.17103 -0.0877961   0.032456   0.004934 -0.0180696 -0.00679116  -0.0625887   0.0543784 0.747871 -0.37395  -9.7733 
             38.3007 -2.65224  7.10212  110.699    1.16277    2.99532 -0.0459101 0 0 0 0.05512 0.02226 -0.0297   0.011083   0.206042 -0.0862764  0.0327717 0.00471991   -0.01811 -0.00733245  -0.0633022   0.0577729  0.747628 -0.374656  -9.77329 
             38.3999 -2.22823  7.17161  110.696     1.1663    2.99617 -0.0287281 0 0 0 0.05512 0.02226 -0.0297  0.0142972   0.200377 -0.0023083  0.0330071 0.00512331 -0.0178444 -0.00623734  -0.0634841   0.0549744  0.748478 -0.374559  -9.77323 
             38.4999 -2.48821  7.22073   110.41    1.16181    3.01541 -0.0396129 0 0 0 0.05512 0.02226 -0.0297 -0.0531971  0.0111018  -0.165266  0.0332175 0.00518712 -0.0176407 -0.00624677  -0.0637164   0.0564858  0.748532 -0.374759  -9.77322 
             38.6008 -1.78045  7.45985  111.164    1.14769    3.01868 -0.0686984 0 0 0 0.05512 0.02226 -0.0297 -0.0535427  0.0539144 -0.0668508  0.0323089 0.00458051 -0.0173616 -0.00753398  -0.0647055   0.0583462  0.747745 -0.375786  -9.77324 
             38.7013 -2.0063 7.48218 111.651    1.12001    3.03217 -0.0221238 0 0 0 0.05512 0.02226 -0.0297 -0.268146 0.0619298  0.191733  0.0318665 0.00457979  -0.017369 -0.00896907  -0.0654521   0.0528937  0.746706 -0.376592  -9.77328 
             38.8002 -2.82251  6.73904  111.875    1.10971    3.04259 0.00363244 0 0 0 0.05512 0.02226 -0.0297  -0.20118  0.105513 0.0520309  0.0318832 0.00453487 -0.0173843 -0.00775018  -0.0646494   0.0513515 0.747468 -0.37572 -9.77326 
             38.9009 -3.00004  6.84377  112.019    1.10428    3.05447 -0.0151988 0 0 0 0.05512 0.02226 -0.0297 -0.118964  0.133999 0.0188893   0.031966 0.00445395  -0.017251 -0.0076471 -0.0642977  0.0525358  0.747496 -0.375435  -9.77327 
             38.9997 -2.59397  7.02967  111.932     1.10844     3.05592 -0.00675038 0 0 0 0.05512 0.02226 -0.0297 -0.084304  0.138736 0.0264116  0.0319928   0.004649 -0.0169904 -0.00706984  -0.0642408    0.052295 0.747918 -0.37528 -9.77324 
                39.1 -2.6457 7.08676 111.959  1.10762  3.08542 -0.04299 0 0 0 0.05512 0.02226 -0.0297 -0.083899 0.0629356 -0.116598  0.0323369 0.00475702 -0.0168661 -0.00661084  -0.0628556   0.0537995 0.748021 -0.37413 -9.77328 
             39.1999 -1.97513  7.51206  112.663    1.12408    3.08757 -0.0390181 0 0 0 0.05512 0.02226 -0.0297 -0.0243241  0.0401714  0.0557544  0.0319099 0.00459943  -0.016696 -0.00452682   -0.061773   0.0535889  0.749376 -0.372906  -9.77322 
             39.3002 -2.33054  7.35791  112.818    1.12112    3.09311 -0.0343658 0 0 0 0.05512 0.02226 -0.0297 -0.0359548   0.076578  0.0693079  0.0318779 0.00463201  -0.016704 -0.00509268  -0.0614804   0.0531319 0.748884  -0.3728 -9.77326 
             39.4001 -2.02719  7.70841  113.083    1.11305    3.11276 -0.0300745 0 0 0 0.05512 0.02226 -0.0297 0.00570013   0.128711 -0.0639834  0.0315493  0.0042561 -0.0169797 -0.00554895  -0.0619778   0.0530541  0.748638 -0.373266  -9.77326 
             39.5014 -2.38134  7.08302  112.413    1.10637    3.12733 -0.0343253 0 0 0 0.05512 0.02226 -0.0297 -0.0201393   0.185866 -0.0337947  0.0317882 0.00434796 -0.0168592 -0.00657013  -0.0613983   0.0531671  0.747761 -0.373036  -9.77334 
             39.6001 -2.39875  6.58241  112.182    1.10468    3.15801 -0.0433104 0 0 0 0.05512 0.02226 -0.0297 -0.0414969   0.164545 -0.0329966  0.0317923 0.00482674 -0.0166505 -0.00635999  -0.0616823   0.0540106  0.747988 -0.373214  -9.77332 
             39.7003 -1.83822    7.008  111.947    1.09509    3.16539 -0.0481505 0 0 0 0.05512 0.02226 -0.0297 -0.0170863  0.0851603  -0.148365  0.0318429 0.00446556 -0.0164688 -0.00646875  -0.0627711   0.0528554  0.748098 -0.374035  -9.77328 
             39.8003 -1.70242  7.40333  111.819    1.09556     3.1616 -0.0560043 0 0 0 0.05512 0.02226 -0.0297 -0.0073481  0.0771835  -0.144266  0.0315422 0.00411357 -0.0164293 -0.00607701  -0.0632825   0.0538904  0.748488 -0.374354  -9.77323 
             39.8997 -0.75671  7.77758  111.815   1.10566   3.18623 -0.074793 0 0 0 0.05512 0.02226 -0.0297 0.0757305  0.195187 -0.176266  0.0309974 0.00389544 -0.0164363 -0.00607082  -0.0634771   0.0541534 0.748529  -0.3745 -9.77323 
             39.9998 -2.28204  6.87952  110.814    1.09788    3.20414 -0.0558976 0 0 0 0.05512 0.02226 -0.0297  0.0221487   0.234433 -0.0581786  0.0309981 0.00401715 -0.0164785 -0.00703984  -0.0635427   0.0518777  0.747806 -0.374678  -9.77327 
             40.0999 -2.78197  6.81599   110.33    1.09885    3.22479 -0.0471553 0 0 0 0.05512 0.02226 -0.0297  0.0190275   0.250856 0.00145753  0.0310924 0.00386402  -0.016316 -0.00653743   -0.064845   0.0510665  0.748375 -0.375539   -9.7732 
             40.1997 -2.01478  7.28537  109.875    1.08319    3.22957 -0.0326043 0 0 0 0.05512 0.02226 -0.0297 -0.0729826  0.0996689  0.0393624  0.0310673 0.00412792 -0.0161926 -0.00659298  -0.0663831   0.0506347  0.748536 -0.376665  -9.77314 
             40.2997 -2.01016  7.50217  109.519    1.08886    3.23077 -0.0574321 0 0 0 0.05512 0.02226 -0.0297 -0.0414819  0.0387441 -0.0433562  0.0308972 0.00389008 -0.0157829 -0.00547819  -0.0658724   0.0528262  0.749321 -0.376186   -9.7731 
             40.3997 -2.09236  7.46147  109.438    1.08361    3.24496 -0.0454237 0 0 0 0.05512 0.02226 -0.0297    -0.03669    0.125071 0.000738398  0.0304391 0.00366138  -0.015812 -0.00599385  -0.0653142   0.0513214  0.748856 -0.375816  -9.77315 
             40.4996 -2.6558 7.36254 109.113    1.07653    3.26303 -0.0229848 0 0 0 0.05512 0.02226 -0.0297 0.00155851   0.120467  0.0636956  0.0299515   0.003913 -0.0158521 -0.00719244  -0.0654892   0.0492458  0.747974 -0.376051  -9.77321 
             40.5998 -2.91991  7.25577  108.626    1.07769    3.27487 -0.0365472 0 0 0 0.05512 0.02226 -0.0297  0.0328133   0.142745 0.00480935  0.0303082 0.00379256  -0.015925 -0.00740521  -0.0656413   0.0511815  0.747869 -0.376216  -9.77321 
             40.6998 -3.04974   7.4309  108.103    1.07814    3.29378 -0.0550381 0 0 0 0.05512 0.02226 -0.0297  -0.016702   0.208699 -0.0882253  0.0307576 0.00362722 -0.0155899 -0.00808278  -0.0654831   0.0536272  0.747404 -0.376206  -9.77325 
             40.7998 -2.32375   7.3469  107.871    1.07251    3.32062 -0.0813789 0 0 0 0.05512 0.02226 -0.0297 -0.0526359   0.165693 -0.0936217  0.0311191 0.00413441 -0.0153684 -0.00972305  -0.0641812   0.0579841 0.746173 -0.37548 -9.77337 
             40.8999 -1.93659  7.57826  107.928    1.06868    3.33798 -0.0835824 0 0 0 0.05512 0.02226 -0.0297 -0.0349647   0.168658 -0.0549031   0.030738 0.00384756  -0.015096 -0.00922463  -0.0639003   0.0557705   0.74647 -0.375198  -9.77336 
             40.9999 -1.69283  7.47646  107.967    1.06662    3.33874 -0.0646707 0 0 0 0.05512 0.02226 -0.0297 -0.0449076    0.15305  0.0642488  0.0301522  0.0036484 -0.0149734 -0.00810746  -0.0650899   0.0526195  0.747315 -0.375905  -9.77326 
             41.0999 -1.83936  7.33986  108.121    1.07032    3.36911 -0.0556772 0 0 0 0.05512 0.02226 -0.0297 0.0411369   0.19317 0.0539942  0.0300949 0.00366088 -0.0150791 -0.0078042 -0.0642648  0.0530103  0.747477 -0.375297  -9.77328 
                41.2 -2.54295  7.25375  107.133    1.05521    3.37204 -0.0659962 0 0 0 0.05512 0.02226 -0.0297 0.0046929  0.159681 0.0272005  0.0301458 0.00346062 -0.0152398 -0.00839979   -0.067511   0.0536802  0.747282 -0.377675   -9.7732 
             41.2999 -2.59133  7.10991  106.484    1.05304    3.38104 -0.0656839 0 0 0 0.05512 0.02226 -0.0297 -0.0555719   0.176234  0.0618763  0.0305748 0.00376649  -0.014964 -0.00779388  -0.0683451   0.0536781  0.747764 -0.378231  -9.77314 
             41.3999 -2.20271  7.50655  106.124     1.0605    3.38215 -0.0675694 0 0 0 0.05512 0.02226 -0.0297 -0.0558056 -0.0150427 -0.0875779  0.0309008 0.00413789 -0.0147579 -0.00559923  -0.0677134   0.0550473  0.749306 -0.377701  -9.77304 
                41.5 -2.07183  7.04044  106.077    1.06597    3.39107 -0.0600063 0 0 0 0.05512 0.02226 -0.0297 -0.0133705  0.0122441   0.050818  0.0304719 0.00378974 -0.0143448 -0.00536087  -0.0659487   0.0532029  0.749396 -0.376399  -9.77309 
                41.6 -1.55455  7.34813  106.197    1.06268    3.41035 -0.0388765 0 0 0 0.05512 0.02226 -0.0297 0.00862933   0.124349   0.128935   0.029938 0.00324997 -0.0139892 -0.00680673   -0.064915   0.0513575  0.748339 -0.375674  -9.77319 
             41.7001 -1.72483  6.96481  106.452    1.06257    3.42947 -0.0297175 0 0 0 0.05512 0.02226 -0.0297 -0.0129571   0.216683  0.0172327  0.0299563 0.00319797 -0.0140708  -0.007282 -0.0645055  0.0514584  0.747994 -0.375404  -9.77323 
             41.8004 -1.96638  6.79225  106.541    1.05801    3.43893 -0.0573867 0 0 0 0.05512 0.02226 -0.0297 -0.0232489   0.211751 -0.0587731    0.02998 0.00322256 -0.0142255 -0.00765347  -0.0651798   0.0550549  0.747739 -0.375986  -9.77323 
             41.8997 -2.01646  6.71562  106.365    1.05743    3.45191 -0.0578404 0 0 0 0.05512 0.02226 -0.0297  0.00131057    0.221758 -0.00220614  0.0299705 0.00363698 -0.0140277 -0.00705082  -0.0660451   0.0549601  0.748181 -0.376572  -9.77317 
             42.0004 -2.0608 7.07446 106.338     1.0431    3.46582 -0.0766012 0 0 0 0.05512 0.02226 -0.0297  -0.102291    0.15358 -0.0414223  0.0306293 0.00389665 -0.0138784 -0.00798054  -0.0673533    0.057542  0.747547 -0.377581  -9.77318 
             42.1005 -1.56532   7.4231  106.395   1.02288   3.48503 -0.080269 0 0 0 0.05512 0.02226 -0.0297  -0.126054  0.0582958 -0.0226442  0.0303358 0.00335263 -0.0135711 -0.0081597 -0.0668394  0.0552951 0.747423 -0.37716 -9.77321 
             42.2003 -1.58739  7.46439  107.213    1.04129    3.48636 -0.0540176 0 0 0 0.05512 0.02226 -0.0297 0.00207005   0.112899   0.192765  0.0301202 0.00319564 -0.0134132 -0.00560786  -0.0657731   0.0531281 0.749175 -0.37628 -9.77311 
             42.3003 -2.05736  7.42802  107.361    1.04361    3.50033 -0.0477427 0 0 0 0.05512 0.02226 -0.0297 0.00456116   0.113266 -0.0838607  0.0301678 0.00323732 -0.0134986 -0.00576275   -0.065401   0.0531993  0.749055 -0.376029  -9.77313 
             42.4004 -2.13516  6.91693  107.623    1.03676    3.51836 -0.0752015 0 0 0 0.05512 0.02226 -0.0297  0.0207096    0.18968 -0.0406121  0.0302473 0.00319152 -0.0138149 -0.00701797  -0.0655233   0.0553812  0.748196 -0.376226  -9.77318 
             42.5003 -1.98061  7.23991  107.568    1.02956    3.54069 -0.0835623 0 0 0 0.05512 0.02226 -0.0297 -0.0788663   0.237668  0.0853426  0.0303924 0.00361743 -0.0135022 -0.00801041   -0.065925   0.0555566  0.747526 -0.376553  -9.77322 
             42.6003 -1.90509  7.64071  107.631    1.00642    3.55351 -0.0819019 0 0 0 0.05512 0.02226 -0.0297 -0.122438 0.0383804 -0.137379  0.0306415 0.00377532 -0.0132567 -0.00879862  -0.0672483   0.0549384  0.747038 -0.377492  -9.77322 
             42.7004 -1.62053  7.72482  108.223   0.982341    3.55494 -0.0433723 0 0 0 0.05512 0.02226 -0.0297 -0.161224  0.106448  0.251942    0.03007 0.00310327  -0.013001 -0.00887794  -0.0696248   0.0496847  0.747077 -0.378981  -9.77316 
             42.8004 -1.47443  7.72822  108.627   0.994408    3.58247 -0.0247816 0 0 0 0.05512 0.02226 -0.0297 -0.0238036   0.258913   0.231983   0.029897 0.00296723 -0.0129591 -0.00756449  -0.0659094   0.0501951  0.747786 -0.376348  -9.77321 
             42.8995 -1.83243  7.41041  108.781    1.01894    3.60559 -0.0437611 0 0 0 0.05512 0.02226 -0.0297   0.156164   0.353086 -0.0159115  0.0298572 0.00318622 -0.0131238 -0.00600722  -0.0640082   0.0544599  0.748768 -0.375065  -9.77319 
             43.0004 -2.0879 7.18986 108.809    1.02847    3.63435 -0.0764959 0 0 0 0.05512 0.02226 -0.0297   0.157313   0.357757 -0.0754152  0.0299894 0.00314046 -0.0133328 -0.00601505  -0.0665615   0.0568674  0.748939 -0.376907   -9.7731 
             43.1009 -1.56875  7.58626  108.339     1.0145    3.61947 -0.0671732 0 0 0 0.05512 0.02226 -0.0297  0.0717959   0.275624 -0.0318848  0.0304359 0.00360486  -0.013203 -0.00597818  -0.0706671   0.0552744  0.749235 -0.379698  -9.77297 
             43.2002 -2.20942  7.35499  108.399   0.999625    3.64036 -0.0584811 0 0 0 0.05512 0.02226 -0.0297 -0.0986518  0.0488173 -0.0750237  0.0310677 0.00386829 -0.0132633 -0.00599966  -0.0730243   0.0547588  0.749378 -0.381314   -9.7729 
             43.3007 -1.27365  7.98141   107.82    1.01048    3.64057 -0.0789273 0 0 0 0.05512 0.02226 -0.0297 -0.0165322  0.0734823  -0.138439  0.0303077 0.00320091  -0.012967 -0.00441727  -0.0715967   0.0578368 0.750396 -0.38032 -9.77286 
              43.401 -0.604062   8.54499   107.602    1.01126    3.66191 -0.0283733 0 0 0 0.05512 0.02226 -0.0297 0.0450333  0.193093  0.244534  0.0295737 0.00247596  -0.012918 -0.00382902  -0.0723805   0.0521841  0.750813 -0.380637  -9.77281 
             43.5006 -1.99211  7.33132  106.534    1.02309    3.67216 -0.0752787 0 0 0 0.05512 0.02226 -0.0297 0.0564062  0.125262 -0.149251  0.0296183 0.00295168 -0.0132994 -0.00380278  -0.0717262    0.058676   0.75085 -0.380473  -9.77282 
             43.6007 -2.47266  7.36202  105.799     1.0141    3.68542 -0.0799581 0 0 0 0.05512 0.02226 -0.0297 0.0155192  0.172444 -0.073436  0.0301108 0.00300725 -0.0130328 -0.0048096  -0.073004  0.0581657  0.750193 -0.381341  -9.77283 
             43.7006 -2.43432  7.26285  105.136    1.00676    3.70158 -0.0930232 0 0 0 0.05512 0.02226 -0.0297 -0.0905083    0.20558  0.0998761  0.0302632 0.00319633 -0.0124012 -0.00563295  -0.0733036   0.0593525  0.749653 -0.381607  -9.77286 
             43.7994 -2.19714  7.36585  105.162   0.996822    3.70317 -0.0937173 0 0 0 0.05512 0.02226 -0.0297   -0.12619   0.125725 -0.0864056   0.030342 0.00293542 -0.0121002 -0.00591671  -0.0745659   0.0593893  0.749458 -0.382447  -9.77285 
             43.8998 -1.8617 6.30539 105.264  0.982539    3.7179 -0.137426 0 0 0 0.05512 0.02226 -0.0297 -0.102314 0.0654203 -0.130457  0.0302448 0.00365903 -0.0119926 -0.00562986  -0.0734784   0.0616794  0.749682 -0.381819  -9.77285 
             43.9997 -2.74787  7.11067  106.241   0.982337    3.73216 -0.0884301 0 0 0 0.05512 0.02226 -0.0297 -0.0250681   0.147671   0.026978  0.0299851 0.00332744 -0.0119646 -0.00463838  -0.0734124   0.0566237  0.750325 -0.381663  -9.77281 
             44.0998 -2.58462  6.70809   106.33  0.993141   3.74548 -0.066368 0 0 0 0.05512 0.02226 -0.0297  0.0481633   0.170293 -0.0153127  0.0300482 0.00295426 -0.0121568 -0.00383859  -0.0728037   0.0547897  0.750855 -0.381257  -9.77279 
             44.1996 -2.84098  6.98019  106.612   0.989975    3.75629 -0.0618356 0 0 0 0.05512 0.02226 -0.0297 0.0422532  0.174582  0.057113  0.0302738 0.00285801 -0.0120706 -0.0039991 -0.0738079  0.0547476  0.750743 -0.381918  -9.77277 
             44.3008 -2.21425  7.21915  106.808    0.99315    3.77471 -0.0406094 0 0 0 0.05512 0.02226 -0.0297 -0.0273323   0.133296   0.156909  0.0305375 0.00315255 -0.0118887 -0.00357042   -0.073707   0.0542103  0.751023 -0.381852  -9.77275 
             44.4011 -1.59722   7.3771  107.274   0.975149    3.79131 -0.0624811 0 0 0 0.05512 0.02226 -0.0297 -0.0801538  0.0733392 -0.0254936  0.0304225 0.00299717 -0.0117193 -0.00563433  -0.0741704    0.057308  0.749686 -0.382199  -9.77284 
             44.5009 -1.50619  7.36454  107.851   0.963106    3.81743 -0.0558056 0 0 0 0.05512 0.02226 -0.0297 -0.0921475   0.148447  0.0780073  0.0298501 0.00276195  -0.011493 -0.00775258  -0.0731157   0.0567154  0.748273 -0.381523  -9.77297 
             44.6082 -1.53887  7.29233  108.393   0.952077    3.84187 -0.0653784 0 0 0 0.05512 0.02226 -0.0297  -0.0212532     0.23729 -0.00589142  0.0297672 0.00272872 -0.0115356 -0.00844945  -0.0730376   0.0592281  0.747821 -0.381548  -9.77301 
              44.701 -2.00268  7.04438  108.474   0.972634    3.83493 -0.0764809 0 0 0 0.05512 0.02226 -0.0297  0.0664102   0.185809 -0.0506771  0.0296433 0.00283673  -0.011791 -0.00537369  -0.0715986   0.0614333  0.749812 -0.380548  -9.77289 
             44.7999 -2.02656  6.60142  108.451   0.975408    3.84238 -0.0945432 0 0 0 0.05512 0.02226 -0.0297  0.101934  0.162166 -0.119034   0.029717  0.0033585 -0.0117493 -0.00514862  -0.0728376   0.0625532  0.750007 -0.381392  -9.77285 
             44.9001 -2.14493  7.12532   108.43  0.943115   3.86094 -0.100055 0 0 0 0.05512 0.02226 -0.0297 -0.124688 0.0555836 -0.102832  0.0299384 0.00333489 -0.0116699 -0.00662855  -0.0759619   0.0614934   0.74916 -0.383503  -9.77283 
             44.9995 -1.59043  7.56606  109.071   0.94202   3.86114 -0.102641 0 0 0 0.05512 0.02226 -0.0297   -0.136251 -0.00628569   -0.240158  0.0300386 0.00317838  -0.011484 -0.00594622  -0.0756602   0.0604903  0.749599 -0.383248   -9.7728 
             45.0997 -1.74998  7.57596  109.481   0.94392   3.86496 -0.120855 0 0 0 0.05512 0.02226 -0.0297 -0.0486344  0.0687352  -0.149774  0.0294958 0.00314231 -0.0112286 -0.00526417  -0.0748292   0.0609851  0.750004 -0.382676   -9.7728 
                45.2 -2.47621   7.4677  110.007  0.950501   3.88806 -0.119732 0 0 0 0.05512 0.02226 -0.0297  0.043605  0.112272 -0.110385  0.0292611 0.00324708 -0.0111426 -0.00528674  -0.0732593   0.0597614  0.749891 -0.381612  -9.77285 
             45.2997 -2.57244  7.52566  110.496  0.945115   3.88502 -0.110139 0 0 0 0.05512 0.02226 -0.0297  0.0412783   0.101023 -0.0408728  0.0294908 0.00303432  -0.011378 -0.00537612  -0.0747412   0.0579583  0.749915 -0.382561  -9.77281 
             45.3997 -3.13592  7.56817   109.86  0.920472   3.89734 -0.107602 0 0 0 0.05512 0.02226 -0.0297  -0.066277   0.133464 -0.0178765  0.0297449 0.00299897 -0.0110776 -0.00734731  -0.0776698   0.0572911  0.748811 -0.384624  -9.77281 
             45.4999 -1.65796  7.85131   111.21  0.924605   3.92479 -0.112241 0 0 0 0.05512 0.02226 -0.0297 -0.0898967  0.0588191 0.00961558  0.0300335 0.00318785 -0.0111231 -0.00743026  -0.0755269   0.0584974  0.748612 -0.383231  -9.77288 
             45.6001 -1.32974  7.86836  111.823  0.913594   3.93125 -0.078336 0 0 0 0.05512 0.02226 -0.0297 -0.149412 0.0674769  0.141855  0.0294746 0.00315769 -0.0108308 -0.00814105  -0.0759558   0.0547647  0.748117 -0.383515  -9.77291 
             45.6998 -0.432259   8.30036   111.548   0.867875    3.95032 -0.0341647 0 0 0 0.05512 0.02226 -0.0297  -0.28356 0.0911699  0.291768  0.0286104 0.00280307 -0.0105402 -0.00872985  -0.0757156   0.0539287  0.747693 -0.383396  -9.77294 
             45.7998 -1.60269  7.20998  113.025   0.894603    3.96622 -0.0615465 0 0 0 0.05512 0.02226 -0.0297 -0.0602427   0.142714  0.0533033   0.028964 0.00288933 -0.0106358 -0.00686096  -0.0729464   0.0581717  0.748667 -0.381486  -9.77294 
             45.8998 -2.03073  7.10901  113.203   0.910526    3.95921 -0.0724826 0 0 0 0.05512 0.02226 -0.0297  0.0161251  0.0960161 -0.0237248  0.0293857 0.00271039 -0.0109072 -0.00544139  -0.0725483     0.05934  0.749556 -0.381088  -9.77289 
             45.9996 -2.2521 7.56715 113.045  0.917324   3.97189 -0.073095 0 0 0 0.05512 0.02226 -0.0297  0.0459481   0.173288 -0.0179067  0.0295249 0.00214633 -0.0107565 -0.00507638  -0.0730655   0.0590976  0.749859 -0.381373  -9.77286 
             46.0997 -1.26724   7.9665   113.44  0.902821   3.96361 -0.086611 0 0 0 0.05512 0.02226 -0.0297  -0.036307 -0.0304227 -0.0987673  0.0296832 0.00272328 -0.0106074 -0.00545943  -0.0751192   0.0603723 0.749898  -0.3828  -9.7728 
             46.1998 -1.17092  8.08765   113.78   0.899009    3.97132 -0.0931959 0 0 0 0.05512 0.02226 -0.0297 -0.0608933 -0.0210599  -0.146447  0.0293178 0.00256957 -0.0103156 -0.00651634  -0.0744042   0.0608506  0.749115 -0.382494  -9.77287 
             46.2997 -0.275744   8.53239   113.448   0.89894   3.99551 -0.119001 0 0 0 0.05512 0.02226 -0.0297  0.0126491   0.116496 -0.0993797   0.0283773   0.0020527 -0.00995288 -0.00733955  -0.0724156   0.0613252  0.748304 -0.381321  -9.77298 
                46.4 -1.36149  7.25138  114.548  0.88951  4.01053 -0.13042 0 0 0 0.05512 0.02226 -0.0297 -0.0788577   0.144927  -0.150375  0.0287322 0.00231238 -0.0101614 -0.00817869  -0.0730719   0.0612738  0.747851 -0.381874  -9.77299 
             46.4998 -1.66105   7.0701  114.851  0.890303   4.01279 -0.129814 0 0 0 0.05512 0.02226 -0.0297  0.0180876   0.127073 -0.0320956  0.0288078 0.00240397 -0.0104895 -0.00647592  -0.0741015   0.0588738  0.749088 -0.382217  -9.77288 
             46.5998 -1.65767   7.2444  114.899  0.877476   4.03091 -0.117487 0 0 0 0.05512 0.02226 -0.0297  -0.0655264    0.164588 -0.00516074  0.0288159 0.00261084 -0.0102281 -0.00816954  -0.0749733   0.0561556  0.748099 -0.382992  -9.77293 
             46.7001 -1.69248  7.55168   114.98  0.863172   4.03764 -0.103827 0 0 0 0.05512 0.02226 -0.0297 -0.221434 0.0339238 0.0365692  0.0292135 0.00274015 -0.0101771 -0.00742953  -0.0755185   0.0550917  0.748662 -0.383208  -9.77288 
             46.7998 -1.81619  8.04037  115.251   0.851061     4.0311 -0.0980195 0 0 0 0.05512 0.02226 -0.0297 -0.191171 0.0076718  0.199634  0.0291202 0.00282648 -0.0101504 -0.0060813  -0.075806  0.0551131  0.749588 -0.383169  -9.77281 
             46.8999 -1.76037  7.55389  115.817   0.849387    4.04411 -0.0797383 0 0 0 0.05512 0.02226 -0.0297 -0.115794 0.0959059  0.165299  0.0288854 0.00333012 -0.0100847 -0.00567498  -0.0746161   0.0549812  0.749648 -0.382326  -9.77284 
             46.9999 -1.73505  7.23491   115.86    0.86044    4.06465 -0.0773662 0 0 0 0.05512 0.02226 -0.0297  -0.0152437    0.129942 -0.00628884  0.0286662 0.00343706 -0.0100712 -0.00479559  -0.0730275   0.0561071  0.749966 -0.381152  -9.77286 
                47.1 -1.89026  7.16134  116.213  0.861327    4.0701 -0.083903 0 0 0 0.05512 0.02226 -0.0297 0.0423801  0.143762  0.116417  0.0288256 0.00331586 -0.0102007 -0.0044533  -0.073494   0.057153  0.750292 -0.381395  -9.77282 
             47.1999 -1.43911  7.44366  116.212   0.863701     4.0803 -0.0700662 0 0 0 0.05512 0.02226 -0.0297 -0.0443399   0.146234   0.305607   0.0289654  0.00364437 -0.00988372 -0.00400744  -0.0738904    0.056733  0.750644 -0.381569  -9.77279 
                47.3 -1.46043  7.76866  116.597   0.861221    4.08595 -0.0665017 0 0 0 0.05512 0.02226 -0.0297  -0.0559122 -0.00934922   0.0551566   0.0292432  0.00371967 -0.00979498 -0.00386956  -0.0735206    0.058584  0.750689 -0.381314   -9.7728 
                47.4 -1.17234  8.03249  116.963   0.855441    4.09638 -0.0970268 0 0 0 0.05512 0.02226 -0.0297 -0.0355341  0.0475956   0.055582    0.028905  0.00332424 -0.00953739 -0.00529342  -0.0721331   0.0628659  0.749566 -0.380729  -9.77291 
             47.5001 -1.23828  7.74723  117.566   0.848569    4.11393 -0.0951619 0 0 0 0.05512 0.02226 -0.0297 -0.0513511   0.140152  0.0614617   0.0283886  0.00328518 -0.00948881 -0.00799995  -0.0701525   0.0622809  0.747441 -0.379978   -9.7731 
             47.5999 -0.202433   7.83003   117.715   0.825091    4.11997 -0.0768527 0 0 0 0.05512 0.02226 -0.0297 -0.0508372   0.113823 -0.0479654   0.0274927  0.00320557 -0.00959951 -0.00806404  -0.0734593   0.0603465  0.748022 -0.382095  -9.77297 
             47.7001 -1.70973  7.61197  117.826   0.83649   4.13958 -0.151038 0 0 0 0.05512 0.02226 -0.0297 0.0428154  0.172518 -0.301519  0.0278694 0.00316326 -0.0096588 -0.00785358  -0.0722217   0.0649249  0.747949 -0.381326  -9.77301 
             47.8002 -1.43911  7.49692  117.761  0.826274    4.1423 -0.139807 0 0 0 0.05512 0.02226 -0.0297 -0.0975009   0.111423   0.025279   0.0277996  0.00314584 -0.00962453 -0.00761219  -0.0732023   0.0631134  0.748293 -0.381865  -9.77296 
             47.9003 -1.47649  7.24726  118.119   0.808591    4.14053 -0.0994304 0 0 0 0.05512 0.02226 -0.0297  -0.110224 -0.0301143 -0.0804894  0.0281066 0.00318847 -0.0094911 -0.0075293 -0.0737791  0.0608286  0.748441 -0.382174  -9.77294 
             48.0002 -1.56362  7.40379   118.51  0.808053   4.15192 -0.126115 0 0 0 0.05512 0.02226 -0.0297 -0.0838281  0.0383765 -0.0333384   0.0276767  0.00296036 -0.00918183 -0.00737766   -0.072267   0.0623106  0.748243 -0.381211  -9.77299 
             48.1003 -1.64071  7.66699  118.979  0.817334   4.16936 -0.112576 0 0 0 0.05512 0.02226 -0.0297 0.0160577  0.117026 0.0715097    0.027265  0.00289836 -0.00900148 -0.00629423   -0.070566   0.0613308  0.748553 -0.379908  -9.77301 
             48.2002 -1.81088  7.42605  119.345  0.799602   4.18609 -0.101983 0 0 0 0.05512 0.02226 -0.0297 -0.0974605    0.10048 -0.0937853   0.0273489  0.00282852 -0.00921441 -0.00804057  -0.0712524   0.0594629  0.747578 -0.380719  -9.77306 
             48.3002 -2.06769  7.83393  119.814  0.795741   4.18718 -0.115733 0 0 0 0.05512 0.02226 -0.0297 -0.0997651   0.107747  -0.105715  0.0275896 0.00266972 -0.0093085 -0.00874884  -0.0713847   0.0614995 0.747196 -0.38095 -9.77308 
             48.3991 -2.0752 7.33535 119.363 0.780195  4.21919 -0.12192 0 0 0 0.05512 0.02226 -0.0297 -0.146493   0.14124  0.138066    0.027551  0.00319217 -0.00877516 -0.00928934  -0.0707182   0.0616313  0.746714 -0.380653  -9.77313 
             48.5002 -1.36659   7.6137  120.388  0.777924    4.2233 -0.130317 0 0 0 0.05512 0.02226 -0.0297  -0.105762  0.0451913 -0.0328911   0.0278546  0.00313412 -0.00879548 -0.00844074  -0.0701483   0.0632768  0.747142 -0.380095  -9.77312 
             48.6003 -0.475181   8.50292   120.596   0.757103    4.23007 -0.0973423 0 0 0 0.05512 0.02226 -0.0297 -0.135042 0.0271625  0.073307   0.0271411  0.00269612 -0.00851372 -0.00979642  -0.0709978   0.0568359  0.746385 -0.380944  -9.77314 
             48.7007 -0.741758   8.08421   121.264   0.770262    4.24178 -0.0783484 0 0 0 0.05512 0.02226 -0.0297 -0.0322057   0.139436   0.272783   0.0271816  0.00244722 -0.00847692  -0.006221 -0.0681677  0.0579199  0.747953 -0.378329  -9.77312 
             48.7993 -1.09187     7.85  121.822  0.775557   4.25748 -0.104377 0 0 0 0.05512 0.02226 -0.0297 -0.0162462    0.17068 -0.0241803   0.0271106  0.00251647 -0.00857287 -0.00644505  -0.0668551   0.0621715  0.747563 -0.377608  -9.77318 
             48.8987 -1.39436  7.55312  121.728  0.758621   4.26395 -0.133357 0 0 0 0.05512 0.02226 -0.0297 -0.00713658    0.171378  -0.0855702   0.0272217  0.00260873 -0.00897678 -0.00725044  -0.0686179   0.0635236 0.747541 -0.37892 -9.77313 
             49.0003 -1.44055  7.36926  120.312  0.760878   4.27202 -0.108322 0 0 0 0.05512 0.02226 -0.0297 -0.0409637  0.0938601  0.0286209  0.0272235 0.00310171 -0.0090171 -0.00617242  -0.0694601   0.0619739  0.748395 -0.379151  -9.77306 
             49.1003 -1.55736  7.41608  118.892  0.726942   4.28779 -0.135334 0 0 0 0.05512 0.02226 -0.0297 -0.145918 0.0687489 -0.121098   0.0275175  0.00294312 -0.00928629 -0.00977489  -0.0699638   0.0638107  0.746337 -0.380364  -9.77317 
             49.2005 -1.47981  7.68186  117.477  0.719163   4.29947 -0.129256 0 0 0 0.05512 0.02226 -0.0297 -0.145086   0.14531  0.035367    0.027223  0.00266932 -0.00918315 -0.0108352 -0.0691462  0.0625905  0.745474 -0.380105  -9.77324 
             49.3004 -1.23638  7.66385  116.996   0.728333    4.32262 -0.0917726 0 0 0 0.05512 0.02226 -0.0297 -0.0213215   0.204489   0.139915   0.0270229  0.00263356 -0.00914847 -0.0074804 -0.0684361  0.0610312  0.747359 -0.378914  -9.77314 
             49.4016 -2.08029  6.92855  113.611 0.748478   4.3315 -0.11908 0 0 0 0.05512 0.02226 -0.0297  0.0719503   0.138793 -0.0885454  0.0268815 0.00290567 -0.0096486 -0.00527584  -0.0675662   0.0653794   0.74863 -0.377984  -9.77308 
             49.5007 -2.65915  7.10988  111.625  0.765029   4.35849 -0.124417 0 0 0 0.05512 0.02226 -0.0297     0.118336     0.201021 -0.000332983   0.0272434  0.00287765 -0.00916303 -0.00542933   -0.064719   0.0658075  0.748149 -0.376286  -9.77319 
             49.6007 -2.56243  7.27112  110.253  0.755149   4.38066 -0.109194 0 0 0 0.05512 0.02226 -0.0297 -0.0683388   0.124212  0.0438196  0.0274278 0.00303542 -0.0087544 -0.00639429  -0.0666334   0.0648492  0.74774 -0.37753 -9.77317 
             49.7011 -2.12563   7.1994  109.885  0.744914   4.37924 -0.122494 0 0 0 0.05512 0.02226 -0.0297  -0.123198   0.100857 -0.0190155   0.0274328  0.00290184 -0.00833708  -0.007521 -0.0679441  0.0668897  0.747178 -0.378375  -9.77318 
             49.8014 -1.65986  7.51008  109.219  0.740458   4.40007 -0.130072 0 0 0 0.05512 0.02226 -0.0297 -0.00926659    0.154265  -0.0599803   0.0269696  0.00265593 -0.00778959 -0.00698108  -0.0672575    0.066089  0.74745 -0.37794 -9.77318 
             49.9012 -2.59211  7.45143  109.965  0.756099    4.4021 -0.129399 0 0 0 0.05512 0.02226 -0.0297  0.0874468   0.162927 -0.0741839   0.0269168  0.00265997 -0.00774773  -0.005916 -0.0664254  0.0660435  0.748054 -0.377463  -9.77315 
             49.9998 -2.39631  7.70441   110.08  0.752997   4.42804 -0.128909 0 0 0 0.05512 0.02226 -0.0297  0.0972668    0.16086 -0.0430529   0.0264535  0.00233247 -0.00785723 -0.00643779  -0.0676228    0.065541  0.747749 -0.378127  -9.77315 
             50.0996 -2.64615  7.50249  110.105    0.7477   4.43366 -0.123427 0 0 0 0.05512 0.02226 -0.0297  0.0332922   0.188197 -0.0242873   0.0268009  0.00217346 -0.00771588 -0.00640761   -0.068604   0.0650722  0.747745 -0.378666  -9.77312 
             50.2008 -1.97179  7.70706  110.412  0.737308    4.4414 -0.134509 0 0 0 0.05512 0.02226 -0.0297 -0.0585617   0.180222 -0.0488377   0.0272788  0.00264425 -0.00762176 -0.00747162  -0.0691679   0.0659118  0.747166 -0.378985  -9.77316 
             50.2996 -1.2491 7.26825 110.303  0.729086    4.4542 -0.157104 0 0 0 0.05512 0.02226 -0.0297 -0.110811 -0.063225 -0.179041   0.0267599  0.00327349 -0.00739103 -0.00742078  -0.0684186   0.0675469   0.74722 -0.378593  -9.77317 
             50.4008 -1.36086  7.48382  111.262  0.714402   4.46499 -0.102153 0 0 0 0.05512 0.02226 -0.0297 -0.076924 0.0617263  0.134334   0.0263786  0.00232311 -0.00713438 -0.0075706 -0.0686554  0.0604916  0.747089 -0.378607  -9.77318 
             50.5007 -1.71699  7.25963  111.835   0.716688    4.47408 -0.0868118 0 0 0 0.05512 0.02226 -0.0297 -0.0686571   0.100895  0.0754199   0.0263348  0.00227371 -0.00725392 -0.00670007  -0.0678825   0.0604271 0.747565 -0.37816 -9.77316 
             50.5997 -1.74898    7.232  111.773  0.717667   4.48515 -0.108095 0 0 0 0.05512 0.02226 -0.0297 -0.000550568      0.12732   -0.0336219   0.0262981  0.00238604 -0.00751445 -0.00674065  -0.0671251   0.0632566  0.747521 -0.377769  -9.77318 
             50.7008 -2.13341    7.302  111.794 0.719068  4.49657 -0.11918 0 0 0 0.05512 0.02226 -0.0297  0.0876218   0.180702 -0.0538319   0.0263571  0.00251109 -0.00743153 -0.00725035   -0.066413   0.0645252  0.747211 -0.377398  -9.77321 
                50.8 -2.28045  6.71038  111.613  0.693221   4.50832 -0.140664 0 0 0 0.05512 0.02226 -0.0297  -0.120671 0.00238938  -0.124711   0.0262981  0.00260497 -0.00740908 -0.00870039  -0.0690717     0.06595  0.746482 -0.378966  -9.77321 
              50.901 -1.2154 7.96006 112.112  0.711378   4.51194 -0.162697 0 0 0 0.05512 0.02226 -0.0297 -0.0114816 -0.0248834  -0.125705   0.0262742  0.00240024 -0.00730475  -0.007845 -0.0678893   0.066117  0.746923 -0.378272   -9.7732 
             51.0011 -1.02709  7.75027  112.638  0.713579   4.52488 -0.142341 0 0 0 0.05512 0.02226 -0.0297 -0.000384581    0.0338274    0.0139729   0.0258453  0.00207407 -0.00708944 -0.00810943  -0.0672109   0.0646018  0.746743 -0.377886  -9.77323 
                51.1 -1.16346  7.69486  112.823  0.712341    4.5497 -0.137696 0 0 0 0.05512 0.02226 -0.0297 -0.0139103    0.16262  -0.128492   0.0258951  0.00216016 -0.00714346 -0.00857749  -0.0668546   0.0644272  0.746467 -0.377705  -9.77326 
              51.201 -1.64791  6.92044  112.836  0.700675   4.55126 -0.130157 0 0 0 0.05512 0.02226 -0.0297 -0.0633229   0.137372  -0.121675    0.025767  0.00209766 -0.00754939 -0.00882274  -0.0683355   0.0630681  0.746397 -0.378521  -9.77323 
             51.2993 -1.6954 7.07916 112.516 0.678087  4.58006 -0.12292 0 0 0 0.05512 0.02226 -0.0297  -0.0799575    0.218681 -0.00889955   0.0257717  0.00196188 -0.00727249 -0.00994145  -0.0693848   0.0614254   0.74582 -0.379138  -9.77325 
             51.4011 -1.62916  7.57717  112.664  0.690404   4.59607 -0.161392 0 0 0 0.05512 0.02226 -0.0297 -0.0647024  0.0425092  -0.144482   0.0263175  0.00248909 -0.00720625 -0.00806172  -0.0672241   0.0669273  0.746781 -0.377921  -9.77323 
             51.5011 -1.52468   7.6798  113.125 0.677436  4.59937 -0.16031 0 0 0 0.05512 0.02226 -0.0297 -0.0723175  0.0576796  -0.132097   0.0260702  0.00219559 -0.00696405 -0.00906548  -0.0683473    0.065175  0.746264 -0.378563  -9.77324 
             51.6011 -1.0773 7.58857 113.069  0.670926   4.62144 -0.139744 0 0 0 0.05512 0.02226 -0.0297 -0.0244275   0.178868  0.0578863   0.0256049  0.00202177 -0.00676845 -0.00921909  -0.0676537   0.0623335  0.746126 -0.378131  -9.77327 
             51.7011 -1.77699  7.41323  113.541  0.686129    4.6356 -0.134201 0 0 0 0.05512 0.02226 -0.0297  0.0292572   0.189115 -0.0906124   0.0256373  0.00203766 -0.00684373 -0.00738209  -0.0665193   0.0627234  0.747089 -0.377404  -9.77322 
             51.8012 -2.00554  6.90305  113.619  0.677663   4.63392 -0.153991 0 0 0 0.05512 0.02226 -0.0297 -0.00264513    0.160499   -0.279157   0.0256639  0.00202842 -0.00693168 -0.00792987   -0.068401   0.0646979 0.746905 -0.37852 -9.77319 
             51.8998 -1.97369  6.67851  113.479 0.655691  4.67802 -0.17783 0 0 0 0.05512 0.02226 -0.0297 -0.077539  0.284454 -0.103731   0.0256758  0.00231169 -0.00677862 -0.0101416 -0.0694118  0.0627563  0.745723 -0.379188  -9.77326 
             52.0011 -1.75112  8.07492   113.49  0.649979   4.67415 -0.177296 0 0 0 0.05512 0.02226 -0.0297 -0.062122  0.022359 -0.215576  0.0257583 0.00235043 -0.0067605 -0.00886691  -0.0703308   0.0620992  0.746485 -0.379614  -9.77318 
                52.1 -1.65351  7.65663  113.633  0.646408   4.69122 -0.169083 0 0 0 0.05512 0.02226 -0.0297 -0.0198797   0.111906  0.0457803   0.0253659  0.00196041 -0.00661951 -0.0090869 -0.0700014  0.0611385   0.74634 -0.379436   -9.7732 
             52.2012 -1.16461  7.69634  113.451  0.650055   4.69277 -0.136785 0 0 0 0.05512 0.02226 -0.0297 0.0105198  0.115459  0.204783   0.0251269  0.00154508 -0.00654182 -0.00859428  -0.0700358   0.0591682  0.746596 -0.379401  -9.77318 
             52.2997 -1.28462  7.69952  113.711  0.662621   4.71386 -0.125021 0 0 0 0.05512 0.02226 -0.0297  0.065592   0.17981 -0.122632    0.025296  0.00138973 -0.00686434 -0.0081191 -0.0697631  0.0595112   0.74684 -0.379229  -9.77317 
             52.4026 -1.58122  6.81481   112.18  0.685058   4.73098 -0.154372 0 0 0 0.05512 0.02226 -0.0297   0.147212   0.198812 -0.0395996   0.0250054   0.0016511 -0.00735735 -0.00741621  -0.0689529   0.0615889  0.747189 -0.378784  -9.77316 
             52.5003 -1.28042  7.00713   110.93 0.674428  4.74285 -0.16332 0 0 0 0.05512 0.02226 -0.0297 0.00220379   0.209777   0.158353   0.0249374  0.00214223 -0.00702536 -0.0087909   -0.07152  0.0615405  0.746546 -0.380206  -9.77316 
             52.6003 -1.66635    7.749  110.241  0.656007    4.7564 -0.163966 0 0 0 0.05512 0.02226 -0.0297 -0.0683745  0.0356644  -0.167271   0.0252874  0.00214362 -0.00684919 -0.0102794 -0.0729115  0.0612856  0.745785 -0.380974  -9.77318 
             52.7002 -1.84765  7.54162  109.756  0.642585   4.76625 -0.148758 0 0 0 0.05512 0.02226 -0.0297 -0.0757125  0.0764001   0.080492   0.0250625  0.00164782 -0.00656787 -0.0109033 -0.0733578  0.0579819  0.745463 -0.381145   -9.7732 
             52.8001 -1.92685   7.7062  109.148  0.646819   4.78617 -0.121331 0 0 0 0.05512 0.02226 -0.0297 -0.00915793    0.199565    0.195347   0.0246485   0.0015001 -0.00651854 -0.0104305 -0.0720076  0.0551837  0.745728 -0.380403  -9.77321 
             52.9002 -2.25212  7.35399  108.269 0.624398   4.7974 -0.13287 0 0 0 0.05512 0.02226 -0.0297 -0.0735391   0.133912 -0.0867507   0.0244902  0.00161302 -0.00682215 -0.0118774 -0.0743242  0.0573013   0.74493 -0.381567  -9.77323 
             52.9997 -2.5924 7.29639 107.675  0.621191    4.8094 -0.157839 0 0 0 0.05512 0.02226 -0.0297  -0.034452   0.177908 -0.0492744   0.0249989  0.00164542 -0.00696523 -0.0117903 -0.0742661  0.0602423 0.744993  -0.3816 -9.77322 
             53.1003 -2.31164  7.47032  106.672  0.621906   4.82418 -0.158949 0 0 0 0.05512 0.02226 -0.0297 -0.122605  0.138442 0.0981415   0.0254004  0.00195975 -0.00662696 -0.0108531  -0.073651  0.0605342  0.745488 -0.381372  -9.77319 
             53.2002 -2.06716  6.89837  106.216  0.625213   4.83719 -0.164438 0 0 0 0.05512 0.02226 -0.0297 -0.068121 0.0606986 -0.162876   0.0253453  0.00200869 -0.00642758 -0.0104822  -0.071797  0.0611613  0.745822 -0.380554   -9.7732 
             53.2999 -1.86936  7.40009  105.705  0.628557   4.84646 -0.141998 0 0 0 0.05512 0.02226 -0.0297 -0.0633661  0.0979624  -0.060864   0.0247007  0.00156018 -0.00605432 -0.0103636 -0.0706112  0.0566197  0.745962 -0.379913  -9.77321 
             53.3996 -2.29012  7.55337  105.611    0.6506   4.87877 -0.141357 0 0 0 0.05512 0.02226 -0.0297  0.069143  0.179759 0.0511343  0.0251054 0.00135535 -0.0060335 -0.00976475  -0.0677137   0.0578763  0.746533 -0.378697  -9.77322 
             53.4996 -2.33742  6.69723  104.545  0.673319   4.89517 -0.144197 0 0 0 0.05512 0.02226 -0.0297  0.180571  0.215793 -0.117246   0.0244557   0.0014555 -0.00636744 -0.00922384  -0.0661643   0.0577458  0.746956 -0.378081  -9.77321 
             53.5999 -2.53415  6.85969  104.007  0.669039   4.89083 -0.162627 0 0 0 0.05512 0.02226 -0.0297    0.16456   0.138813 -0.0377088  0.0245773 0.00129043 -0.0064644 -0.00852599  -0.0694516   0.0583183  0.746817 -0.379574  -9.77316 
             53.7001 -2.60577  6.99244  102.914  0.664081   4.90233 -0.173259 0 0 0 0.05512 0.02226 -0.0297 0.0323627  0.162524  0.131797   0.0247122  0.00158072 -0.00615086 -0.00939073  -0.0715219   0.0592978  0.746153 -0.380304  -9.77318 
             53.7997 -2.12733  7.39476   102.14  0.647415   4.90987 -0.136456 0 0 0 0.05512 0.02226 -0.0297 -0.0736364  0.0548277   0.139337    0.024671  0.00162873 -0.00614312 -0.00961714  -0.0728758   0.0561818  0.745835 -0.380737  -9.77319 
             53.8998 -1.74203   7.3261  101.767  0.660035   4.94193 -0.124549 0 0 0 0.05512 0.02226 -0.0297 0.0618212  0.169786  0.273152   0.0246098  0.00137372 -0.00584623 -0.0101181 -0.0718335  0.0578087   0.74583 -0.380301  -9.77321 
             53.9999 -2.16633  6.99814  101.084  0.652505   4.96487 -0.114267 0 0 0 0.05512 0.02226 -0.0297 -0.00520333    0.210939    0.156875   0.0245046  0.00126576 -0.00583715 -0.0104952 -0.0722526  0.0585286  0.745603 -0.380384  -9.77322 
             54.0997 -2.18402   6.5451   100.21  0.635976   4.97729 -0.146752 0 0 0 0.05512 0.02226 -0.0297 -0.096393  0.148891 -0.167291   0.0241992   0.0012155 -0.00625943 -0.0107438 -0.0730108  0.0605573  0.745318 -0.380616  -9.77323 
             54.1997 -2.28311  6.77666  99.4665  0.638625   4.98453 -0.163858 0 0 0 0.05512 0.02226 -0.0297 -0.00758901    0.169831   -0.105793   0.0244306  0.00121796 -0.00627823 -0.0101031 -0.0726629  0.0612332  0.745573 -0.380673  -9.77321 
                54.3 -2.14663  7.02078  98.5766  0.634519   4.99025 -0.169049 0 0 0 0.05512 0.02226 -0.0297  -0.152693  0.0723517 -0.0353249   0.0248025  0.00132473 -0.00600543 -0.00944214  -0.0724511    0.061848  0.745796 -0.380782  -9.77319 
             54.3998 -1.9891 6.81355 98.1127   0.62478   5.00095 -0.158862 0 0 0 0.05512 0.02226 -0.0297 -0.156459 0.0584965   0.10262   0.0247599  0.00128554 -0.00588403 -0.00964199   -0.071749    0.060382  0.745948 -0.380509  -9.77319 
             54.4999 -1.92104  6.58688  97.7025  0.646052   5.02064 -0.115096 0 0 0 0.05512 0.02226 -0.0297 0.00734374   0.128645    0.27413   0.0242865  0.00117762 -0.00565403 -0.00941772  -0.0689924   0.0584043  0.746743 -0.379817  -9.77316 
                54.6 -2.34924  6.38554  96.9646   0.66633   5.05311 -0.107768 0 0 0 0.05512 0.02226 -0.0297 0.0810122  0.231616  0.113545  0.0244024 0.00109925 -0.0057492 -0.0105077 -0.0669288  0.0604385  0.746962 -0.379132  -9.77317 
             54.6999 -2.53926  6.28722  95.8962  0.682463   5.05859 -0.131347 0 0 0 0.05512 0.02226 -0.0297   0.11344  0.210734 0.0320937   0.0243746  0.00109738 -0.00604908 -0.0104735 -0.0651812  0.0643969  0.747316 -0.378882  -9.77315 
             54.8001 -2.94923  6.49643  95.5255  0.704484    5.0759 -0.159509 0 0 0 0.05512 0.02226 -0.0297   0.191504   0.220232 -0.0830438   0.0247378 0.000904752  -0.0060268 -0.00952987  -0.0658112    0.066872 0.747263 -0.37932 -9.77314 
                54.9 -2.03084  6.84494  94.0903  0.674148   5.09113 -0.135601 0 0 0 0.05512 0.02226 -0.0297  -0.124852  0.0905873 -0.0189331    0.024707  0.00099624 -0.00597098 -0.00964651  -0.0685977   0.0645472  0.746531 -0.379699  -9.77318 
             55.0002 -1.87772  6.95014  93.6955   0.67307   5.08151 -0.160438 0 0 0 0.05512 0.02226 -0.0297 -0.129401 0.0351609 -0.131705   0.0245529 0.000630647 -0.00577202 -0.00910244  -0.0687481   0.0671245  0.746473 -0.379943  -9.77317 
             55.1005 -1.56719  6.34297  93.1128   0.66696   5.09501 -0.177328 0 0 0 0.05512 0.02226 -0.0297 -0.0513473  0.0163305 -0.0458314   0.0242275  0.00141791 -0.00510646 -0.00956683  -0.0678692   0.0664673  0.746693 -0.379685  -9.77317 
             55.2001 -2.4492 5.93277 93.6814  0.664275    5.1087 -0.165013 0 0 0 0.05512 0.02226 -0.0297 -0.0164226   0.125453 -0.0787783   0.0239771 0.000895499  -0.0047968 -0.00978577  -0.0679432   0.0651413  0.746715 -0.379599  -9.77317 
             55.3002 -2.39552  6.13171  93.4934 0.675201  5.12373 -0.16808 0 0 0 0.05512 0.02226 -0.0297 0.0439642  0.156478 -0.114071    0.023906  0.00069409 -0.00516298 -0.00999843   -0.066744   0.0644814   0.74708 -0.379437  -9.77315 
             55.4001 -2.79766  6.17741  93.5359  0.696892   5.14693 -0.179577 0 0 0 0.05512 0.02226 -0.0297    0.14323   0.219329 -0.0805478   0.0241071  0.00109453 -0.00524583 -0.0106625 -0.0652029  0.0654298  0.747438 -0.379128  -9.77313 
             55.5002 -2.51005  6.42778  93.0503  0.692034   5.16858 -0.173648 0 0 0 0.05512 0.02226 -0.0297   -0.083811    0.103849 -0.00544454   0.0247222  0.00144345 -0.00489911 -0.0104013 -0.0661109  0.0648511  0.747218 -0.379274  -9.77314 
             55.6004 -1.90252   7.0069   93.231  0.677324   5.16956 -0.154928 0 0 0 0.05512 0.02226 -0.0297  -0.160633 -0.0100115 -0.0818219   0.0245526 0.000986561 -0.00459266 -0.00968813  -0.0675078   0.0611614  0.747017 -0.379544  -9.77315 
             55.7001 -1.96805  6.85989    93.27  0.650637   5.18616 -0.158512 0 0 0 0.05512 0.02226 -0.0297 -0.243688 0.0747066 0.0359559   0.0242763 0.000688002 -0.00435963 -0.0113001 -0.0664867  0.0618039  0.747162 -0.379008  -9.77316 
             55.8005 -2.25201  6.17922  93.6874  0.668309   5.21212 -0.177398 0 0 0 0.05512 0.02226 -0.0297 -0.0627893   0.190611  -0.092307   0.0244448 0.000725871 -0.00436734 -0.0123935 -0.0634402  0.0639812 0.747862 -0.37852 -9.77312 
             55.9003 -2.65472  6.39721  93.4778  0.700636   5.22864 -0.181223 0 0 0 0.05512 0.02226 -0.0297   0.125775   0.186872 -0.0314059   0.0247086 0.000650064  -0.0045693 -0.0119727 -0.0615914  0.0635642  0.748447 -0.378499  -9.77308 
             56.0003 -2.74829  6.55117  93.4393  0.711112   5.23623 -0.150772 0 0 0 0.05512 0.02226 -0.0297 0.0942797  0.204806  0.056864   0.0249889 0.000845079 -0.00435392 -0.0110354 -0.0618777  0.0615314  0.748536 -0.378746  -9.77306 
             56.1003 -1.99988  6.88159   93.329  0.699689   5.25172 -0.138693 0 0 0 0.05512 0.02226 -0.0297 -0.0644685  0.0564796  0.0578526   0.0254943  0.00112759 -0.00414842 -0.0111451  -0.062817  0.0615513  0.748261 -0.378787  -9.77308 
             56.2003 -1.88638  7.11558  93.4838  0.695187   5.24515 -0.125994 0 0 0 0.05512 0.02226 -0.0297  -0.0553825 -0.00116166    0.149275   0.0250796 0.000633698 -0.00384776 -0.0100972 -0.0628513  0.0604938  0.748378 -0.379058  -9.77306 
             56.3004 -1.86601  6.73339  93.8362  0.694941   5.26704 -0.112587 0 0 0 0.05512 0.02226 -0.0297 0.00690333   0.100124   0.135703   0.0245804 0.000264998 -0.00356546 -0.0123027 -0.0624105   0.060595  0.748319 -0.378404  -9.77309 
             56.4005 -2.16218  5.95524   94.062  0.702417   5.27808 -0.129556 0 0 0 0.05512 0.02226 -0.0297  0.048025  0.165621 0.0178201   0.0246464  0.00042881 -0.00375333 -0.0140705 -0.0608442  0.0640322  0.748462 -0.377862   -9.7731 
             56.5002 -1.50359  5.71671  94.7309  0.722268   5.31391 -0.168394 0 0 0 0.05512 0.02226 -0.0297  0.151024  0.204109 -0.144784   0.0239759 0.000646978 -0.00442641 -0.0143393 -0.0601313  0.0674329  0.748492 -0.377803   -9.7731 
             56.6004 -2.58586  6.22052  93.6616   0.71211   5.30597 -0.199892 0 0 0 0.05512 0.02226 -0.0297  0.103045  0.153972 -0.226894   0.0247786 0.000833312  -0.0042275 -0.0122874 -0.0628368  0.0708886  0.747759 -0.378666  -9.77312 
             56.7003 -2.56612  6.31194  93.3443  0.694071    5.3015 -0.235108 0 0 0 0.05512 0.02226 -0.0297  -0.122239 -0.0919517  -0.772724   0.0252968  0.00109549 -0.00408791 -0.0106166 -0.0654377  0.0662544  0.747428 -0.379299  -9.77312 
             56.8005 -2.03092  6.95753  93.3487  0.671766   5.30327 -0.251881 0 0 0 0.05512 0.02226 -0.0297  -0.169963 -0.0509265  -0.475934    0.025311 0.000983951 -0.00403549 -0.0109453 -0.0660676  0.0602231   0.74753 -0.379189  -9.77312 
              56.901 -1.85486   6.5928  93.6684  0.690118   5.32459 -0.219729 0 0 0 0.05512 0.02226 -0.0297 -0.0422283  0.0627313  -0.216605   0.0249479 0.000839174   -0.003842 -0.0118169 -0.0646897  0.0571676  0.747987 -0.378812   -9.7731 
             57.0005 -2.00313  6.64977  93.7046  0.698621   5.35656 -0.225528 0 0 0 0.05512 0.02226 -0.0297 0.0501917  0.160274  -0.36425   0.0250187 0.000729725 -0.00380858 -0.0120622  -0.064251  0.0554361  0.748168 -0.378694  -9.77309 
             57.1005 -2.82449  6.18939  93.6609  0.726275   5.38036 -0.201914 0 0 0 0.05512 0.02226 -0.0297   0.154184   0.203841 -0.0897386   0.0249579 0.000766874 -0.00409926  -0.012059 -0.0631182  0.0520193  0.748612 -0.378557  -9.77306 
             57.2007 -2.63052  6.67039  93.4861  0.717136   5.38504 -0.201658 0 0 0 0.05512 0.02226 -0.0297  0.097746  0.211186 -0.114171   0.0250928 0.000977644 -0.00393546 -0.0120547 -0.0642839  0.0515977  0.748311 -0.378629  -9.77308 
             57.2995 -3.51377  6.20776   93.143  0.726563   5.41298 -0.217706 0 0 0 0.05512 0.02226 -0.0297 -0.0742447  0.0582184  -0.135611   0.0262846  0.00154641 -0.00356734 -0.0117755 -0.0637715  0.0521439  0.748454 -0.378686  -9.77307 
              57.402 -1.69608  7.32434  93.8004 0.679688  5.43144 -0.18715 0 0 0 0.05512 0.02226 -0.0297 -0.127873  0.112146  0.120355   0.0254158  0.00102669 -0.00331481 -0.0124021 -0.0670742  0.0474359  0.747647 -0.378644  -9.77313 
             57.5007 -1.86832  6.95212  94.2846  0.711239   5.44195 -0.173597 0 0 0 0.05512 0.02226 -0.0297 0.0680056  0.164151  0.153554   0.0249859 0.000638026 -0.00320873 -0.0117126 -0.0636207  0.0477317  0.748616 -0.378579  -9.77306 
             57.6007 -2.39642  6.68848  94.2919  0.729995    5.4583 -0.172409 0 0 0 0.05512 0.02226 -0.0297  0.118787  0.238544 0.0504484   0.0251173 0.000746345 -0.00356802  -0.012763 -0.0615195  0.0486103 0.749055 -0.37815 -9.77304 
             57.7006 -2.70864   6.1794  94.4702  0.738852   5.47304 -0.148154 0 0 0 0.05512 0.02226 -0.0297 0.202553 0.217171  0.26352   0.0255076 0.000820768 -0.00413993 -0.0115882 -0.0622496  0.0463542  0.749044 -0.378472  -9.77303 
             57.7999 -2.82869  6.05315   93.585  0.731137   5.48408 -0.112216 0 0 0 0.05512 0.02226 -0.0297 0.0625061  0.196685  0.320687     0.02542 0.000843354 -0.00415554  -0.010369 -0.0655955  0.0469408  0.748253 -0.379095  -9.77307 
             57.9004 -1.77049  6.99402  92.6201  0.676782   5.46764 -0.160895 0 0 0 0.05512 0.02226 -0.0297  -0.273141  -0.123867 -0.0623241  0.0257508 0.00132688 -0.0036923 -0.00998372  -0.0677016    0.051717  0.747579 -0.379466  -9.77311 
             58.0007 -1.89531    6.976  92.7644  0.733914   5.48601 -0.175059 0 0 0 0.05512 0.02226 -0.0297  0.0504373 0.00235939  0.0450164   0.0254822  0.00097025 -0.00338378 -0.0110468 -0.0640799  0.0525703  0.748413 -0.378987  -9.77306 
             58.1006 -2.0654 6.82925 92.9392  0.740074   5.52379 -0.163709 0 0 0 0.05512 0.02226 -0.0297   0.11105  0.209863 0.0849697    0.025112 0.000611752 -0.00334335 -0.0130531 -0.0638845  0.0517364  0.748389 -0.378435  -9.77308 
             58.2007 -2.65767  6.60739  92.9246  0.741119   5.52675 -0.158913 0 0 0 0.05512 0.02226 -0.0297  0.104211  0.206602 0.0921883   0.0251751 0.000725748 -0.00358282 -0.0129436 -0.0639969  0.0513687  0.748383 -0.378462  -9.77308 
             58.3005 -2.62784  6.92188  93.1467  0.749584    5.5481 -0.149006 0 0 0 0.05512 0.02226 -0.0297  0.122317  0.191721 0.0710058   0.0251195 0.000217926 -0.00398928 -0.0122053 -0.0646317   0.050418  0.748296 -0.378662  -9.77308 
             58.4008 -3.14126  6.45312   92.502  0.744311   5.57027 -0.161836 0 0 0 0.05512 0.02226 -0.0297 -0.025093   0.21564  0.173398    0.025587 0.000926261  -0.0033695  -0.012044 -0.0662601  0.0528723  0.74779 -0.37884 -9.77311 
             58.5038 -2.78501  6.10294  92.8804  0.727845   5.57142 -0.148272 0 0 0 0.05512 0.02226 -0.0297  -0.105679    0.07978 -0.0386087   0.0260685  0.00109768 -0.00312596 -0.0104222 -0.0672927  0.0515513  0.747653 -0.379271  -9.77311 
             58.6015 -2.42989   6.1928  93.5376  0.726817   5.58213 -0.165952 0 0 0 0.05512 0.02226 -0.0297 -0.00253541    0.124188    0.104034   0.0254454 0.000983511 -0.00276508 -0.0110338 -0.0663533  0.0550213  0.747745 -0.379163  -9.77311 
             58.7008 -2.16118  6.48573  94.3615  0.735004   5.59575 -0.162766 0 0 0 0.05512 0.02226 -0.0297 0.0599356  0.179338 0.0712377   0.0251229 0.000701871 -0.00260828 -0.0125541 -0.0650168  0.0547136  0.748005 -0.378691   -9.7731 
             58.7998 -1.89786  6.66555  94.1387 0.724513   5.6065 -0.19042 0 0 0 0.05512 0.02226 -0.0297 -0.043109 0.0413533 -0.429165   0.0250875 0.000686094 -0.00253305 -0.0118165 -0.0661665  0.0544293  0.747766 -0.378941  -9.77311 
             58.9008 -2.50767  6.12529     95.5  0.734942   5.62884 -0.204817 0 0 0 0.05512 0.02226 -0.0297 0.0442204  0.126696 -0.246039   0.0251857 0.000657851 -0.00257052 -0.0125649 -0.0652734   0.052796  0.747982 -0.378656  -9.77311 
             59.0015 -2.11128  6.99588  96.5177  0.717234   5.65307 -0.222406 0 0 0 0.05512 0.02226 -0.0297 -0.110284  0.119799 -0.209845   0.0256152  0.00055592 -0.00241235 -0.0132105 -0.0660989  0.0526777  0.747716 -0.378582  -9.77313 
             59.1001 -2.12508  6.82831  97.7367  0.690983    5.6697 -0.221947 0 0 0 0.05512 0.02226 -0.0297 -0.191182 0.0730272 -0.237792   0.0259657 0.000444434 -0.00225653 -0.0138846 -0.0669242  0.0507012  0.747501 -0.378509  -9.77315 
             59.2008 -1.80099  7.02852  98.8965  0.654354    5.6717 -0.167544 0 0 0 0.05512 0.02226 -0.0297 -0.241914 0.0497095  0.105927   0.0252911 5.61278e-05 -0.00200183 -0.0129562  -0.068613  0.0441041  0.747499 -0.378851  -9.77314 
                59.3 -2.05567  6.91737  100.454  0.680033   5.68242 -0.165478 0 0 0 0.05512 0.02226 -0.0297 -0.121049  0.100039  0.106959   0.0251804 0.000155846 -0.00203641 -0.0135242 -0.0643533  0.0442445  0.748296 -0.377944  -9.77311 
                59.4 -1.85609  6.65329  100.904  0.689641   5.70933 -0.173868 0 0 0 0.05512 0.02226 -0.0297  -0.018814   0.166492 -0.0898128   0.0249193 0.000517755 -0.00249366 -0.0131135 -0.0623774  0.0465499   0.74873 -0.377714  -9.77309 
             59.5009 -2.53618  6.57416  102.361   0.70589   5.70909 -0.195761 0 0 0 0.05512 0.02226 -0.0297  0.0530677   0.162364 -0.0982113   0.0250552 0.000663765 -0.00259535 -0.0106356 -0.0616049  0.0496869  0.749392 -0.378078  -9.77302 
                59.6 -2.07525  6.78198   103.53  0.716131   5.73168 -0.168242 0 0 0 0.05512 0.02226 -0.0297   0.0346045     0.14193 -0.00828615   0.0253268  0.00078853 -0.00233116 -0.0106715 -0.0605998  0.0457672  0.749626 -0.377752  -9.77302 
              59.701 -2.19246  6.66159  104.418  0.732348   5.74521 -0.195553 0 0 0 0.05512 0.02226 -0.0297 0.0878085  0.074921 -0.105867   0.0255409 0.000617885 -0.00205919 -0.0105804 -0.0594067  0.0487042  0.749797 -0.377463  -9.77301 
             59.8009 -2.30059  7.27543  105.872 0.697022  5.77091 -0.17483 0 0 0 0.05512 0.02226 -0.0297 -0.136235   0.21958 0.0378856   0.0254658 0.000531498 -0.00205072 -0.0153534 -0.0622785  0.0445186  0.747947 -0.377668  -9.77315 
             59.8999 -2.33066  6.96372  106.027  0.657462   5.80633 -0.160497 0 0 0 0.05512 0.02226 -0.0297 -0.144249  0.280568 0.0477436    0.025543 0.000974698 -0.00203038 -0.0152434 -0.0640252  0.0453107  0.747744 -0.378241  -9.77314 
                  60 -2.76439  6.84783  107.992  0.668746   5.80437 -0.168772 0 0 0 0.05512 0.02226 -0.0297 -0.0445313   0.198693 -0.0171475   0.0254383 0.000713888 -0.00235837 -0.0133588 -0.0638523  0.0459544  0.748448 -0.378343  -9.77308 
                60.1 -2.66028  7.45485  109.027  0.643352   5.79842 -0.191975 0 0 0 0.05512 0.02226 -0.0297  -0.115516   0.169353 -0.0818532   0.0256002 0.000766398 -0.00235745 -0.0130788 -0.0660324  0.0476734   0.74845 -0.379192  -9.77305 
             60.1997 -2.13806  7.58265  109.607  0.622997   5.80978 -0.197567 0 0 0 0.05512 0.02226 -0.0297  -0.238067  0.0704364 -0.0192749   0.0261954  0.00117348 -0.00220696 -0.0129402 -0.0665101  0.0482609  0.748493 -0.379387  -9.77304 
             60.3011 -1.60595  7.54717    110.6   0.62262   5.81637 -0.185872 0 0 0 0.05512 0.02226 -0.0297   -0.159525 -0.00862933   -0.109195   0.0259649 0.000925067 -0.00196554 -0.0120283 -0.0642777  0.0464074  0.748899 -0.378499  -9.77304 
             60.3995 -1.20971  8.07447  111.556  0.619195   5.83894 -0.179326 0 0 0 0.05512 0.02226 -0.0297 -0.094986  0.129118 0.0470309   0.0250836 0.000264144 -0.00179752 -0.0120809 -0.0614231  0.0454223  0.748913 -0.377313  -9.77309 
             60.4996 -1.93079  7.63858  113.418  0.637702   5.84262 -0.192272 0 0 0 0.05512 0.02226 -0.0297   0.011706   0.152717 -0.0699565   0.0250062 0.000320641 -0.00183402 -0.00944361  -0.0598755   0.0484768  0.750067 -0.376685  -9.77302 
             60.6001 -1.97847  7.24082  114.137  0.639897    5.8609 -0.207656 0 0 0 0.05512 0.02226 -0.0297  0.0401167   0.168278 -0.0611452   0.0250656 0.000346869 -0.00220416 -0.00961061  -0.0598735   0.0490718  0.750002 -0.376695  -9.77303 
             60.7002 -2.1358 7.34884 115.139  0.640858   5.85905 -0.204344 0 0 0 0.05512 0.02226 -0.0297    0.04427   0.156053 -0.0438375   0.0252865 0.000464708 -0.00202378 -0.00906071  -0.0602034   0.0484762  0.750257 -0.376811    -9.773 
             60.7996 -3.31644  6.25818  114.119    0.6112   5.88353 -0.204686 0 0 0 0.05512 0.02226 -0.0297 -0.130182  0.104158  0.113966   0.0261485  0.00132029 -0.00113112 -0.0107194 -0.0624828  0.0480881  0.749624 -0.377916  -9.77301 
             60.9002 -1.3287 7.72818 116.954 0.590482  5.90451   -0.169 0 0 0 0.05512 0.02226 -0.0297 -0.149803  0.085062  0.225527   0.0260923  0.00120318 -0.00122471 -0.0112978 -0.0620454  0.0455641 0.749286 -0.37777 -9.77304 
             60.9998 -1.29688  7.80037  118.976  0.561203   5.89812 -0.158028 0 0 0 0.05512 0.02226 -0.0297 -0.280075 0.0597602  0.285767   0.0250248 0.000848317 -0.00108408 -0.0124994 -0.0640091  0.0445352  0.748923 -0.378822  -9.77303 
                61.1 -1.40642  7.78738  118.985  0.532293   5.91607 -0.128186 0 0 0 0.05512 0.02226 -0.0297 -0.225017  0.103885  0.185515     0.025244    0.0007752 -0.000890459  -0.011826 -0.0634333  0.0459492  0.749192 -0.378461  -9.77302 
             61.1995 -1.79525  7.53586  121.368 0.541491  5.90873  -0.1488 0 0 0 0.05512 0.02226 -0.0297  -0.12433 0.0432923 0.0534102   0.0251523 0.000605568 -0.00131306 -0.0091544 -0.0631246   0.049227  0.750475 -0.377834  -9.77295 
             61.2999 -1.90847  7.71053  122.536   0.55387   5.90608 -0.173867 0 0 0 0.05512 0.02226 -0.0297  -0.0604029    0.044786 -0.00144756   0.0252775 0.000584398 -0.00119608 -0.00746307  -0.0623419   0.0528952  0.751215 -0.377097  -9.77292 
             61.3991 -2.28067  7.59231  122.501  0.551438   5.91218 -0.182677 0 0 0 0.05512 0.02226 -0.0297 -0.116605 0.0627723  0.151679    0.0257693  0.000838145 -0.000905268 -0.00702973  -0.0619857   0.0537221  0.751372 -0.376831  -9.77292 
             61.4997 -1.59185  9.10325  123.456  0.561146   5.93079 -0.212907 0 0 0 0.05512 0.02226 -0.0297 -0.0260414 0.00872669  -0.282398    0.0254788 -0.000166416 -0.000548577 -0.00621742  -0.0583616   0.0577082  0.751085 -0.374835  -9.77302 
             61.5998 -1.00289  8.23295  125.024   0.53068   5.96927 -0.169596 0 0 0 0.05512 0.02226 -0.0297 -0.107242  0.187956 0.0332001    0.0247715 -1.95985e-05  -0.00041444 -0.00971739  -0.0567516   0.0498548  0.748831 -0.374967  -9.77318 
             61.6999 -1.55817  7.90814  127.499  0.52159  5.96583 -0.18437 0 0 0 0.05512 0.02226 -0.0297 -0.117657 0.0698222 -0.219707    0.0247826  0.000448924 -0.000606101 -0.00809746  -0.0588237   0.0508569   0.75017 -0.375558  -9.77306 
             61.7998 -1.93039  8.13374  129.162  0.493368   5.95586 -0.222935 0 0 0 0.05512 0.02226 -0.0297 -0.200403 0.0136752 -0.241928     0.024748   0.00048786 -0.000650709 -0.00903086  -0.0611923   0.0520362  0.750404 -0.376946  -9.77299 
             61.8998 -1.44032  8.44141  130.076  0.455471   5.96104 -0.245248 0 0 0 0.05512 0.02226 -0.0297 -0.301273 0.0585363 -0.204268    0.0248183  0.000728149 -0.000282666 -0.00994542  -0.0615028   0.0514455  0.750036 -0.377383    -9.773 
             61.9998 -1.12434  8.80557  131.497  0.435465   5.95788 -0.241027 0 0 0 0.05512 0.02226 -0.0297  -0.288556 -0.0692715  -0.159855    0.0251182  0.000981566 -0.000121258 -0.00904303  -0.0615267   0.0501215   0.75043 -0.377126  -9.77298 
             62.0999 -0.704853   8.58845    132.85  0.426441   5.96178 -0.221616 0 0 0 0.05512 0.02226 -0.0297  -0.249305 -0.0447395 -0.0818584   0.0247228 0.000715334  0.00010039 -0.00781617  -0.0601926   0.0468209  0.750428 -0.376137  -9.77302 
             62.1997 -0.671532   8.47491   133.964  0.417625   5.98432 -0.194163 0 0 0 0.05512 0.02226 -0.0297 -0.205552   0.10611 0.0704429   0.0242183 0.000768698 0.000184972 -0.00705015  -0.0565986   0.0439458 0.749384 -0.37423 -9.77317 
             62.2998 -1.05964  8.33502  135.364   0.42844   6.00099 -0.185281 0 0 0 0.05512 0.02226 -0.0297 -0.0684108   0.148497   0.013383    0.0241781   0.00100289 -3.39713e-05 -0.00285008  -0.0546277   0.0448549  0.750633 -0.371713  -9.77317 
             62.3998 -1.46195  8.01765  136.375  0.423227   6.01483 -0.184071 0 0 0 0.05512 0.02226 -0.0297 -0.0486761   0.153586  0.0932575   0.0245378  0.00103729 -0.00028042 -0.00220872  -0.0557489   0.0453224  0.751378 -0.371976   -9.7731 
             62.4997 -0.8903 8.41249 138.109  0.423634   6.01622 -0.171763 0 0 0 0.05512 0.02226 -0.0297 -0.0926624   0.120899   0.284177   0.0249493  0.00097713 1.47901e-05 -9.38583e-05   -0.0575698      0.04473  0.753068 -0.371979  -9.77297 
             62.5997 -0.73007   8.5783  139.519  0.426631   6.01434 -0.177941 0 0 0 0.05512 0.02226 -0.0297 -0.0621529  0.0784917   0.207139   0.0249208  0.00107286 0.000202349 0.00081636 -0.0581324   0.046782  0.753773 -0.371792  -9.77293 
             62.6998 -0.443743   10.0335   139.563  0.406107   6.03672 -0.165218 0 0 0 0.05512 0.02226 -0.0297 -0.10015 0.266807 0.608283   0.0248272 0.000116358 0.000259815 -0.00178115  -0.0580061   0.0509401   0.75265 -0.372701  -9.77298 
                62.8 -0.110636   9.24184   142.045  0.382784   6.05526 -0.133628 0 0 0 0.05512 0.02226 -0.0297 -0.165085  0.302034  0.460965    0.024907 0.000296348 0.000216475 -0.00363108  -0.0588241   0.0524657  0.752247 -0.373843  -9.77297 
             62.8999 -0.504478   8.68098   142.652  0.365646   6.07935 -0.143919 0 0 0 0.05512 0.02226 -0.0297 -0.178884  0.316703 0.0971372    0.0251043  0.000656157 -0.000346351 -0.00403234  -0.0594004   0.0553233  0.752474 -0.374202  -9.77293 
             62.9999 -0.66052  8.36614  142.959  0.356629   6.07217 -0.184921 0 0 0 0.05512 0.02226 -0.0297 -0.164151  0.230002 0.0509649   0.0252532 0.000636299 -0.00071473 -0.00415954  -0.0611592   0.0579698  0.753385 -0.374933  -9.77284 
                63.1 -0.538767   8.28769   143.094  0.357029   6.06575 -0.208275 0 0 0 0.05512 0.02226 -0.0297  -0.142794   0.175425 -0.0532986     0.025281   0.00129414 -0.000640114 -0.00349812  -0.0628435   0.0600655   0.75455 -0.375263  -9.77273 
             63.1998 -0.438875   8.37295   142.991 0.333513   6.0675 -0.22622 0 0 0 0.05512 0.02226 -0.0297  -0.119512 -0.0406995   -0.17979    0.0255738   0.00136935 -0.000492771 -0.00286188  -0.0648696   0.0610229   0.75582 -0.375779  -9.77262 
             63.3004 -0.171928   8.51164   143.806  0.292118   6.05122 -0.186227 0 0 0 0.05512 0.02226 -0.0297  -0.234185 -0.0593763    0.13166    0.0252074  0.000908471 -0.000324633 -0.0060286 -0.0677879  0.0551233  0.755723 -0.378707  -9.77251 
             63.4001 -0.225353   8.59653   144.264  0.278896   6.06657 -0.176212 0 0 0 0.05512 0.02226 -0.0297 -0.183696 0.0919005  0.178137    0.0248908  0.000875498 -0.000217577 -0.00441083   -0.064802   0.0558194  0.754986 -0.376656  -9.77265 
                63.5 -0.493731   8.16149   144.391 0.273431  6.07807 -0.19594 0 0 0 0.05512 0.02226 -0.0297  -0.135466  0.0863492 -0.0884291    0.0247345  0.000910245 -0.000329754 -0.0029028 -0.0636493  0.0594289  0.755151 -0.375328  -9.77268 
                63.6 -0.680248   8.50277   144.685 0.282921  6.07849 -0.20774 0 0 0 0.05512 0.02226 -0.0297 -0.0816157  0.0880405  -0.112951    0.0250684    0.0006799 -0.000420308 -0.000442301   -0.0634211    0.0617561  0.756123 -0.373962  -9.77266 
                63.7 -0.767637   8.26975   144.469  0.266708   6.10536 -0.210309 0 0 0 0.05512 0.02226 -0.0297 -0.0652526   0.136805  0.0743319    0.0251157  0.000888201 -0.000186747 -0.000790677   -0.0634205    0.0622489  0.755989 -0.374114  -9.77267 
                63.8 -0.233982   8.12511   145.394  0.254877    6.1148 -0.226903 0 0 0 0.05512 0.02226 -0.0297 -0.042952  0.081448 -0.174095    0.0251658   0.00084719 -0.000164419 -0.00204476  -0.0633869   0.0635303  0.755485 -0.374662  -9.77268 
             63.9002 0.050321  8.70499  145.719  0.240847   6.10148 -0.208375 0 0 0 0.05512 0.02226 -0.0297  -0.132762 -0.0649793 -0.0401211   0.0246283 0.000495824 7.15336e-05 -0.00298968  -0.0650365     0.06176  0.755856 -0.375858  -9.77261 
                  64 -0.278246    7.8949   145.648    0.2588    6.1436 -0.244332 0 0 0 0.05512 0.02226 -0.0297 0.00366331   0.142986  0.0939838   0.0248082 0.000725613 0.000121699 -0.00151532   -0.062202   0.0637515  0.755129 -0.373913  -9.77274 
             64.1017 -0.448653   8.45297   146.614  0.229806    6.1225 -0.214289 0 0 0 0.05512 0.02226 -0.0297 -0.0987807 -0.0148662 -0.0264358   0.0243942 0.000589503 1.71125e-05 -0.00276636  -0.0644923   0.0621479  0.755708 -0.375507  -9.77263 
             64.2028 -0.467955   8.49417    146.99  0.227602   6.11172 -0.207807 0 0 0 0.05512 0.02226 -0.0297 -0.0989483 -0.0468325  0.0524919    0.0243935  0.000378701 -2.08175e-05 -0.00271366  -0.0656965   0.0616764   0.75631 -0.375985  -9.77257 
             64.3005 -0.420976   8.29952   146.875  0.214542   6.11871 -0.204561 0 0 0 0.05512 0.02226 -0.0297 -0.129441  0.032809 0.0813084   0.0244566 0.000677909  0.00016998 -0.00311986   -0.064859    0.062005  0.755742 -0.375834  -9.77262 
             64.4007 0.305112  9.05477  147.172  0.191095   6.12096 -0.221934 0 0 0 0.05512 0.02226 -0.0297   -0.10314  -0.104604 -0.0850104   0.0247888  0.00065388 0.000240979 -0.00311029  -0.0630594   0.0648269  0.754913 -0.374997  -9.77272 
             64.5001 0.405493  8.67818  148.323  0.154571   6.12976 -0.234924 0 0 0 0.05512 0.02226 -0.0297  -0.201363 -0.0160413 -0.0102822   0.0242097 0.000583286 0.000384843 -0.00694986  -0.0603827   0.0657772  0.752085 -0.375786   -9.7729 
             64.6001 -0.150165    8.6961   148.697  0.153421   6.15012 -0.236605 0 0 0 0.05512 0.02226 -0.0297  -0.122393  0.0749289 -0.0564808   0.0237988 0.000673492 0.000568775 -0.00406273  -0.0572543   0.0667713    0.7517 -0.373079  -9.77304 
             64.7004 -0.177361   8.68962   149.186   0.15327    6.1603 -0.237024 0 0 0 0.05512 0.02226 -0.0297 -0.0851751   0.124048   0.111275   0.0239121  0.00047678 0.000372163 -0.00196475  -0.0569939   0.0670583  0.752402 -0.371917  -9.77303 
             64.8003 -0.433954   8.82522   149.882  0.131821   6.17512 -0.215747 0 0 0 0.05512 0.02226 -0.0297 -0.170382  0.161364  0.121146   0.0239833 0.000483553 0.000401688 -0.00354926  -0.0571386   0.0660612  0.751829 -0.372807  -9.77304 
             64.9018 0.0850313   8.92022   150.575 0.115564   6.1841 -0.23492 0 0 0 0.05512 0.02226 -0.0297  -0.148885  0.0905901 -0.0320082   0.0241607 0.000703101 0.000508219 -0.00378977  -0.0574798    0.069469  0.752002 -0.372932  -9.77302 
             65.0006 0.312913  8.67663   151.46  0.100478   6.18103 -0.231223 0 0 0 0.05512 0.02226 -0.0297  -0.150463  0.0176074 -0.0669004   0.0240036 0.000668175 0.000738848 -0.00408151  -0.0587753    0.068505  0.752528 -0.373614  -9.77295 
             65.1004 0.550309  8.67964  152.096 0.0767704    6.1774 -0.235414 0 0 0 0.05512 0.02226 -0.0297   -0.194461 -0.00478981   0.0127928   0.0238333 0.000629313  0.00085638 -0.00506251   -0.059288   0.0688337  0.752432 -0.374302  -9.77293 
             65.2005 0.115191  8.67226  153.053 0.0942404   6.17427 -0.242493 0 0 0 0.05512 0.02226 -0.0297  -0.116848 -0.0138741 -0.0247467   0.0235486 0.000839705 0.000697829 -0.00110794  -0.0600138   0.0705469 0.754337 -0.37245 -9.77286 
             65.3005 0.337606  9.17293  153.259 0.0902683   6.18557 -0.232813 0 0 0 0.05512 0.02226 -0.0297 -0.0416184  0.0806436  -0.127009   0.0232222   0.0002044 0.000510495 0.000546473  -0.0594808   0.0694895   0.75465 -0.371424  -9.77287 
             65.4003 0.0458859   8.34575   153.855 0.0779356   6.19198 -0.242284 0 0 0 0.05512 0.02226 -0.0297  -0.110242  0.0947385 -0.0622919   0.0236439 0.000428757 0.000477254 -0.000471048   -0.0606013    0.0700865  0.754882 -0.372354  -9.77282 
             65.5005 0.806438   8.8229  154.568 0.0611687    6.1847 -0.251273 0 0 0 0.05512 0.02226 -0.0297 -0.0993174  -0.039198 -0.0373203   0.0240352 0.000590407 0.000603661 -0.0014272 -0.0629991  0.0717387  0.755852 -0.373678  -9.77269 
             65.6006 0.921017  8.60377  155.216 0.0516935   6.18995 -0.268595 0 0 0 0.05512 0.02226 -0.0297 -0.0705389 0.00329403 -0.0951377   0.0237395 0.000534072 0.000772092 -0.00194627   -0.061378   0.0722997  0.754807 -0.373349  -9.77279 
             65.7005 0.802419  8.71643  155.723 0.0394801   6.20973 -0.259041 0 0 0 0.05512 0.02226 -0.0297  -0.154146  0.0451889 0.00275154   0.0235675  0.00036398 0.000791284 -0.00200186   -0.057797   0.0697145  0.752784 -0.372187  -9.77299 
             65.8005 1.04713  8.5137 155.907 0.0185615   6.20377 -0.233188 0 0 0 0.05512 0.02226 -0.0297  -0.118744 -0.0259546  -0.134468   0.0234664 0.000394192  0.00081833 -0.00238459  -0.0590499   0.0659686  0.753245 -0.372973  -9.77292 
             65.9006 0.0874969   8.43604   156.451 0.0181972   6.20149 -0.246931 0 0 0 0.05512 0.02226 -0.0297  -0.102701 -0.0452987  -0.255299   0.0235956  0.00024284 0.000728832 -0.00211476  -0.0591701   0.0665057  0.753417 -0.372849  -9.77291 
             65.9985 0.0335724   8.54711   156.441 -0.00116805     6.18741   -0.256044 0 0 0 0.05512 0.02226 -0.0297  -0.143719 -0.0364622  -0.145409    0.0236875 -0.000182688  0.000821449 -0.00246005  -0.0597382   0.0658204  0.753591 -0.373258  -9.77288 
             66.1006 0.485006  8.54178  156.931 -0.0132317    6.19691  -0.265062 0 0 0 0.05512 0.02226 -0.0297  -0.114419 -0.0182214  -0.143175   0.0242923 0.000454869   0.0010034 -0.00192093  -0.0588646   0.0657272 0.753301 -0.37267 -9.77293 
             66.2003 1.15848 8.89337 157.687 -0.0324397    6.19753   -0.24534 0 0 0 0.05512 0.02226 -0.0297   -0.11601 -0.0169692 0.00693568   0.0240186 0.000190911   0.0011933 -0.0023896 -0.0584834  0.0628984  0.752869 -0.372902  -9.77295 
             66.3006 0.977913  8.83239  158.397 -0.0398442    6.22025    -0.2451 0 0 0 0.05512 0.02226 -0.0297 -0.139089  0.079831 -0.010277   0.0237404 0.000124037  0.00130064 -0.00112352  -0.0549248   0.0631342  0.751368 -0.370987  -9.77314 
             66.4009 0.73202  8.6074 158.809 -0.0596837    6.23544  -0.255574 0 0 0 0.05512 0.02226 -0.0297  -0.142586   0.133967 -0.0493242   0.0233524 0.000378021  0.00124674 -0.00221809  -0.0543141   0.0647733  0.750703 -0.371317  -9.77318 
             66.5005 0.590246  8.50158  159.126 -0.0647163    6.24104  -0.281374 0 0 0 0.05512 0.02226 -0.0297 -0.0940927   0.160065  -0.084916   0.0234992 0.000162583  0.00103227 -0.00133861  -0.0561627   0.0668678  0.752067 -0.371375  -9.77307 
             66.6006  0.7491 8.92325 159.398 -0.0829074    6.24891  -0.267322 0 0 0 0.05512 0.02226 -0.0297  -0.174071    0.12244 -0.0615538    0.023756 0.000111833  0.00112896 -0.00260534  -0.0576253   0.0631071  0.752364 -0.372711    -9.773 
             66.7007 1.02828 8.94983 159.747 -0.0925575    6.24961  -0.256716 0 0 0 0.05512 0.02226 -0.0297 -0.122447 0.0848143  0.294922   0.0242205 0.000499908  0.00118137 -0.00143729  -0.0603175    0.062529   0.75423 -0.372986  -9.77285 
             66.8007 0.514607  9.37005  159.971 -0.100143   6.25005 -0.220191 0 0 0 0.05512 0.02226 -0.0297 -0.147549 0.0609172  0.441232   0.0241218 0.000548185  0.00120487 -0.00196449  -0.0608045   0.0567736  0.754185 -0.373662  -9.77282 
             66.9005  1.2518 9.51675 160.047 -0.131622   6.23473 -0.173077 0 0 0 0.05512 0.02226 -0.0297  -0.175496 -0.0601293   0.264205   0.0232958 0.000151211  0.00126788 -0.00296117  -0.0616252   0.0580301  0.754346 -0.374435  -9.77278 
             67.0018 0.499243   8.8279  161.149 -0.134499   6.23508 -0.207571 0 0 0 0.05512 0.02226 -0.0297  -0.172697 0.00226653    0.22768   0.0232013 0.000261853  0.00123078 -0.00326207  -0.0614864   0.0597807  0.754224 -0.374485  -9.77279 
             67.0996 0.282984  10.1639  161.558 -0.164364   6.23579 -0.187541 0 0 0 0.05512 0.02226 -0.0297 -0.160466 0.0134355  0.105985    0.0234564 -0.000987472  0.000878055 -0.00341855  -0.0614732    0.059491  0.754156 -0.374575  -9.77279 
             67.1997 0.287212  8.87991  161.696  -0.14691    6.2398 -0.252097 0 0 0 0.05512 0.02226 -0.0297  -0.07876 0.0137177 -0.182867    0.0237812 -0.000510677   0.00103258 -0.00159319  -0.0609926   0.0651272  0.754652 -0.373145  -9.77281 
             67.3007 0.461557  8.49155  161.796 -0.174328    6.2375 -0.282997 0 0 0 0.05512 0.02226 -0.0297  -0.111553 -0.0366448  -0.234846   0.0238727 2.46687e-05   0.0011217 -0.00293569  -0.0609075    0.065545  0.754193 -0.373841  -9.77282 
             67.4009 0.931646  8.48162  162.429 -0.181412   6.24689 -0.295028 0 0 0 0.05512 0.02226 -0.0297  -0.106423 -0.0219519   -0.11034    0.0236093 -0.000144788   0.00138469 -0.00152461   -0.058999   0.0638335  0.753531 -0.372538  -9.77292 
             67.5008 0.879593   8.6849  162.925 -0.201202    6.2549 -0.279373 0 0 0 0.05512 0.02226 -0.0297 -0.174962 0.0632235  0.106216   0.0235279 0.000131242  0.00121943 -0.00194579   -0.057542    0.059926  0.752492 -0.372497    -9.773 
             67.6007 0.753863  9.05102  163.003 -0.205765   6.26059 -0.251315 0 0 0 0.05512 0.02226 -0.0297 -0.18492 0.115001 0.253623   0.0232005 0.000163972  0.00117225 -0.00174186  -0.0564927   0.0545019  0.751847 -0.372302  -9.77305 
             67.6996 0.387985  10.5044  163.034 -0.219781   6.26409 -0.242804 0 0 0 0.05512 0.02226 -0.0297 -0.115643 0.0434598  0.114048   0.0235565 -0.00192803   0.0011045 -0.000835442   -0.0583469    0.0556256   0.75319 -0.372319  -9.77295 
             67.8008 0.606574  9.49227  163.173 -0.224511   6.25164 -0.291756 0 0 0 0.05512 0.02226 -0.0297  -0.153037 -0.0279989  0.0180987   0.0236038 -0.00167535  0.00112745 -0.000987702   -0.0602441    0.0614487  0.754358 -0.372719  -9.77285 
             67.9007 0.830062  8.77451  163.736 -0.229484    6.2548 -0.282458 0 0 0 0.05512 0.02226 -0.0297   -0.128743 -0.00147865   0.0321285   0.0238552 -0.00108331  0.00126569 -0.00103355  -0.0599106   0.0608838  0.754137 -0.372671  -9.77286 
             68.0008 0.767175  10.4326  163.165 -0.327178   6.27722 -0.281857 0 0 0 0.05512 0.02226 -0.0297 -0.407516 0.0173396 -0.122629   0.0238619 -0.00199585  0.00156036 -0.00416148  -0.0579707    0.059467  0.752042 -0.373871  -9.77298 
             68.1009 1.16273 9.43026 164.502 -0.286367   6.26171 -0.296649 0 0 0 0.05512 0.02226 -0.0297  -0.126127 -0.0393788  -0.169749   0.0237702 -0.00179314  0.00148901 -0.000862487   -0.0596804    0.0603197  0.754021 -0.372547  -9.77288 
             68.2012 1.33551 9.16487 164.821 -0.293414   6.26834 -0.271373 0 0 0 0.05512 0.02226 -0.0297 -0.0355287  0.0268053  -0.185241    0.023181 -0.00156477  0.00126505 -4.06785e-05   -0.0598634    0.0583757  0.754282 -0.372248  -9.77287 
             68.3009 0.990234  8.65619  165.068  -0.29482   6.27561 -0.285267 0 0 0 0.05512 0.02226 -0.0297 -0.041666 0.0564045  -0.19531   0.0232527 -0.00153171  0.00118591 -4.31242e-05   -0.0589918    0.0591735  0.753832 -0.371949  -9.77292 
             68.4009 0.888233  8.60221  164.788 -0.318792   6.29491 -0.293611 0 0 0 0.05512 0.02226 -0.0297 -0.127431 0.0624525 0.0190647   0.0233794 -0.00124014   0.0016152 -0.000985342   -0.0586093     0.058232  0.753305 -0.372395  -9.77294 
             68.5007 1.35126 8.34726 165.623 -0.334523    6.2964 -0.294313 0 0 0 0.05512 0.02226 -0.0297 -0.0980007  0.0208391  -0.265626   0.0234141 -0.00124689  0.00154978 -0.0019671 -0.0590705  0.0567856  0.753229 -0.373135  -9.77292 
             68.6009 1.45866   8.409 165.856 -0.335512     6.291 -0.287359 0 0 0 0.05512 0.02226 -0.0297  -0.0960707 -0.00361118   -0.216233   0.0232609 -0.00135825  0.00167331 -0.00183997   -0.060734   0.0546626  0.754136 -0.373648  -9.77283 
             68.6998 1.85127 8.30464 165.949  -0.36018   6.28772 -0.284453 0 0 0 0.05512 0.02226 -0.0297 -0.112147 0.0684205 0.0856635    0.0228524 -0.000961136   0.00159659 -0.00213726  -0.0611279   0.0535493  0.754242 -0.373976  -9.77281 
             68.7998 1.12621 8.45818 166.133 -0.364758   6.30601 -0.282569 0 0 0 0.05512 0.02226 -0.0297  -0.054578   0.100302 -0.0839914   0.0226603 -0.00103069  0.00156213 -0.00113573  -0.0590593   0.0528166  0.753375 -0.372841  -9.77292 
             68.8998 0.86225 8.74807 166.445 -0.372852   6.30324 -0.287812 0 0 0 0.05512 0.02226 -0.0297 -0.0900619  0.0847731 0.00373642   0.0232071 -0.00122823  0.00153829 -0.00190358  -0.0610559   0.0531397  0.754263 -0.373838  -9.77281 
             69.0011 1.22011 8.74926 166.602 -0.386904   6.29945 -0.275721 0 0 0 0.05512 0.02226 -0.0297  -0.144918 -0.0200679  0.0718783   0.0234211 -0.00114509  0.00174407 -0.00236867  -0.0625967   0.0519086  0.754958 -0.374595  -9.77273 
              69.101 1.41572 8.14277 167.153 -0.394019   6.28702 -0.281024 0 0 0 0.05512 0.02226 -0.0297 -0.0927594 -0.0413836 -0.0590575    0.023489 -0.00106309  0.00186907 -0.0020522 -0.0642913  0.0520626  0.755995 -0.374904  -9.77264 
             69.2008 1.65662  8.8065 167.433 -0.409795   6.29454 -0.276143 0 0 0 0.05512 0.02226 -0.0297  -0.132921 -0.0288785  0.0508598   0.0233006 -0.00127358  0.00198317 -0.0038862 -0.0617709  0.0509753   0.75404 -0.375242  -9.77277 
             69.2992 1.44027  8.3787 167.783  -0.43425   6.29925 -0.258259 0 0 0 0.05512 0.02226 -0.0297 -0.189921 0.0813859  0.239327    0.0233799 -0.000873663   0.00184334 -0.00433918  -0.0604404   0.0504545  0.753158 -0.375135  -9.77285 
             69.4009 1.08881 8.98781 168.011 -0.449154   6.31402 -0.241562 0 0 0 0.05512 0.02226 -0.0297 -0.114863 0.0965157  0.040238    0.0231719 -0.000857672    0.0018147 -0.00349149   -0.060183   0.0500558  0.753248 -0.374605  -9.77286 
              69.501 1.13125 8.64049 168.437 -0.453204      6.31 -0.275594 0 0 0 0.05512 0.02226 -0.0297  -0.128197  0.0773385 -0.0876987   0.0235222 -0.00102448   0.0018508 -0.00515731  -0.0605752   0.0558064  0.753105 -0.375401  -9.77284 
             69.5998  1.1515 8.38608 168.191 -0.474246   6.31577 -0.286799 0 0 0 0.05512 0.02226 -0.0297 -0.168342 0.0225029 0.0207593    0.0235046 -0.000599545    0.0022198 -0.00491774   -0.062187   0.0568903  0.754096 -0.375677  -9.77275 
             69.7012 1.70391 8.29109 169.192 -0.489127   6.30276 -0.297046 0 0 0 0.05512 0.02226 -0.0297 -0.0788116 -0.0375057  -0.191642    0.0235982 -0.000743907   0.00245638 -0.00543208  -0.0647885   0.0559345  0.755394 -0.376733  -9.77261 
                69.8 1.82406 7.93291 170.108 -0.503574   6.30514 -0.297932 0 0 0 0.05512 0.02226 -0.0297  -0.126269 -0.0234881 -0.0930796    0.0236219 -0.000858385   0.00246155 -0.00567411  -0.0638684   0.0545456  0.754784 -0.376671  -9.77266 
                69.9  1.5007 8.26503 170.848 -0.492185   6.29781 -0.301962 0 0 0 0.05512 0.02226 -0.0297 -0.0702716 -0.0253021  -0.090973    0.0234641 -0.000954852   0.00257969 -0.00408581  -0.0652435    0.054912  0.756001 -0.376137  -9.77259 
             70.0011 1.56509 8.30769 171.037 -0.513672   6.29586  -0.29487 0 0 0 0.05512 0.02226 -0.0297   -0.113482 -0.00980551    -0.06074   0.0232894 -0.00102632  0.00262795 -0.00543174  -0.0651273   0.0538343  0.755557 -0.376905  -9.77259 
              70.101 1.19773  8.3902 171.472  -0.51784   6.29672 -0.317123 0 0 0 0.05512 0.02226 -0.0297 -0.0992517  0.0140099   -0.14008  0.0235953 -0.0014178 0.00270345 -0.00478151  -0.0649296   0.0546895  0.755626 -0.376451   -9.7726 
             70.1996 1.69566 8.09819 172.406 -0.542898   6.29818 -0.315512 0 0 0 0.05512 0.02226 -0.0297  -0.179351 0.00865185  -0.124199   0.0235883 -0.00098873  0.00283622 -0.00655104  -0.0645837   0.0532151  0.754947 -0.377426  -9.77262 
             70.2999 2.44448 8.42678 173.414 -0.560892   6.28217 -0.320491 0 0 0 0.05512 0.02226 -0.0297  -0.031874  -0.196493 -0.0347636    0.0237443 -0.000913159   0.00303081 -0.00639836  -0.0653794   0.0527321  0.755436 -0.377564  -9.77258 
             70.4001 2.56818 8.32665 175.766 -0.604985   6.28368 -0.255729 0 0 0 0.05512 0.02226 -0.0297 -0.197705 -0.098203  0.233893   0.0232072 -0.00139894  0.00330389 -0.0101563 -0.0610196  0.0452523  0.751855 -0.378921   -9.7728 
                70.5 2.01331 8.19004 177.331 -0.617831   6.28574 -0.238384 0 0 0 0.05512 0.02226 -0.0297  -0.212632 -0.0284127   0.178819   0.0231234 -0.00145717   0.0031169 -0.00801466  -0.0601366   0.0465922  0.751883 -0.377404  -9.77286 
             70.6002 2.02445  7.9738 178.621 -0.622541   6.27175 -0.251409 0 0 0 0.05512 0.02226 -0.0297  -0.162736 -0.0332048  0.0624467   0.0232951 -0.00153415  0.00293717 -0.00662465  -0.0629238   0.0503848  0.753912 -0.377094  -9.77271 
             70.7002   2.3132  8.04673 -179.961 -0.618978   6.26072 -0.266442 0 0 0 0.05512 0.02226 -0.0297  -0.147212 -0.0684294  -0.072236  0.0237515 -0.0013236 0.00336273 -0.00354801  -0.0656396   0.0539494 0.756283 -0.37574 -9.77258 
             70.8003  3.21142  8.27474 -178.153 -0.591349   6.26057 -0.253188 0 0 0 0.05512 0.02226 -0.0297  0.108128  -0.11533 0.0326242   0.0238718 -0.00121489  0.00346292 0.00343001  -0.066858  0.0537812  0.758558 -0.371825  -9.77255 
             70.9001  3.62998  8.21543 -176.417 -0.552895   6.26907 -0.270358 0 0 0 0.05512 0.02226 -0.0297    0.22827 -0.0775217 -0.0247596   0.0234033 -0.00134862  0.00377627 0.00753969 -0.0654522  0.0554161 0.758592 -0.36897 -9.77266 
             71.0005  3.37898  8.03646 -174.499 -0.586461   6.30127 -0.276516 0 0 0 0.05512 0.02226 -0.0297 0.0502472  0.076809 0.0100596   0.0228087 -0.00169866  0.00392222 0.00429112 -0.0571431  0.0553485  0.752824 -0.369326  -9.77309 
             71.1001  3.4384 8.07469 -173.64 -0.639614   6.31784 -0.295745 0 0 0 0.05512 0.02226 -0.0297   -0.13602   0.145901 -0.0797737   0.0225164 -0.00171729   0.0038799 -0.00177276  -0.0541566    0.056135 0.749819 -0.37247  -9.7732 
             71.1997   2.6897  7.82826 -170.865 -0.673944   6.28935 -0.327924 0 0 0 0.05512 0.02226 -0.0297  -0.206132 0.00529522  -0.191634   0.022983  -0.001919 0.00363573 -0.00938141  -0.0578642    0.057822  0.750823 -0.377817  -9.77292 
             71.3007  2.91867  7.45691 -169.309 -0.707378    6.2747 -0.330187 0 0 0 0.05512 0.02226 -0.0297   -0.26646 -0.0740165  -0.154024  0.0232781 -0.0017651 0.00386361   -0.01155 -0.0598024  0.0557809  0.751654 -0.379595  -9.77279 
             71.3999  3.58305  7.60307 -167.043 -0.758265   6.22933 -0.318048 0 0 0 0.05512 0.02226 -0.0297  -0.276813  -0.263527 -0.0593438  0.0236867 -0.0017998  0.0041465 -0.0194779 -0.0624632  0.0527362  0.752065 -0.385186  -9.77254 
             71.4997   3.7534  7.27254 -164.987 -0.762593   6.19905 -0.301191 0 0 0 0.05512 0.02226 -0.0297 -0.185243 -0.327576  0.016796   0.0235465 -0.00186591  0.00414309 -0.0171423  -0.066174  0.0490386  0.754763 -0.384395  -9.77236 
             71.5998  3.80267  7.30155 -163.186 -0.752437   6.20196 -0.295243 0 0 0 0.05512 0.02226 -0.0297  -0.13089 -0.278241 0.0988595   0.0232426 -0.00186496  0.00400162 -0.0115134 -0.0660181  0.0487583  0.755436 -0.380755  -9.77245 
             71.6996  3.88312  7.19133 -162.638 -0.784524   6.18501 -0.293991 0 0 0 0.05512 0.02226 -0.0297   -0.178907 -0.00456643   -0.071916   0.0230351 -0.00164815   0.0040693 -0.00934673  -0.0628548   0.0499406   0.75368 -0.378883  -9.77266 
             71.7997  2.86785  6.15796 -159.242 -0.779765   6.18595 -0.342433 0 0 0 0.05512 0.02226 -0.0297 -0.0977068  0.0144576  -0.235745   0.0230001 -0.00178841  0.00400232 -0.00729002  -0.0641287   0.0535723   0.75478 -0.377529  -9.77263 
                71.9  3.29177    6.663 -157.605  -0.75753   6.18261 -0.330466 0 0 0 0.05512 0.02226 -0.0297   0.0195843 -0.00211324  -0.0921664    0.023121 -0.00200805  0.00409538 -0.00560058  -0.0661475   0.0527064  0.756287 -0.376663  -9.77255 
             71.9996  3.04337  6.64278 -157.278 -0.746129   6.18384 -0.305878 0 0 0 0.05512 0.02226 -0.0297  0.0690702 -0.0612912   0.065745   0.0236421 -0.00191711  0.00425938 -0.0047389 -0.0664229  0.0513373  0.756562 -0.376182  -9.77254 
             72.1008  4.08649   6.9608 -154.889 -0.759804    6.1727 -0.332531 0 0 0 0.05512 0.02226 -0.0297 0.0642762 -0.115226 -0.103619   0.0233134 -0.00251358  0.00458375 -0.00611199  -0.0647876   0.0518021  0.755383 -0.376959   -9.7726 
             72.2008  4.23137  6.78423 -152.185 -0.796997     6.149 -0.286373 0 0 0 0.05512 0.02226 -0.0297 -0.099937 -0.176969  0.111066   0.0227481 -0.00220205  0.00448408 -0.0113852 -0.0628713  0.0468601  0.753779 -0.380563  -9.77259 
             72.3005 3.74399 6.61908 -150.61  -0.81116   6.13181 -0.297616 0 0 0 0.05512 0.02226 -0.0297 -0.0820583 -0.0716283  0.0174286   0.0225042 -0.00188777  0.00443549 -0.0108455 -0.0630163  0.0507343  0.753915 -0.380025   -9.7726 
             72.4005  3.47225  6.35794 -148.151 -0.812218   6.11377 -0.321446 0 0 0 0.05512 0.02226 -0.0297  -0.107035 -0.0938651  0.0363797  0.0228361 -0.0024767 0.00411779 -0.0111672 -0.0646702   0.053847 0.755005 -0.38017 -9.77251 
             72.4998  3.88961  6.30017 -147.252 -0.808975   6.11107 -0.330847 0 0 0 0.05512 0.02226 -0.0297 -0.0894296  -0.101232  0.0123108   0.0231756 -0.00245258  0.00408036 -0.0106224 -0.0656191  0.0556422  0.755666 -0.379763  -9.77247 
             72.5998  3.79179  6.01067 -146.858 -0.818216   6.08465 -0.320188 0 0 0 0.05512 0.02226 -0.0297 -0.00550046   -0.151835  -0.0603592   0.0233672 -0.00219115  0.00374947 -0.0101533  -0.066426  0.0545442  0.756228 -0.379541  -9.77244 
             72.6999  4.15694   5.9956 -145.785 -0.828807   6.07872 -0.296882 0 0 0 0.05512 0.02226 -0.0297 -0.0165085  -0.115705  0.0734663   0.0230299 -0.00241735  0.00369848 -0.00955582  -0.0643336   0.0508243  0.754851 -0.379251  -9.77256 
             72.7997  4.16991  5.89469 -145.306 -0.837228   6.08762 -0.302934 0 0 0 0.05512 0.02226 -0.0297  -0.121513 -0.0194659   0.179894   0.0230142 -0.00242467  0.00368411 -0.00734792  -0.0620928   0.0521098 0.753405 -0.37765 -9.77273 
             72.9002   3.9948  5.63194 -145.409 -0.849892   6.08406 -0.312714 0 0 0 0.05512 0.02226 -0.0297   -0.119836 6.51534e-05   -0.101837   0.0226282 -0.00249537  0.00360995 -0.00828406  -0.0615418    0.052817  0.753011 -0.378229  -9.77274 
             72.9999  3.58078  6.02352 -145.227 -0.862776   6.06941 -0.319511 0 0 0 0.05512 0.02226 -0.0297 -0.0985183 -0.0159821 -0.0125707   0.0229384 -0.00260284  0.00329823 -0.00912341  -0.0625029   0.0524581  0.753635 -0.378825  -9.77267 
             73.0997  3.83779  5.82731 -145.216 -0.882843   6.04485 -0.302181 0 0 0 0.05512 0.02226 -0.0297  -0.15459 -0.130667  0.143176   0.0232945 -0.00276043  0.00335712 -0.0116727 -0.0631684  0.0509043  0.754027 -0.380604  -9.77257 
             73.1998  3.79251  5.50668 -144.882 -0.903865   6.03159 -0.306278 0 0 0 0.05512 0.02226 -0.0297 -0.146472 -0.141571 -0.186179   0.0233753 -0.00272368  0.00346669  -0.012543 -0.0623164  0.0511636   0.75344 -0.381153  -9.77259 
                73.3  3.98481  5.37066 -144.766 -0.904471   6.02298 -0.321949 0 0 0 0.05512 0.02226 -0.0297 -0.0958789  -0.160442  0.0140057   0.0232968 -0.00288082  0.00358603 -0.00983764  -0.0633099   0.0524451  0.754156 -0.379319  -9.77261 
             73.3999  3.7617 5.89205 -144.46 -0.924073   6.00449 -0.285207 0 0 0 0.05512 0.02226 -0.0297 -0.199852 -0.155183  0.347075   0.0231003 -0.00239649  0.00365985 -0.0103774 -0.0623917   0.048187  0.753552 -0.379856  -9.77263 
             73.4999  3.71236  5.47929 -144.644 -0.926519   6.01174 -0.301146 0 0 0 0.05512 0.02226 -0.0297  -0.126898 -0.0447217  0.0639102   0.0228809 -0.00244744  0.00358314 -0.00497929  -0.0616628   0.0542686  0.753161 -0.375976  -9.77281 
             73.5998  3.53844  6.04354 -144.613 -0.915503   6.01352 -0.327887 0 0 0 0.05512 0.02226 -0.0297 -0.0590937 -0.0113932  0.0452611   0.0235209 -0.00290868  0.00343554 -0.000944667   -0.0648912    0.0604246  0.755362 -0.373066  -9.77275 
                73.7  3.54747  6.22731 -144.429 -0.925304   5.99919 -0.316063 0 0 0 0.05512 0.02226 -0.0297 0.0279305 -0.255105  0.179991  0.0237626 -0.0029095 0.00350724 -0.00256001  -0.0638381   0.0598005   0.75463 -0.374145  -9.77277 
             73.7999  3.65443  5.94296 -143.943 -0.934841   5.96744 -0.304541 0 0 0 0.05512 0.02226 -0.0297 0.00494289  -0.304648 -0.0537834    0.023741 -0.00287293  0.00353424 -0.00463682  -0.0629099   0.0587124  0.753975 -0.375554  -9.77277 
             73.9035  4.08228  6.03292 -143.808 -0.955389   5.95835 -0.301082 0 0 0 0.05512 0.02226 -0.0297 -0.0829576  -0.271327   0.138736    0.023484 -0.00255396  0.00367462 -0.00503431  -0.0604065   0.0585897  0.752315 -0.375777  -9.77289 
             74.0002  4.25128  5.88815 -143.563 -0.971328   5.95506 -0.295147 0 0 0 0.05512 0.02226 -0.0297 -0.149551 -0.233922 0.0836869   0.0232875 -0.00211468  0.00374973 -0.00429283  -0.0587568   0.0586999  0.751246 -0.375258  -9.77299 
                74.1  3.84571  6.17607 -143.272 -0.982575   5.95664   -0.2845 0 0 0 0.05512 0.02226 -0.0297  -0.179414 -0.0644421  0.0272262   0.0228781 -0.00218491   0.0036989 -0.0025965 -0.0580365  0.0587487  0.750809 -0.374136  -9.77306 
                74.2   3.1779  4.64052 -143.214  -1.00817   5.94688 -0.259304 0 0 0 0.05512 0.02226 -0.0297  -0.131274 -0.0297172  0.0683355  0.0230826 -0.0017549 0.00362885 -0.00384985  -0.0577314   0.0569028   0.75059 -0.375043  -9.77305 
                74.3  3.55509  4.76926 -142.965  -1.01009   5.95117 -0.272123 0 0 0 0.05512 0.02226 -0.0297   -0.104124 0.000714955   0.0581587   0.0230941 -0.00220911  0.00379997  -0.00214 -0.058337  0.059885     0.751 -0.373793  -9.77306 
             74.4001  3.76978  5.38667 -142.405  -1.01252   5.93646 -0.339549 0 0 0 0.05512 0.02226 -0.0297 -0.0446582  -0.148761  -0.442194  0.0233113 -0.0028532  0.0040059 -0.00109521  -0.0594269   0.0653548  0.751683 -0.372883  -9.77305 
             74.5001  3.94543  5.68286 -141.136  -1.03858   5.90033 -0.320341 0 0 0 0.05512 0.02226 -0.0297 -0.0895605  -0.272331 -0.0689706  0.0231528 -0.0027394 0.00405789 -0.00473436   -0.058182   0.0605091  0.750862 -0.375447  -9.77301 
             74.6001  3.49715  5.98307 -140.345  -1.02504   5.89753 -0.277532 0 0 0 0.05512 0.02226 -0.0297 -0.000800967    -0.124554   -0.0648116   0.0224914 -0.00250597  0.00404269 -0.000414747   -0.0600422    0.0569629  0.752157 -0.372811  -9.77301 
                74.7  3.31019  5.45458 -139.975  -1.01881   5.90446 -0.306361 0 0 0 0.05512 0.02226 -0.0297  0.066559 0.0150203 -0.377718   0.0223713 -0.00278929  0.00398665 0.00176769 -0.0594692  0.0580368  0.751791 -0.371337   -9.7731 
             74.8003  3.56556  4.86163 -139.579  -1.03216   5.89968 -0.314604 0 0 0 0.05512 0.02226 -0.0297 -0.0143739 -0.0212715  -0.179721   0.0223935 -0.00284751  0.00398324 -9.66562e-05   -0.0580444    0.0563464 0.750869 -0.37263 -9.77312 
             74.9009  3.78528  4.98803 -138.936  -1.05206    5.8864 -0.336722 0 0 0 0.05512 0.02226 -0.0297 -0.100454 -0.114784 -0.113038   0.0224088 -0.00287293  0.00410553 -0.00210541  -0.0568542   0.0570385  0.750084 -0.373898  -9.77313 
             75.0006  3.79238  5.02207 -138.579  -1.06019   5.87171 -0.358613 0 0 0 0.05512 0.02226 -0.0297 -0.0844619  -0.143693  -0.267526   0.0224397 -0.00311925  0.00442787 -0.00163646  -0.0574551    0.056166  0.750482 -0.373633  -9.77311 
             75.1005  4.10981  5.31634 -137.546  -1.05461   5.86962 -0.346863 0 0 0 0.05512 0.02226 -0.0297 -0.0685046  -0.148886 -0.0895577   0.0223506 -0.00299017  0.00442106 -0.000367273   -0.0584761    0.0542935  0.751157 -0.372892  -9.77309 
             75.2008  4.40466  5.22353 -137.233  -1.06781   5.85897 -0.308548 0 0 0 0.05512 0.02226 -0.0297 -0.0783098 -0.0485491 0.00456626   0.0218823 -0.00259412  0.00459971 0.000785222   -0.058249   0.0504619  0.751042 -0.372321  -9.77312 
             75.3005  3.80731   5.5794 -136.215  -1.06616   5.86571 -0.329224 0 0 0 0.05512 0.02226 -0.0297 -0.0177267  0.0235155 -0.0877092   0.0219818 -0.00280486  0.00445104 0.00283597 -0.0584847  0.0527919  0.751159 -0.370893  -9.77316 
             75.4001  4.11606   5.5756 -135.483  -1.07865   5.84679 -0.352139 0 0 0 0.05512 0.02226 -0.0297 -0.0648883 -0.0618449  -0.070218   0.0223358 -0.00297746  0.00433401 -0.00199533  -0.0584363   0.0554777 0.751164 -0.37388 -9.77305 
             75.4909  4.3078 5.56172 -135.21   -1.0908   5.82367 -0.343183 0 0 0 0.05512 0.02226 -0.0297 -0.0635994  -0.213216 -0.0058759   0.0224213 -0.00270311     0.00458 -0.00627425   -0.059123    0.052838  0.751682 -0.376745   -9.7729 
             75.6003  4.77552   5.3384 -134.544 -1.10042  5.79162 -0.34924 0 0 0 0.05512 0.02226 -0.0297 -0.0210132  -0.212939  -0.258695   0.0222944 -0.00255545  0.00471903 -0.00616328  -0.0588944   0.0516044  0.751539 -0.376736  -9.77291 
             75.7003   4.7988  5.15609 -132.861  -1.11224   5.76583 -0.352059 0 0 0 0.05512 0.02226 -0.0297 -0.0176746  -0.292233  -0.128278   0.0221361 -0.00278225   0.0048539 -0.00633864  -0.0568011   0.0480785  0.750205 -0.377061    -9.773 
             75.8003  3.83252  5.84244 -131.627  -1.11166   5.76342 -0.329453 0 0 0 0.05512 0.02226 -0.0297 -0.00129154   -0.101925   0.0131953   0.0221051 -0.00278093  0.00485793 -0.00301135  -0.0562901    0.045508  0.749795 -0.375053  -9.77311 
             75.9001   4.1053  5.67561 -130.982  -1.11646   5.76622 -0.314267 0 0 0 0.05512 0.02226 -0.0297  0.0277562 -0.0790044  0.0703981    0.021998 -0.00286407  0.00457107 -0.00225723  -0.0555032   0.0446424  0.749267 -0.374639  -9.77316 
             76.0002  4.23073  5.55486 -130.321  -1.11625   5.76087 -0.311102 0 0 0 0.05512 0.02226 -0.0297 0.00718814  -0.097449   0.146928   0.0220558 -0.00292322   0.0045466 -0.00243198  -0.0555379   0.0447067  0.749296 -0.374745  -9.77316 
             76.1004 4.33091 5.50441 -130.23  -1.13615   5.73034 -0.299814 0 0 0 0.05512 0.02226 -0.0297 -0.0266151  -0.169651  0.0841802   0.0220935 -0.00285128  0.00467638 -0.00334594  -0.0544976   0.0451081  0.748672 -0.375354  -9.77318 
             76.2003  4.70763  5.28307 -128.487  -1.16237   5.73861 -0.315487 0 0 0 0.05512 0.02226 -0.0297 -0.134878 -0.121302 0.0237684   0.0218515 -0.00288874  0.00506492 -0.00325417  -0.0505337   0.0463757 0.746149 -0.37543 -9.77337 
             76.3019  4.89854  5.54752 -128.359   -1.1986   5.69916 -0.320463 0 0 0 0.05512 0.02226 -0.0297   -0.21349  -0.238532 0.00119084  0.0215755 -0.0033481 0.00510132 -0.00459099  -0.0499663    0.046344  0.745854 -0.376304  -9.77336 
             76.4003  3.65673  5.66026 -126.815  -1.22026   5.70162 -0.240503 0 0 0 0.05512 0.02226 -0.0297   -0.228871 -0.00856398    0.253925    0.020996 -0.00241435  0.00492035 -0.00178913  -0.0501645   0.0391788  0.745851 -0.374888  -9.77342 
             76.5013  3.45882  5.44204 -126.307 -1.2019 5.69285  -0.277 0 0 0 0.05512 0.02226 -0.0297 -0.0684029 -0.0604846  0.0501144   0.0216119 -0.00277948   0.0044969 -0.000666867   -0.0561687     0.046994  0.749565 -0.373405  -9.77319 
             76.6014  3.49146  4.98785 -125.816 -1.19438  5.67069 -0.27155 0 0 0 0.05512 0.02226 -0.0297 -0.0440317  -0.161096  0.0605073   0.0222152 -0.00308055  0.00445684 -0.00304564  -0.0601486   0.0470766  0.752231 -0.374656  -9.77294 
             76.7003  4.09661   4.7368 -125.475  -1.18255   5.64156 -0.296898 0 0 0 0.05512 0.02226 -0.0297 -0.0736529  -0.177379   -0.37802   0.0223025 -0.00296102  0.00482188 -0.00285774  -0.0646182   0.0490732  0.755038 -0.374143  -9.77274 
             76.8003  4.70686  4.52549 -124.332   -1.1887   5.63442 -0.370397 0 0 0 0.05512 0.02226 -0.0297 -0.0590781   -0.15675  -0.447104    0.022302 -0.00296915  0.00484954 -0.00149967  -0.0637371   0.0520675  0.754363 -0.373196  -9.77283 
             76.9002  4.8009 4.74982 -123.35  -1.20758     5.642 -0.355778 0 0 0 0.05512 0.02226 -0.0297  -0.14729 -0.101692 -0.307536   0.0222901 -0.00264455  0.00479401 -0.000800386   -0.0620642    0.0502117  0.753276 -0.372968  -9.77292 
             77.0006  5.06269  4.44982 -123.093  -1.22995    5.6266 -0.360699 0 0 0 0.05512 0.02226 -0.0297  -0.193986 -0.0490654  -0.189733   0.0217715 -0.00241377  0.00476356 -0.000584267   -0.0626223    0.0488578  0.753622 -0.372851   -9.7729 
             77.1008  4.58914  4.47914 -122.121  -1.22833   5.61427 -0.358073 0 0 0 0.05512 0.02226 -0.0297  -0.132868 -0.0461073 -0.0870837   0.0218809 -0.00282097  0.00451019 -0.000610531   -0.0646149    0.0475439  0.754868 -0.372758   -9.7728 
             77.2004  4.82107  4.41986 -121.219  -1.22661   5.58264 -0.352509 0 0 0 0.05512 0.02226 -0.0297 -0.0714455  -0.197255  0.0120052   0.0219398 -0.00272263  0.00466545 -0.00306257  -0.0674588   0.0461292  0.756845 -0.374098   -9.7726 
             77.3004  4.98043  4.54061 -120.199  -1.22362   5.57326 -0.346184 0 0 0 0.05512 0.02226 -0.0297 -0.0223279  -0.219304  0.0130104   0.0222527 -0.00258775  0.00489734 -0.00368606  -0.0688481     0.04542  0.757765 -0.374395  -9.77252 
             77.3998 5.03389 4.34628 -120.21  -1.24088   5.53101 -0.342099 0 0 0 0.05512 0.02226 -0.0297 -0.0244448  -0.258169 -0.0495559   0.0222796 -0.00301033  0.00524952 -0.00675011  -0.0669958   0.0425986  0.756889 -0.376582   -9.7725 
             77.5003   5.0958  4.14664 -118.502  -1.24491   5.53851 -0.307502 0 0 0 0.05512 0.02226 -0.0297 -0.0473341  -0.187694   0.110747   0.0219751 -0.00263597  0.00505044 0.000257728  -0.0653294   0.0376998   0.75524 -0.372615  -9.77278 
             77.6004  4.41629  4.30668 -117.589  -1.25965   5.53193 -0.296723 0 0 0 0.05512 0.02226 -0.0297  -0.140117 -0.0639264  0.0795501   0.0214921 -0.00243936    0.004886 0.00224698 -0.0644058  0.0400442  0.754468 -0.371366  -9.77289 
             77.7004  4.35281  3.97915 -117.168  -1.27531   5.51404 -0.271617 0 0 0 0.05512 0.02226 -0.0297 -0.149378 -0.109731   0.31393   0.0220523 -0.00297393  0.00454822 0.000217515  -0.0647201   0.0381221  0.754878 -0.372676  -9.77281 
             77.8007  4.09056   3.6891 -116.605  -1.25971   5.50719 -0.292838 0 0 0 0.05512 0.02226 -0.0297 -0.0440654  -0.139725    0.15355   0.0220317 -0.00298835  0.00455723 -0.000101438   -0.0688089    0.0430117  0.757406 -0.372215  -9.77263 
             77.9004  4.05983  3.55825 -116.618  -1.26694   5.47394 -0.287337 0 0 0 0.05512 0.02226 -0.0297  -0.014034  -0.180962 -0.0412245    0.022167 -0.00281841  0.00469189 -0.00029236  -0.0685787   0.0445799  0.757269 -0.372287  -9.77264 
             78.0005  4.63371  3.25373 -114.908  -1.27205   5.45591 -0.320406 0 0 0 0.05512 0.02226 -0.0297  -0.0179519   -0.222906 -0.00763949   0.0220957 -0.00297598  0.00502815 -0.000255864   -0.0681219    0.0458753  0.756969 -0.372262  -9.77266 
             78.1007  4.43034  3.81433 -113.831  -1.26758   5.44592 -0.304428 0 0 0 0.05512 0.02226 -0.0297 -0.0604784  -0.203831   0.224966   0.0218574 -0.00262109  0.00499814 0.00105444 -0.0687591  0.0448875 0.757217 -0.37143 -9.77267 
             78.2006  4.26954  4.39029 -113.076  -1.26951   5.43628 -0.295127 0 0 0 0.05512 0.02226 -0.0297 -0.00628751  -0.0708808   0.0491766   0.0215533 -0.00258207  0.00485332 0.00186097 -0.0690811  0.0452086  0.757313 -0.370886  -9.77269 
             78.3005  4.20914  3.82134 -112.678 -1.25424   5.4206 -0.31296 0 0 0 0.05512 0.02226 -0.0297 0.0480125 -0.104767 0.0685825   0.0218205 -0.00270198  0.00480722 0.000639183  -0.0718406   0.0485437 0.759099 -0.37113 -9.77254 
             78.4006  4.17801  3.90752 -111.928  -1.24495   5.40041 -0.307206 0 0 0 0.05512 0.02226 -0.0297 0.0922882 -0.167403  0.120855   0.0222028 -0.00276831    0.004913 -0.000310193   -0.0725335    0.0488941 0.759634  -0.3716 -9.77248 
             78.5006  4.20522  3.17838 -110.797 -1.25428  5.39787 -0.30315 0 0 0 0.05512 0.02226 -0.0297 0.0503774 -0.170821 0.0948887   0.0221425 -0.00268203  0.00516472 -0.00109591  -0.0699486   0.0480846  0.758177 -0.372454  -9.77256 
             78.6004  5.06103  3.90036 -111.817  -1.26985   5.37383 -0.322191 0 0 0 0.05512 0.02226 -0.0297  0.0301616  -0.201763 -0.0800163   0.0211432 -0.00336516  0.00630725 -0.000205941   -0.0655008    0.0480242  0.755363 -0.372505  -9.77278 
             78.7006  4.30624  3.67943 -109.349  -1.27655   5.35946 -0.327662 0 0 0 0.05512 0.02226 -0.0297 -0.0663205  -0.188538   0.340557    0.021221 -0.00313964  0.00610555 0.00029393 -0.0641213  0.0487466  0.754453 -0.372362  -9.77285 
             78.8011  3.98448  3.04622 -108.547  -1.26645   5.35181 -0.327606 0 0 0 0.05512 0.02226 -0.0297  0.01682 -0.18546 0.149292   0.0210482 -0.00319622  0.00605705 -7.78911e-05   -0.0655537    0.0492944  0.755363 -0.372357  -9.77278 
             78.9006  4.12563  2.71194 -108.113  -1.23359   5.33276 -0.237534 0 0 0 0.05512 0.02226 -0.0297   0.136559 -0.0895763   0.446739  0.0205986 -0.0029208 0.00558576 0.000466135  -0.0669683   0.0472821   0.75616 -0.371922  -9.77274 
             79.0005  3.77498  3.39218 -107.143  -1.26104   5.30856 -0.293933 0 0 0 0.05512 0.02226 -0.0297 0.0217725 -0.187136  0.160695   0.0208656 -0.00283949  0.00563918 -0.000179292   -0.0654548    0.0494464  0.755329 -0.372439  -9.77278 
             79.1007  3.78468  2.76126 -106.395   -1.2827   5.27335 -0.301593 0 0 0 0.05512 0.02226 -0.0297 -0.0297996  -0.252419  -0.149782   0.0210698 -0.00259198  0.00589095 -0.0011236 -0.0641544  0.0496816 0.754708 -0.37318  -9.7728 
             79.2008  3.80164  3.13761 -105.375  -1.29082   5.27427 -0.295902 0 0 0 0.05512 0.02226 -0.0297 -0.0494033  -0.208071  0.0766436   0.0211444 -0.00276783  0.00598362 0.00200376 -0.0632587  0.0496551  0.753707 -0.371505  -9.77294 
             79.2997  3.03938  3.44321 -104.804  -1.29363   5.26976 -0.296185 0 0 0 0.05512 0.02226 -0.0297 -0.130292 -0.182707  0.276592   0.0209189 -0.00245327  0.00592211 0.00378777 -0.0633665  0.0505707  0.753477 -0.370416    -9.773 
             79.3997  3.34285  3.82527 -104.542  -1.31033   5.25691 -0.281212 0 0 0 0.05512 0.02226 -0.0297  -0.160099  -0.047552 -0.0386746   0.0205827 -0.00254346  0.00560868 0.00420376   -0.06425  0.0505324  0.753926 -0.370034  -9.77298 
             79.4996  3.51928  3.01249 -104.551  -1.29395    5.2504 -0.299115 0 0 0 0.05512 0.02226 -0.0297  -0.0799264  -0.0858555 -0.00391991   0.0210917 -0.00300716  0.00536618 0.00333045 -0.0695154  0.0541602  0.757048 -0.369519  -9.77276 
             79.6007  3.30594  3.32889 -104.585  -1.28769   5.24149 -0.301596 0 0 0 0.05512 0.02226 -0.0297 -0.0180622  -0.121354  0.0050638   0.0213622 -0.00290533  0.00548488 0.0032284 -0.072131 0.0551467  0.758561 -0.369108  -9.77266 
             79.6995  3.54903   3.1486 -104.475  -1.29295   5.20715 -0.329069 0 0 0 0.05512 0.02226 -0.0297 0.0373137 -0.148763 -0.395992   0.0215952 -0.00268751  0.00580655 0.00110141 -0.0697825  0.0561769  0.757522 -0.370678  -9.77268 
             79.7998 3.91924 2.92697  -103.5  -1.29074   5.17752 -0.316576 0 0 0 0.05512 0.02226 -0.0297 0.0477546 -0.256183 -0.139943   0.0213523 -0.00284475  0.00581293 -0.000514837   -0.0697204    0.0506312  0.757865 -0.371857  -9.77261 
             79.8997  3.40377   3.1208 -103.032  -1.29903   5.16737 -0.299543 0 0 0 0.05512 0.02226 -0.0297 -0.0619785  -0.131779 -0.0783705   0.0208214 -0.00267634   0.0057536 0.00137016  -0.068843  0.0482267    0.7571 -0.371022   -9.7727 
             79.9997 3.55296 3.17372 -103.24 -1.30487    5.166 -0.31256 0 0 0 0.05512 0.02226 -0.0297 -0.0690946 -0.0630151  -0.216156   0.0205865 -0.00282565  0.00573741 0.00237563  -0.068909  0.0489123  0.756955 -0.370407  -9.77273 
             80.0996  3.70157  2.67073 -103.222  -1.30005   5.15917 -0.329456 0 0 0 0.05512 0.02226 -0.0297 -0.0489548 -0.0802058  -0.138094   0.0211266 -0.00337244   0.0055376 0.00151526 -0.0701772  0.0504122  0.757791 -0.370618  -9.77266 
             80.1986  3.74299  3.00562 -103.126  -1.29982   5.14086 -0.324397 0 0 0 0.05512 0.02226 -0.0297 -0.0158518  -0.158743  0.0915332     0.02097 -0.00326145  0.00551491 0.000808303  -0.0713115   0.0482278  0.758605 -0.370914  -9.77259 
             80.3007  4.11083  3.01301 -102.883  -1.30944   5.10567 -0.324526 0 0 0 0.05512 0.02226 -0.0297 -0.00931748   -0.226472   -0.171078   0.0213481 -0.00346722  0.00588493 -0.00344287  -0.0694788   0.0474034  0.758288 -0.373681   -9.7725 
             80.3997  4.41888  2.74179 -102.399  -1.31431   5.09266 -0.322583 0 0 0 0.05512 0.02226 -0.0297  -0.00906434    -0.235428 -1.88249e-06    0.021051 -0.00348199  0.00580175 0.000296068  -0.0685301   0.0456887  0.757146 -0.371791  -9.77267 
             80.5007  3.79349  3.27924 -102.052  -1.31743   5.08844 -0.300936 0 0 0 0.05512 0.02226 -0.0297 -0.0834732 -0.0898029  0.0579775   0.0205559 -0.00317029  0.00588756 0.00308803 -0.0693873  0.0439856 0.757188 -0.37013 -9.77272 
             80.6009  3.75777  3.34458 -102.156  -1.32059   5.08898 -0.309576 0 0 0 0.05512 0.02226 -0.0297 -0.0965176 -0.0607382  0.0698062   0.0205642 -0.00324278  0.00567251 0.00359483 -0.0688418  0.0459703   0.75676 -0.369853  -9.77277 
             80.6997  3.08457  4.29377 -102.019 -1.31682  5.04747 -0.32323 0 0 0 0.05512 0.02226 -0.0297 -0.0518388  -0.165458  0.0491936   0.0212604 -0.00424284   0.0055347 -0.00297765  -0.0713791   0.0471509  0.759304 -0.373076  -9.77245 
             80.7993  3.92018  2.90049 -102.124   -1.3212   5.04046 -0.287992 0 0 0 0.05512 0.02226 -0.0297 0.00102725  -0.186239  0.0369254   0.0211429 -0.00392657  0.00558841 0.000595865   -0.071427   0.0432057  0.758786 -0.371227  -9.77256 
             80.9012  4.33063   2.8084 -101.568  -1.31497   5.02539 -0.301598 0 0 0 0.05512 0.02226 -0.0297   0.0487282   -0.197704 -0.00407889   0.0211029 -0.00383286  0.00566833 0.00173779 -0.0716495  0.0440328  0.758702 -0.370508  -9.77259 
             81.0009  4.28973  3.25867 -101.141  -1.31103   5.02317 -0.306293 0 0 0 0.05512 0.02226 -0.0297 0.0536034 -0.200963  0.020249   0.0209673 -0.00368407   0.0056238 0.00201801  -0.071861  0.0444392  0.758767 -0.370297   -9.7726 
              81.099  4.38017   2.9872 -101.033  -1.31645   5.00337 -0.300033 0 0 0 0.05512 0.02226 -0.0297 -0.0520443  -0.117477  -0.013307   0.0206719 -0.00322897  0.00564772 0.00294562 -0.0713193  0.0443763  0.758307 -0.369879  -9.77265 
             81.1999  3.40081  3.40854 -100.943  -1.33379    5.0046 -0.290368 0 0 0 0.05512 0.02226 -0.0297 -0.0913269 -0.0157377  0.0110308   0.0207389 -0.00314732   0.0054793 0.00386169 -0.0701495  0.0433376  0.757512 -0.369622  -9.77272 
             81.3009  3.80943  3.13826 -100.861  -1.33795   4.98017 -0.295331 0 0 0 0.05512 0.02226 -0.0297 -0.0583159  -0.129269 0.00547164    0.021349 -0.00349603  0.00540691 0.000781175  -0.0709345   0.0443563  0.758464 -0.371145  -9.77259 
             81.4009  4.52005  2.94674 -100.557 -1.34392  4.95915 -0.29093 0 0 0 0.05512 0.02226 -0.0297 -0.0634468  -0.167988 -0.0138678   0.0213298 -0.00333948  0.00553664 -0.000654694   -0.0708327    0.0441928   0.75866 -0.371965  -9.77254 
                81.5  4.54753  2.60493 -100.131  -1.34973   4.93573 -0.305824 0 0 0 0.05512 0.02226 -0.0297 -0.0292253  -0.204138 -0.0390486   0.0211787 -0.00340515  0.00568057 -0.0022745 -0.0702144  0.0449772  0.758586 -0.372937  -9.77251 
             81.6009    4.733  2.91837 -99.8082  -1.34623   4.91455 -0.289552 0 0 0 0.05512 0.02226 -0.0297 -0.0393494  -0.244944  0.0264879   0.0211133 -0.00330361  0.00568005 -0.00160079  -0.0713809   0.0425017  0.759153 -0.372459  -9.77248 
              81.701  3.97808  3.18558 -99.7116 -1.35121  4.91263 -0.27565 0 0 0 0.05512 0.02226 -0.0297 -0.0361004    -0.1013  0.0886903   0.0206059 -0.00309618  0.00563853 0.00220896 -0.0716278  0.0413691  0.758633 -0.370362   -9.7726 
             81.8002  3.43761  1.61198 -99.8777   -1.3482    4.9013 -0.282263 0 0 0 0.05512 0.02226 -0.0297 -0.0458482 -0.0552501  0.0773265   0.0205896 -0.00322789  0.00561356 0.00122866 -0.0724443  0.0423812  0.759243 -0.370711  -9.77254 
             81.9001  3.71992  2.11831 -99.7553  -1.32833   4.88676 -0.276465 0 0 0 0.05512 0.02226 -0.0297 0.0682446 -0.125348 0.0194464    0.020662 -0.00384966  0.00557048 0.000598295  -0.0745515   0.0426083   0.76051 -0.370664  -9.77245 
             82.0009  4.19605  2.00975 -99.5692  -1.32814   4.85891 -0.288763 0 0 0 0.05512 0.02226 -0.0297  0.0571827  -0.195391 -0.0518116   0.0206941 -0.00397503  0.00574313 -0.000682125   -0.0739693    0.0437167  0.760398 -0.371429  -9.77243 
             82.1002  4.24272  2.30849 -99.2581  -1.32431   4.83782 -0.310835 0 0 0 0.05512 0.02226 -0.0297  0.0926016  -0.202338 -0.0684573   0.0206242 -0.00416179    0.006025 -0.000290196   -0.0734111    0.0442542 0.760016  -0.3713 -9.77246 
             82.1999  4.12221  2.68658 -98.9135  -1.32159    4.8406 -0.305807 0 0 0 0.05512 0.02226 -0.0297  0.0707727  -0.196883 -0.0639627   0.0204814 -0.00406263  0.00599325 0.00209034 -0.0730717  0.0434054  0.759423 -0.370101  -9.77255 
             82.3001 3.81218 2.72566 -98.825  -1.33614   4.83417 -0.271711 0 0 0 0.05512 0.02226 -0.0297 -0.0715013 -0.0981358   0.060958    0.020094 -0.00385892  0.00595964 0.00352351 -0.0707518  0.0397535  0.757969 -0.369868  -9.77267 
             82.3997  3.63862  2.69229 -98.7541  -1.33289   4.82706 -0.277397 0 0 0 0.05512 0.02226 -0.0297  -0.047008 -0.0321465 -0.0462796   0.0202491 -0.00400117  0.00570849  0.0032601 -0.0727017  0.0412227  0.759048 -0.369604   -9.7726 
             82.4999  3.63875  2.24529 -98.9849  -1.34157   4.79199 -0.285283 0 0 0 0.05512 0.02226 -0.0297 -0.00825716   -0.170403   0.0981203   0.0210112 -0.00430918  0.00580715 -0.00101961  -0.0720662    0.042662  0.759444 -0.371973  -9.77248 
                82.6  4.05101  2.61531 -98.6827  -1.34332   4.77413 -0.288076 0 0 0 0.05512 0.02226 -0.0297 0.00972053  -0.155471 -0.0704405    0.021025 -0.00425102  0.00590632 -0.00136276  -0.0715403   0.0436499  0.759204 -0.372216  -9.77249 
             82.7002  4.44213  2.33665 -98.2121  -1.34661   4.76749 -0.290041 0 0 0 0.05512 0.02226 -0.0297 -0.0205826  -0.181011  -0.225869   0.0208836 -0.00433334  0.00602051 -0.00183702  -0.0707933   0.0434093  0.758891 -0.372616   -9.7725 
             82.7996  4.50075  1.94395 -98.0943  -1.34734    4.7544 -0.277382 0 0 0 0.05512 0.02226 -0.0297   -0.14139  -0.178981 -0.0613033   0.0209123 -0.00415569  0.00598394 0.00109803 -0.0722374  0.0381925  0.759227 -0.370974  -9.77253 
             82.9003  3.77984  2.73387 -97.5889  -1.37631   4.74065 -0.259722 0 0 0 0.05512 0.02226 -0.0297  -0.234903  -0.043536 -0.0592686   0.0207391 -0.00418509  0.00599389 0.00105766 -0.0716092  0.0362218  0.758928 -0.371184  -9.77255 
             83.0008  4.08484  2.43228 -97.7516 -1.36793  4.72701 -0.32866 0 0 0 0.05512 0.02226 -0.0297  -0.140238 -0.0481493  -0.166394   0.0205757 -0.00462357  0.00590708 0.000159405  -0.0740636    0.040872   0.76032 -0.371038  -9.77245 
             83.1011  4.28745  2.52952 -97.6322  -1.36299   4.69626 -0.331483 0 0 0 0.05512 0.02226 -0.0297 -0.0493094  -0.178135  0.0288095   0.0206234 -0.00471228  0.00600239 -0.00216441   -0.075848   0.0399645  0.761706 -0.371964   -9.7723 
             83.2002  4.48478  2.14533 -97.1111  -1.35347   4.67744 -0.313533 0 0 0 0.05512 0.02226 -0.0297  0.036051 -0.192856  -0.18361   0.0207009 -0.00475195  0.00611346 -0.00252028  -0.0776165   0.0370546  0.762753 -0.371926  -9.77222 
             83.3002  4.65911  2.03726 -96.8599  -1.34536   4.65825 -0.296616 0 0 0 0.05512 0.02226 -0.0297  0.075152 -0.225137 0.0998695    0.020614 -0.00482408  0.00624588 -0.00231336   -0.078137   0.0340798  0.763034 -0.371826  -9.77221 
             83.4002  3.99961  2.84784 -96.4831   -1.3519    4.6635 -0.286027 0 0 0 0.05512 0.02226 -0.0297 0.0358327 -0.201428   0.14359   0.0203101 -0.00443278  0.00625386 -0.000695959   -0.0766554    0.0323335  0.761978 -0.371318  -9.77231 
             83.4999  5.58068  2.51818 -96.4092  -1.35123   4.66622 -0.282179 0 0 0 0.05512 0.02226 -0.0297 -0.0756901 -0.0738211  0.0498369   0.0186154 -0.00399696  0.00615184 0.00373231 -0.0771953  0.0347741  0.761416 -0.368802  -9.77245 
             83.6004  4.01641  2.39597 -96.4595  -1.35562   4.65287 -0.284013 0 0 0 0.05512 0.02226 -0.0297 -0.0776369 -0.0512289 -0.0684472   0.0195598 -0.00408832  0.00590734 0.00202164 -0.0778306  0.0354585  0.762059 -0.369552  -9.77237 
             83.7002  3.91991   2.5042 -96.7511  -1.35425   4.61046 -0.287746 0 0 0 0.05512 0.02226 -0.0297 -0.012961 -0.216452 0.0525531   0.0203389 -0.00493249  0.00600204 -0.00401661  -0.0791635   0.0363362  0.763875 -0.372422  -9.77212 
             83.7996  4.31337  3.10207 -96.4862  -1.34619   4.56657 -0.305081 0 0 0 0.05512 0.02226 -0.0297  0.118332 -0.201873 -0.137074   0.0205186 -0.00490721  0.00612961 -0.0060595  -0.078957  0.0399783  0.764107 -0.373389  -9.77206 
             83.9002  4.46265  2.64668 -95.5493  -1.35319   4.56333 -0.305452 0 0 0 0.05512 0.02226 -0.0297  0.0994679  -0.196362 -0.0493274   0.0199208 -0.00504126  0.00634479 -0.00500901  -0.0773491   0.0390666  0.763082 -0.373183  -9.77215 
             83.9996  4.56561  2.77865 -95.3417  -1.34792   4.52382 -0.275492 0 0 0 0.05512 0.02226 -0.0297  0.121178 -0.285431  0.325624   0.0196658 -0.00487717  0.00638361 -0.00498914  -0.0764396   0.0366849  0.762637 -0.373442  -9.77218 
             84.1004  3.88338  3.16487 -94.7996  -1.33371   4.52088 -0.271141 0 0 0 0.05512 0.02226 -0.0297  0.0845612  -0.118633 -0.0120905   0.0195149 -0.00459639  0.00623027 -0.0021101 -0.0769326  0.0384899  0.762317 -0.371786  -9.77226 
             84.2003  3.8663 2.10631 -94.774  -1.33709   4.52045 -0.258361 0 0 0 0.05512 0.02226 -0.0297  0.0113412 -0.0521194   0.144278   0.0199145 -0.00468121  0.00607432 -0.000915619   -0.0755465    0.0376241 0.761383 -0.37148 -9.77235 
             84.3001  4.23356  2.69064 -94.4663  -1.34402   4.51234 -0.272249 0 0 0 0.05512 0.02226 -0.0297 -0.0270992 -0.0873805  0.0874172   0.0201622 -0.00461268  0.00613425 -0.00243528  -0.0735905    0.040179  0.760624 -0.372542  -9.77237 
             84.3997 2.89794 2.99734 -94.748 -1.34222   4.4831 -0.26462 0 0 0 0.05512 0.02226 -0.0297 0.0346651 -0.181119 -0.142549   0.0215849 -0.00495968  0.00646319 -0.00327983  -0.0742804   0.0412096  0.761123 -0.372798  -9.77232 
             84.5003     3.99  1.95054 -93.7333  -1.35663   4.44065 -0.280724 0 0 0 0.05512 0.02226 -0.0297  0.0334688   -0.29426 0.00626673   0.0214938 -0.00484694  0.00643777 -0.00532376  -0.0712759   0.0427633 0.759951 -0.37438 -9.77235 
             84.6002  3.82611  2.82071 -93.2005  -1.36379   4.44062 -0.253591 0 0 0 0.05512 0.02226 -0.0297 -0.0558974  -0.132242  0.0475203   0.0209016 -0.00483926  0.00649029 -0.00242272  -0.0711585   0.0412231  0.759349 -0.372984  -9.77245 
             84.7002  3.65507  2.64274 -93.1417  -1.36203   4.43862 -0.259813 0 0 0 0.05512 0.02226 -0.0297 -0.0494439  -0.140185  0.0215349   0.0207054 -0.00488151  0.00626767 -0.00273018  -0.0713774   0.0420607  0.759505 -0.373064  -9.77243 
             84.7998  3.71226  2.63082 -93.1001    -1.382   4.42552 -0.314929 0 0 0 0.05512 0.02226 -0.0297 -0.0984417  -0.023279  -0.462147   0.0206597 -0.00487169  0.00623617 -0.00281181  -0.0714236   0.0424852 0.759536 -0.37308 -9.77243 
             84.9004  4.44551  2.04649 -92.8024  -1.35504   4.39951 -0.326588 0 0 0 0.05512 0.02226 -0.0297 0.0765319 -0.184879 -0.499373   0.0205762 -0.00481184  0.00623965 -0.0055822 -0.0740067  0.0427506  0.761394 -0.373932  -9.77225 
             84.9998  4.33155  2.11854 -92.9714  -1.33742   4.34729 -0.396545 0 0 0 0.05512 0.02226 -0.0297    0.1035 -0.245445 -0.676509   0.0207951 -0.00487689  0.00648253 -0.00632489  -0.0741321   0.0410827  0.761637 -0.374341  -9.77222 
             85.0998  4.24979  2.05585 -92.0091  -1.36067   4.32204 -0.353494 0 0 0 0.05512 0.02226 -0.0297  0.008715 -0.303669 -0.259884   0.0208259 -0.00478611  0.00648993 -0.00591469  -0.0726831   0.0361233  0.760901 -0.374603  -9.77227 
             85.1998  3.64419    2.431 -91.7072  -1.36447   4.31102 -0.323555 0 0 0 0.05512 0.02226 -0.0297 -0.067625 -0.182931 -0.038467   0.0204807 -0.00460915  0.00651844 -0.00448368  -0.0731613   0.0328311  0.760893 -0.373911  -9.77229 
             85.2998  4.04362  2.32615 -91.6728  -1.37878    4.3041 -0.299194 0 0 0 0.05512 0.02226 -0.0297 -0.0985684  -0.130625 -0.0101232   0.0204029 -0.00468755  0.00642896 -0.00331784   -0.072704   0.0292045 0.760486 -0.37356 -9.77234 
             85.3998  4.12485   2.0962 -91.1812  -1.36331   4.29273 -0.287571 0 0 0 0.05512 0.02226 -0.0297 -0.0405759  -0.159405  0.0647702  0.0206489 -0.0048678 0.00658331 -0.00363979  -0.0770791   0.0281689  0.762723 -0.372844  -9.77219 
             85.4998  4.62934  2.08673 -90.8538  -1.35603   4.26892 -0.256024 0 0 0 0.05512 0.02226 -0.0297 0.0593901 -0.165494  0.127086   0.0207988 -0.00471018  0.00676221 -0.00519718  -0.0784028   0.0252956  0.763741 -0.373432  -9.77209 
             85.5999  4.54294  1.81435 -90.0851  -1.35154   4.25709 -0.264096 0 0 0 0.05512 0.02226 -0.0297 0.0531037 -0.187373 0.0852689   0.0206453 -0.00476878  0.00689933 -0.00689096  -0.0787395   0.0274993  0.764224 -0.374109  -9.77203 
             85.6998  4.70961  1.94907 -90.0126 -1.34942  4.24132 -0.27642 0 0 0 0.05512 0.02226 -0.0297   0.239391  -0.100856 -0.0440813   0.0205549 -0.00483638  0.00693664 -0.00656314  -0.0778053   0.0287777  0.763679 -0.374101  -9.77207 
             85.7999  4.62183  1.41133 -89.4128  -1.34679   4.24092 -0.257661 0 0 0 0.05512 0.02226 -0.0297  -0.0733442 -0.00127124    0.102943   0.0205244 -0.00454516  0.00692014 -0.00372259  -0.0753334   0.0274899  0.761891 -0.373296  -9.77224 
             85.8997   3.4362  2.67367 -88.7963  -1.36885   4.22326 -0.235973 0 0 0 0.05512 0.02226 -0.0297 -0.186281 -0.036904  0.172212   0.0204697 -0.00455139  0.00691079 -0.00466532  -0.0747365   0.0265889  0.761816 -0.373911  -9.77222 
             85.9997  3.66793  2.03962 -88.6796  -1.35084    4.1873 -0.223061 0 0 0 0.05512 0.02226 -0.0297  -0.01471 -0.192248  0.165374   0.0205456 -0.00451777  0.00689995 -0.00623803  -0.0759918   0.0269436  0.762746 -0.374365  -9.77213 
             86.0996  4.44715  1.87982 -88.2031 -1.33997  4.15374 -0.25532 0 0 0 0.05512 0.02226 -0.0297   0.0439386   -0.233736 -0.00834904   0.0207762 -0.00436828  0.00704685 -0.00723186  -0.0763852   0.0299755  0.763091 -0.374636  -9.77209 
                86.2  4.39725  1.56213 -87.6683  -1.32877    4.1261 -0.274433 0 0 0 0.05512 0.02226 -0.0297 0.0986991 -0.284804 -0.242035   0.0206486 -0.00436845  0.00721158 -0.00871665  -0.0769647   0.0311212  0.763667 -0.375159  -9.77203 
             86.2998  4.42983  1.37767 -87.4784  -1.33083   4.13002 -0.276695 0 0 0 0.05512 0.02226 -0.0297  0.0819258  -0.228398 -0.0435929   0.0205757 -0.00442589  0.00713847 -0.00568499  -0.0763254   0.0305692  0.762711 -0.373907  -9.77215 
             86.3997  4.66722  1.44371 -87.2973    -1.331   4.12088 -0.274202 0 0 0 0.05512 0.02226 -0.0297 0.0171421 -0.229999  0.054112   0.0201813 -0.00415282  0.00710919 -0.00301973  -0.0755243   0.0300509  0.761757 -0.372862  -9.77227 
             86.4998  2.76458  1.57929 -87.1473  -1.33706   4.10022 -0.241996 0 0 0 0.05512 0.02226 -0.0297 -0.0348989  -0.085517 0.00991186   0.0206876 -0.00379525  0.00701543 -0.00232304  -0.0756829   0.0266139  0.761727 -0.372615  -9.77228 
             86.5997  3.38859   1.3047 -87.3573 -1.3289  4.0608 -0.2639 0 0 0 0.05512 0.02226 -0.0297  0.0279063  -0.217767 -0.0090408   0.0208534 -0.00429675  0.00679191 -0.00655332  -0.0762258   0.0307232 0.762853 -0.37433 -9.77212 
             86.6998  4.37738  1.43216 -86.9862  -1.31813    4.0225 -0.283383 0 0 0 0.05512 0.02226 -0.0297 0.0885765   -0.1848 -0.208626   0.0208008 -0.00425697  0.00697058 -0.00907142  -0.0766317   0.0325268  0.763571 -0.375353  -9.77203 
             86.7997  4.57045 0.478793 -86.5254  -1.32734   3.99682 -0.312508 0 0 0 0.05512 0.02226 -0.0297 0.0202815 -0.222362 -0.170123   0.0207832 -0.00437755  0.00701779 -0.00970689  -0.0741501   0.0328989  0.762554 -0.376199  -9.77208 
             86.8998  4.32942 0.989059   -86.14  -1.32982   3.99676 -0.289683 0 0 0 0.05512 0.02226 -0.0297  0.0141851  -0.202288 -0.0138916   0.0206439 -0.00451217  0.00702798 -0.00920943  -0.0741038   0.0304415  0.762459 -0.376046  -9.77209 
             86.9999  4.38856  1.04893 -86.0807  -1.34121   3.97683 -0.279663 0 0 0 0.05512 0.02226 -0.0297 -0.134064 -0.126699 0.0212207   0.0203884 -0.00442764  0.00703985 -0.00810702  -0.0741036   0.0301705  0.762216 -0.375548  -9.77213 
             87.0998  3.31371  1.53393 -85.8715  -1.31716   3.97856 -0.273513 0 0 0 0.05512 0.02226 -0.0297 -0.0268616 -0.0800435 -0.0818526  0.0206437 -0.0048647 0.00686956 -0.0081445 -0.0765105  0.0298583  0.763317 -0.375021  -9.77206 
             87.1997  2.51849  1.47176 -85.8613  -1.32592   3.96734 -0.232454 0 0 0 0.05512 0.02226 -0.0297 0.0342202 -0.105748  0.112596   0.0218098 -0.00512177  0.00681849 -0.0079059 -0.0760056  0.0271659   0.76307 -0.375101  -9.77208 
             87.3003  3.79423   1.4067 -85.3397  -1.30762   3.95249 -0.231486 0 0 0 0.05512 0.02226 -0.0297   0.115197  -0.098976 -0.0216944   0.0218179 -0.00491563    0.007023 -0.00862128  -0.0774987   0.0289017  0.763874 -0.375032  -9.77202 
             87.3998  3.91057 0.767357 -84.8338 -1.29693  3.92348 -0.25634 0 0 0 0.05512 0.02226 -0.0297  0.150134 -0.155044 0.0558199   0.0215213 -0.00506901  0.00721613 -0.0112662  -0.076765   0.031603 0.764094 -0.37631 -9.77195 
             87.4998  3.81014   1.4144 -84.5225  -1.30649   3.89744 -0.247721 0 0 0 0.05512 0.02226 -0.0297 0.0340649 -0.242305  0.193166   0.0214116 -0.00488129  0.00718249 -0.0112504 -0.0727032  0.0308781   0.76228 -0.377269  -9.77206 
             87.5999  3.29342  1.83239 -84.4808  -1.32737   3.89425 -0.224978 0 0 0 0.05512 0.02226 -0.0297  -0.10608 -0.103458 0.0238119   0.0209533 -0.00474667  0.00707669 -0.00805148  -0.0704236     0.02874  0.760562 -0.376438  -9.77222 
             87.6998  3.55553  1.18845 -84.5644  -1.30826   3.87971 -0.253662 0 0 0 0.05512 0.02226 -0.0297 0.0577926 -0.039164 -0.219383   0.0212272 -0.00497301  0.00686138 -0.0103599 -0.0740701  0.0329461  0.762639 -0.376484  -9.77206 
             87.8003  3.72412   1.3353 -84.3243  -1.27578   3.85432 -0.295948 0 0 0 0.05512 0.02226 -0.0297  0.175445 -0.160252 -0.112263  0.0213456 -0.0049903 0.00688001 -0.0135426 -0.0767763  0.0356365 0.764529 -0.37718 -9.77188 
             87.9006  3.73285  1.01502 -83.8931   -1.2639   3.83001 -0.285362 0 0 0 0.05512 0.02226 -0.0297  0.175793 -0.227185 -0.171266   0.0216012 -0.00484039  0.00706386 -0.0148928  -0.076618  0.0333447  0.764816 -0.377881  -9.77183 
             87.9998  3.99762  1.14614 -83.6072  -1.26692   3.78833 -0.295713 0 0 0 0.05512 0.02226 -0.0297   0.129889  -0.281612 -0.0709502   0.0214723 -0.00485979  0.00718339 -0.0150694 -0.0744409  0.0319543  0.763922 -0.378512  -9.77188 
             88.1002  3.69083  1.55614 -83.2381  -1.27756   3.78145 -0.278161 0 0 0 0.05512 0.02226 -0.0297 -0.0224279   -0.26344   0.108322   0.0213652 -0.00468618    0.007106 -0.0126784 -0.0729293  0.0298654  0.762734 -0.377889    -9.772 
             88.2001  3.73408  1.70318 -83.1175  -1.30116   3.76849 -0.258885 0 0 0 0.05512 0.02226 -0.0297  -0.108199  -0.105029 -0.0809468   0.0210752 -0.00448419  0.00704863 -0.0116612 -0.0711076   0.027729  0.761735 -0.377945  -9.77207 
             88.2999  4.00145  1.36969 -83.2174  -1.29289   3.76037 -0.261894 0 0 0 0.05512 0.02226 -0.0297 -0.0767892  -0.136591 -0.0654219   0.0215315 -0.00468117  0.00687935 -0.0133512 -0.0727758  0.0280872  0.762852 -0.378267  -9.77197 
                88.4  3.50402   1.8908 -83.1711  -1.28645   3.72679 -0.265173 0 0 0 0.05512 0.02226 -0.0297 0.00101515  -0.230682    0.20024   0.0221662 -0.00541525  0.00684275 -0.0146995 -0.0748894  0.0285857 0.764079 -0.37833 -9.77187 
                88.5  4.11426  1.54691 -82.5057  -1.28263      3.68 -0.272793 0 0 0 0.05512 0.02226 -0.0297 0.0646388 -0.250862 -0.153244   0.0223504 -0.00517576  0.00714743 -0.0190592 -0.0737788  0.0298699  0.764606 -0.380436  -9.77175 
             88.6001 4.33239  1.2309 -82.007   -1.2872    3.6768 -0.259082 0 0 0 0.05512 0.02226 -0.0297 0.0119811 -0.272166 -0.156413    0.022061 -0.00520316  0.00730743 -0.0184728 -0.0728557  0.0264671  0.764125 -0.380521  -9.77179 
             88.6999 4.63811 1.27254 -81.967  -1.28266   3.64755 -0.214367 0 0 0 0.05512 0.02226 -0.0297   -0.1399 -0.203574  0.795595   0.0219333 -0.00523247  0.00735518 -0.0163229 -0.0744897  0.0236617  0.764365 -0.379297  -9.77181 
             88.8007  4.81532  1.86487 -81.5492  -1.29551   3.66623 -0.175659 0 0 0 0.05512 0.02226 -0.0297   -0.116661 0.000947573    0.420169   0.0219787 -0.00493187  0.00733931 -0.0131882 -0.0751847  0.0261577  0.763871 -0.377704  -9.77191 
             88.9001  4.14714  1.36209 -81.4227  -1.27047   3.66529 -0.186372 0 0 0 0.05512 0.02226 -0.0297  0.0251047 -0.0291411   0.241996    0.022478 -0.00479019  0.00732044 -0.0136195  -0.075948  0.0279276  0.764276 -0.377639  -9.77189 
             89.0001  4.29052   1.2801 -81.0799   -1.2683   3.65019 -0.188823 0 0 0 0.05512 0.02226 -0.0297  0.0699738 -0.0754677   0.228131   0.0227088 -0.00455377  0.00746101 -0.0138503 -0.0758011  0.0284876  0.764267 -0.377749  -9.77188 
             89.1001  4.13922 0.983594 -80.6455  -1.26288   3.63173 -0.215481 0 0 0 0.05512 0.02226 -0.0297 0.0942635 -0.120649 0.0246906   0.0228789 -0.00444543  0.00761098 -0.0148871  -0.075615  0.0300117  0.764419 -0.378159  -9.77185 
             89.2001  4.40943 0.766693 -80.5636  -1.25802   3.59182 -0.215615 0 0 0 0.05512 0.02226 -0.0297   0.0421735     -0.1873 -0.00409873   0.0224608 -0.00404928  0.00767786 -0.0158848 -0.0744818  0.0295594  0.764202 -0.378845  -9.77184 
                89.3  3.58778   1.0671 -79.7712  -1.25541   3.55837 -0.213884 0 0 0 0.05512 0.02226 -0.0297 0.000728327   -0.247594  0.00549191   0.0223275 -0.00408506  0.00761799  -0.017316 -0.0738961  0.0296184  0.764306 -0.379563  -9.77181 
             89.4001  3.80915 0.782463 -79.7378  -1.25765   3.54446 -0.245443 0 0 0 0.05512 0.02226 -0.0297 0.00422536  -0.188247  -0.181214   0.0222275 -0.00415143  0.00749765 -0.0158317 -0.0739066  0.0331647  0.763904 -0.378861  -9.77187 
             89.5001  3.94845 0.932972 -79.3173 -1.24346  3.52188 -0.25544 0 0 0 0.05512 0.02226 -0.0297  0.0265398  -0.236714 -0.0874215   0.0224252 -0.00427492  0.00747076 -0.0172685 -0.0762571  0.0332192  0.765203 -0.378862  -9.77177 
             89.6001  4.47677  1.20024 -79.1061  -1.23169    3.4883 -0.271978 0 0 0 0.05512 0.02226 -0.0297   0.111478  -0.229773 -0.0568884    0.022965 -0.00398579  0.00764425 -0.0187157 -0.0765758  0.0353413  0.765653 -0.379308  -9.77171 
             89.7001  4.61309 0.975053 -78.3585 -1.22354  3.48253 -0.26024 0 0 0 0.05512 0.02226 -0.0297  0.240394 -0.140031 -0.202392   0.0229394 -0.00389595  0.00770939 -0.0177532 -0.0771955  0.0322546   0.76571 -0.378855  -9.77173 
             89.8002  4.98629  1.08748 -78.2382  -1.22133   3.46084 -0.251142 0 0 0 0.05512 0.02226 -0.0297  0.284225 -0.140548  -0.20469   0.0227979 -0.00391797  0.00772246 -0.0173544 -0.0722527  0.0259794  0.763716 -0.380112  -9.77183 
             89.8985  4.40524   1.4905 -77.5343  -1.20694   3.45531 -0.238144 0 0 0 0.05512 0.02226 -0.0297 0.150377 -0.15621 0.141015  0.0227639 -0.0038741 0.00769952 -0.0160032 -0.0717942  0.0233863  0.763229 -0.379769  -9.77189 
             90.0001   3.8156  1.48076 -77.3779  -1.23052    3.4491 -0.194229 0 0 0 0.05512 0.02226 -0.0297 -0.00813804  -0.0970972   0.0540693   0.0228681 -0.00400364  0.00745592 -0.0147013  -0.070195  0.0207298  0.762305 -0.379747  -9.77196 
             90.1001  3.92459  1.38896 -77.0794  -1.21611   3.41212 -0.213164 0 0 0 0.05512 0.02226 -0.0297 0.0414901 -0.234174 -0.011355   0.0232656 -0.00400537  0.00746034 -0.0165262 -0.0705594  0.0223948  0.762883 -0.380304  -9.77189 
             90.2001  4.67626   1.6559 -76.7365   -1.2047   3.39107 -0.237155 0 0 0 0.05512 0.02226 -0.0297   0.106748  -0.189113 -0.0524586    0.023532 -0.00367683  0.00753768  -0.016583 -0.0706604  0.0253315  0.762893 -0.380204  -9.77189 
             90.3001  4.67335  1.33243 -76.2674  -1.19629   3.36044 -0.237191 0 0 0 0.05512 0.02226 -0.0297 0.0945141 -0.165289 -0.130462   0.0234032 -0.00367192  0.00776702 -0.0183874 -0.0692914  0.0231709  0.762854 -0.381318  -9.77185 
             90.4001   4.6273  1.24903 -75.4903  -1.19912   3.34632 -0.243974 0 0 0 0.05512 0.02226 -0.0297 0.0625111 -0.201303 -0.068803   0.0230115 -0.00384779  0.00780683 -0.0173787 -0.0677465  0.0229532  0.762006 -0.381339  -9.77192 
             90.5002  4.18507  1.30711 -75.1368  -1.20102    3.3203 -0.234344 0 0 0 0.05512 0.02226 -0.0297  0.0306293  -0.245857 -0.0479718   0.0228838 -0.00384399  0.00779819 -0.0169838 -0.0668657  0.0208571  0.761596 -0.381486  -9.77195 
             90.6011  4.23002  1.01662 -75.2304  -1.20573   3.31034 -0.232579 0 0 0 0.05512 0.02226 -0.0297 0.0147912 -0.232617 -0.149442   0.0228513 -0.00383537  0.00762044  -0.016284 -0.0658589  0.0196514  0.761047 -0.381525  -9.77199 
             90.7001  4.14969 0.640451 -75.1958  -1.19277    3.2759 -0.249037 0 0 0 0.05512 0.02226 -0.0297  0.163853 -0.231299 -0.133423   0.0229744 -0.00372374  0.00767998  -0.016753 -0.0665557  0.0191353  0.761441 -0.381534  -9.77196 
             90.8001  4.76098  1.12622 -74.6671  -1.19886   3.28874 -0.230839 0 0 0 0.05512 0.02226 -0.0297    0.118738   -0.131851 0.000903881   0.0230089 -0.00369184  0.00769715 -0.0140923 -0.0664695  0.0161832  0.760749 -0.380647  -9.77204 
             90.8997 3.65944 1.02864 -75.198   -1.2245   3.28461 -0.227316 0 0 0 0.05512 0.02226 -0.0297 -0.0678324 -0.0294099 -0.0630915   0.0236196 -0.00359854  0.00800243 -0.0124753 -0.0652201  0.0146179  0.759874 -0.380421  -9.77212 
                  91  3.96726  1.27797 -73.8266  -1.21646   3.24552 -0.215545 0 0 0 0.05512 0.02226 -0.0297 -0.0202344  -0.212315  0.0392673   0.0231918 -0.00346121  0.00794639 -0.0131767 -0.0653249  0.0144254  0.760097 -0.380652  -9.77209 
             91.1002  3.43596  1.40002 -73.5458  -1.20578   3.22491 -0.185345 0 0 0 0.05512 0.02226 -0.0297 -0.0272066  -0.179504   0.102753    0.022532 -0.00315734  0.00783537 -0.0133479 -0.0662358  0.0136978  0.760484 -0.380496  -9.77207 
             91.2011  3.80979 0.972187 -73.5329  -1.18206   3.21685 -0.200144 0 0 0 0.05512 0.02226 -0.0297 0.0469556 -0.160006  0.025962   0.0221653 -0.00315109  0.00756548  -0.013524 -0.0690889  0.0156585  0.761504 -0.379754  -9.77202 
             91.3002  3.89487 0.845192 -73.0328  -1.15918   3.18155 -0.197861 0 0 0 0.05512 0.02226 -0.0297    0.1205 -0.279191 0.0398613   0.0222349 -0.00303014  0.00755929 -0.0160238 -0.0704636  0.0157761   0.76264 -0.380277  -9.77191 
             91.4002  4.45965  1.10074 -72.5828  -1.12725   3.15356 -0.224236 0 0 0 0.05512 0.02226 -0.0297   0.252627  -0.183035 -0.0813493   0.0225897 -0.00260203  0.00775123 -0.0179376   -0.07229  0.0212125  0.763691 -0.380318  -9.77183 
             91.5002  4.14389 0.903942 -71.9402  -1.10555   3.12776 -0.227835 0 0 0 0.05512 0.02226 -0.0297   0.227674  -0.214694 -0.0297322   0.0223453 -0.00268834   0.0078374 -0.0183666 -0.0708081  0.0189817  0.763314 -0.380927  -9.77183 
             91.6003  3.98048 0.845074 -71.3313  -1.11432   3.10355 -0.223224 0 0 0 0.05512 0.02226 -0.0297   0.132347  -0.294365 -0.0342151   0.0218559 -0.00285083  0.00785538 -0.0163407 -0.0659409  0.0173824  0.761085 -0.381567  -9.77198 
             91.7003   3.1369 0.951395  -71.122  -1.12894   3.09871 -0.232453 0 0 0 0.05512 0.02226 -0.0297    0.03181  -0.279354 -0.0879868   0.0214474 -0.00261184  0.00764176  -0.013862 -0.0626537  0.0187735  0.759249 -0.381555  -9.77213 
             91.8004   3.5309  2.06249 -70.6928  -1.11463   3.04685 -0.210679 0 0 0 0.05512 0.02226 -0.0297 0.0513196 -0.272046  0.160166   0.0212705 -0.00314686  0.00753112 -0.0151676 -0.0638532  0.0159009 0.760065 -0.38176 -9.77205 
             91.9002   3.4407   1.1177 -70.8532  -1.10838   3.06903 -0.178153 0 0 0 0.05512 0.02226 -0.0297  0.109598 -0.134411  0.318013   0.0213104 -0.00315157  0.00755106 -0.0113647 -0.0655328   0.014686  0.759632 -0.380025  -9.77216 
                  92  3.71951  1.13469 -70.6986  -1.10444   3.07035 -0.186445 0 0 0 0.05512 0.02226 -0.0297    0.11509 -0.0446821  0.0705046   0.0215363 -0.00275331  0.00778714 -0.0106836 -0.0652701  0.0166937 0.759318 -0.37981 -9.77219 
             92.1004  3.73292 0.615003 -70.3745  -1.09924   3.04192 -0.191609 0 0 0 0.05512 0.02226 -0.0297  0.125594 -0.127576 0.0650437   0.0215256 -0.00269799  0.00798057 -0.0118024 -0.0639252   0.016947  0.759164 -0.380546  -9.77217 
             92.2003  3.40367   1.0408 -69.8243  -1.09818   3.00425 -0.183599 0 0 0 0.05512 0.02226 -0.0297 0.0256002 -0.288124  0.261186   0.0213303 -0.00246349  0.00799607 -0.0131203 -0.0621041  0.0167431 0.758916 -0.38149 -9.77215 
             92.3003  3.30205  1.45533 -69.9085   -1.1156   2.99537 -0.168845 0 0 0 0.05512 0.02226 -0.0297 -0.0921233  -0.137553  0.0637981  0.0208926  -0.002335 0.00788334 -0.0104346 -0.0613324  0.0167705  0.757926 -0.380808  -9.77226 
             92.4007  3.71388 0.892359 -70.1459  -1.10767   2.98146 -0.197371 0 0 0 0.05512 0.02226 -0.0297 -0.0758598  -0.160962  0.0655926   0.0213245 -0.00238525  0.00763503 -0.0115647 -0.0641161  0.0226291   0.75905 -0.380259  -9.77219 
             92.5003  3.77868  1.12898 -70.1628  -1.09287    2.9554 -0.208876 0 0 0 0.05512 0.02226 -0.0297  0.073245 -0.223874  0.187306   0.0217992 -0.00240644  0.00757954 -0.0140292 -0.0662958  0.0252753  0.760398 -0.380407  -9.77208 
             92.6004  4.09771  1.35896 -69.9006 -1.07433  2.94785 -0.19628 0 0 0 0.05512 0.02226 -0.0297  0.153565 -0.114392 0.0416123   0.0221356 -0.00210949  0.00782234 -0.0145177 -0.0689884  0.0245379 0.761442 -0.37985 -9.77202 
             92.7001    4.762  1.12626 -69.6568   -1.0598   2.92394 -0.186911 0 0 0 0.05512 0.02226 -0.0297   0.203896 -0.0729417   0.197405   0.0218255 -0.00228628  0.00790921 -0.0171642 -0.0681983  0.0233375  0.761918 -0.380977  -9.77194 
             92.8003  4.89218  1.05903 -69.4879  -1.06806   2.89835 -0.169406 0 0 0 0.05512 0.02226 -0.0297 0.107141 -0.21079 0.210986    0.021783 -0.00226539  0.00791295 -0.0180405 -0.0627971  0.0232548  0.760361 -0.382751  -9.77199 
             92.9007  4.55645 0.775485 -69.4642  -1.07744    2.8995 -0.133462 0 0 0 0.05512 0.02226 -0.0297 -0.0225396 -0.0819327  0.0867878  0.0217406 -0.0022156 0.00787067 -0.0157805 -0.0627547  0.0234167  0.759731 -0.382013  -9.77207 
             93.0003  3.67227 0.427302 -70.4437  -1.05414   2.88892 -0.192869 0 0 0 0.05512 0.02226 -0.0297 0.00476602  -0.121244 -0.0515888   0.0220336 -0.00229121    0.007611 -0.0162057 -0.0632679  0.0254795  0.759987 -0.381954  -9.77205 
             93.1005  3.88985 0.742831 -70.9611 -1.04437  2.86423 -0.19697 0 0 0 0.05512 0.02226 -0.0297 0.0550419 -0.171835   0.10683   0.0221838 -0.00223881  0.00767724 -0.0169152 -0.0633832   0.025593  0.760207 -0.382148  -9.77203 
             93.2005  3.89294 0.218357 -71.3437  -1.03978   2.83357 -0.204558 0 0 0 0.05512 0.02226 -0.0297 0.0671284 -0.189772 -0.229306   0.0224381 -0.00212603  0.00770182 -0.0183015 -0.0622363  0.0256268  0.760192 -0.382888    -9.772 
             93.3005  3.78743 0.105107 -71.9386  -1.03149   2.79271 -0.208501 0 0 0 0.05512 0.02226 -0.0297  0.0701936  -0.289343 0.00321587   0.0223955 -0.00215273  0.00770636 -0.0214227   -0.06113  0.0245528  0.760642 -0.384202  -9.77191 
             93.4007  3.74092 0.671589 -72.6022  -1.03503   2.76781 -0.186668 0 0 0 0.05512 0.02226 -0.0297 0.0162476 -0.320483  0.168185   0.0222531 -0.00208922  0.00759656 -0.0191017 -0.0606799  0.0215462  0.759949 -0.383638  -9.77199 
             93.5005  3.51264 0.324894  -73.934  -1.05613   2.74927 -0.177448 0 0 0 0.05512 0.02226 -0.0297 -0.104013 -0.219345 0.0368716   0.0218305 -0.00209319  0.00722317 -0.0166855 -0.0584102  0.0212898  0.758611 -0.383428   -9.7721 
             93.6005  3.68124 0.423776  -75.155  -1.03966   2.73462 -0.163324 0 0 0 0.05512 0.02226 -0.0297 -0.0374942  -0.203766   0.186513   0.0223263 -0.00212413   0.0071374 -0.0176249 -0.0624442  0.0203685  0.760178 -0.382769  -9.77201 
             93.7019  3.94192   1.0186 -76.0808   -1.0292   2.71914 -0.164662 0 0 0 0.05512 0.02226 -0.0297 0.0103533 -0.242607  0.225484   0.0225677 -0.00220245   0.0072398 -0.0193341  -0.064115  0.0224618 0.761107 -0.38289 -9.77193 
             93.8075  3.43001 0.959673 -76.2384   -1.0235   2.72447 -0.178298 0 0 0 0.05512 0.02226 -0.0297   0.163638 -0.0894133 -0.0351903  0.0226477  -0.002254 0.00720603 -0.0159541 -0.0657788  0.0276484  0.760806 -0.381266  -9.77202 
             93.8999  4.04081 0.616889  -77.136 -0.995763   2.66144 -0.161039 0 0 0 0.05512 0.02226 -0.0297   0.26751 -0.244963  0.254919  0.0227453  -0.002283 0.00728518 -0.0187296 -0.0636355  0.0268869  0.760723 -0.382696  -9.77197 
             94.0004  3.85576  1.15089 -77.9595 -1.00882  2.67916 -0.16695 0 0 0 0.05512 0.02226 -0.0297  0.180283 -0.151619  0.176879   0.0227469 -0.00232404  0.00733007 -0.0173348 -0.0630701  0.0274639   0.76023 -0.382337  -9.77202 
             94.0995  4.74637 0.997424  -78.361  -1.04099   2.66687 -0.139703 0 0 0 0.05512 0.02226 -0.0297 -0.195879 -0.125304 0.0280872    0.022571 -0.00236832  0.00745014 -0.0164251 -0.0621829  0.0272773  0.759748 -0.382218  -9.77206 
             94.2006   4.41784 0.0985911  -78.5529  -1.02319   2.61242 -0.169917 0 0 0 0.05512 0.02226 -0.0297 -0.0820719  -0.272634   0.010396   0.0224883 -0.00218901  0.00742212 -0.0183003 -0.0634032  0.0289433 0.760502 -0.38257 -9.77199 
             94.3007  5.09413 0.781872  -78.089 -0.983831   2.58042 -0.204092 0 0 0 0.05512 0.02226 -0.0297  0.163031 -0.234072 -0.112706   0.0226984 -0.00209777  0.00764304 -0.0191789 -0.0657131  0.0315566  0.761426 -0.382364  -9.77192 
             94.4005  5.06784 0.586279 -77.5273 -0.962212   2.56795  -0.19104 0 0 0 0.05512 0.02226 -0.0297  0.151812 -0.203216 -0.153263   0.0227322 -0.00238674  0.00787111 -0.0186462 -0.0665807  0.0288441  0.761621 -0.382076  -9.77192 
             94.5005    4.353 0.565511  -76.982 -0.958943   2.55613 -0.177336 0 0 0 0.05512 0.02226 -0.0297   0.15568   -0.1918 0.0710349   0.0224517 -0.00267862  0.00802091 -0.0172338 -0.0652078  0.0265873    0.7609 -0.381929  -9.77198 
             94.6006  4.04315 0.875508 -76.5859 -0.968472    2.5352 -0.164029 0 0 0 0.05512 0.02226 -0.0297  0.027747 -0.294517  0.236578    0.022156 -0.00270765  0.00790662 -0.0174344 -0.0618583  0.0247951 0.759847  -0.3827 -9.77203 
             94.7008  4.23621  1.00955 -76.3672 -0.997879   2.50088 -0.143838 0 0 0 0.05512 0.02226 -0.0297 -0.195431 -0.272956 0.0519691   0.0219183 -0.00274065  0.00769532 -0.0154666 -0.0578503  0.0255537   0.75814 -0.382845  -9.77216 
             94.8007  4.28493 0.213727 -76.4112  -1.01481   2.49069 -0.161267 0 0 0 0.05512 0.02226 -0.0297 -0.201884 -0.228879 0.0204554   0.0219414 -0.00271967    0.007687 -0.0135782  -0.059152   0.029015  0.758159 -0.381892   -9.7722 
             94.9008  4.74757 0.898289 -76.1473  -1.00662   2.48269 -0.119858 0 0 0 0.05512 0.02226 -0.0297 -0.0256357 -0.0964326    0.15203   0.0224073 -0.00258717  0.00783484 -0.0133838  -0.060058  0.0279114  0.75842 -0.38167 -9.77219 
             95.0008  4.78173 0.724047 -75.4801 -0.972774   2.45838 -0.145907 0 0 0 0.05512 0.02226 -0.0297   0.112427  -0.131495 -0.0604419   0.0224618 -0.00267292  0.00790328  -0.014165 -0.0607861  0.0288989   0.75879 -0.381744  -9.77215 
              95.101  4.43999 0.548176 -75.1055 -0.954374   2.43347 -0.149514 0 0 0 0.05512 0.02226 -0.0297  0.117433 -0.225645 0.0458974   0.0220906 -0.00284457  0.00799998 -0.0146374 -0.0610327  0.0293422  0.758957 -0.381828  -9.77214 
             95.2005   3.7473 0.714248 -74.6585  -0.95971   2.39639 -0.148343 0 0 0 0.05512 0.02226 -0.0297  0.040955 -0.269659 0.0522056  0.0221363 -0.0027927  0.0080565 -0.0151683 -0.0591271  0.0298161  0.758478 -0.382364  -9.77215 
             95.3005  3.86434 0.776711 -74.5397 -0.957509   2.40264 -0.157721 0 0 0 0.05512 0.02226 -0.0297 0.0301958 -0.229311 0.0190103   0.0220613 -0.00284515  0.00787552   -0.01373 -0.0599997  0.0316438  0.758438 -0.381709  -9.77218 
             95.3998  3.74797  0.68222 -74.5051  -0.95039   2.35789 -0.167949 0 0 0 0.05512 0.02226 -0.0297 0.0064789 -0.295106 0.0145587   0.0221732 -0.00272075  0.00786054 -0.0140016 -0.0609981  0.0331107  0.758786 -0.381556  -9.77216 
             95.4992  4.95773 0.909559 -73.6579 -0.920974   2.33222 -0.178735 0 0 0 0.05512 0.02226 -0.0297  0.194469 -0.224039 0.0341405   0.0226102 -0.00251149  0.00799368 -0.0157371 -0.0641391  0.0372878  0.760055 -0.381345  -9.77207 
             95.6007  4.82803 0.707001 -73.1632 -0.902634    2.3317 -0.163758 0 0 0 0.05512 0.02226 -0.0297  0.181298 -0.111143 0.0330557   0.0225158 -0.00265308  0.00812785 -0.0131494  -0.064683  0.0346022   0.75971 -0.380508  -9.77213 
             95.7011  4.57825 0.319842 -72.3794 -0.907193   2.31856 -0.170215 0 0 0 0.05512 0.02226 -0.0297  0.135832 -0.126743  0.141214   0.0220464 -0.00278243  0.00814204 -0.0137603 -0.0622858  0.0358051  0.759107 -0.381172  -9.77215 
             95.8007  4.79181 0.382126 -72.3283 -0.900084   2.29216 -0.164241 0 0 0 0.05512 0.02226 -0.0297  0.087372 -0.157696   -0.1282   0.0221253 -0.00280121  0.00817021 -0.0135216 -0.0597817  0.0378635   0.75829 -0.381589   -9.7722 
             95.9007  4.09989 0.698477 -72.2553 -0.908621   2.28855 -0.156421 0 0 0 0.05512 0.02226 -0.0297  0.0143634  -0.172265 -0.0701223   0.0221541 -0.00280971  0.00814257 -0.0133389 -0.0591286  0.0370304  0.758063 -0.381695  -9.77221 
             96.0006  3.78406 0.675611 -72.1731 -0.912474   2.25805 -0.172597 0 0 0 0.05512 0.02226 -0.0297  -0.121032  -0.301978 -0.0934611   0.0224925 -0.00286765  0.00807896 -0.0137747 -0.0588075  0.0372759   0.75806 -0.381888   -9.7722 
              96.105  3.41768 0.367837 -72.0215 -0.884038   2.22841 -0.213293 0 0 0 0.05512 0.02226 -0.0297 0.0920457 -0.176984 -0.169825   0.0225669 -0.00280376  0.00809555  -0.013713 -0.0594144  0.0377726  0.758214 -0.381733   -9.7722 
             96.2007  4.47825 0.696971 -71.6289 -0.890155   2.19297 -0.198133 0 0 0 0.05512 0.02226 -0.0297  0.0406638  -0.205123 -0.0421964   0.0224537 -0.00290377   0.0081866 -0.0139546 -0.0587871  0.0366349  0.758102 -0.381952   -9.7722 
             96.3007  4.27253 0.606085 -71.4607 -0.891965   2.16999 -0.171633 0 0 0 0.05512 0.02226 -0.0297 0.00939348  -0.287068  0.0285318   0.0221417 -0.00307395  0.00814909 -0.0138868  -0.058394  0.0345855  0.757998 -0.382058   -9.7722 
             96.4006  3.64167 0.634058  -71.849 -0.901993   2.14895 -0.159544 0 0 0 0.05512 0.02226 -0.0297 -0.0696991  -0.231053 0.00225501   0.0216601 -0.00298937  0.00794099 -0.0128124  -0.057942  0.0336696  0.757658 -0.381875  -9.77224 
             96.5006  3.99925 0.534124 -72.2542 -0.902936   2.13415 -0.163279 0 0 0 0.05512 0.02226 -0.0297 -0.0759819  -0.222882 -0.0202171   0.0216861 -0.00310167  0.00764827 -0.0125373 -0.0590164  0.0337191  0.757898 -0.381573  -9.77223 
             96.6008   4.1649 0.808422 -72.4404 -0.891782   2.12526 -0.158391 0 0 0 0.05512 0.02226 -0.0297 -0.0200546  -0.229611  0.0224759  0.0221063 -0.0030665 0.00779899 -0.0133436 -0.0622803  0.0330603 0.758976 -0.38113 -9.77216 
             96.6998  3.79826 0.655014 -72.6799 -0.889424   2.10406 -0.148371 0 0 0 0.05512 0.02226 -0.0297 0.0383903 -0.171741 -0.630833   0.0230146 -0.00259437  0.00779934 -0.0121643 -0.0637383  0.0293754  0.759176 -0.380576  -9.77217 
             96.8008  4.82403 0.543312 -72.9614 -0.861873   2.07321 -0.235676 0 0 0 0.05512 0.02226 -0.0297  0.109479 -0.169652 -0.577789   0.0229924 -0.00260823  0.00781804 -0.0144658 -0.0655763  0.0293695  0.760156 -0.380836  -9.77208 
             96.9007  4.96092 0.564816 -73.7331 -0.861752    2.0457 -0.232723 0 0 0 0.05512 0.02226 -0.0297 0.0716196 -0.269652 -0.401104   0.0227672 -0.00270306  0.00785564 -0.0145905 -0.0653464   0.027128 0.760135 -0.38096 -9.77208 
             97.0008  4.30668  0.36913 -74.6585 -0.876185   2.03229 -0.192219 0 0 0 0.05512 0.02226 -0.0297 -0.0134361  -0.233103  -0.191953   0.0226007 -0.00272314  0.00765224 -0.0136944 -0.0650211  0.0240795  0.759892 -0.380831   -9.7721 
             97.1007  4.49468 0.404199 -75.7828 -0.871122   2.00283  -0.18979 0 0 0 0.05512 0.02226 -0.0297 -0.0403899  -0.267693 -0.0572643   0.0225009 -0.00287278  0.00731222   -0.01436 -0.0654919  0.0225759  0.760148 -0.380955  -9.77208 
             97.2013  4.86511  1.11146 -76.6547 -0.864341   1.98083 -0.188509 0 0 0 0.05512 0.02226 -0.0297 0.0397012  -0.27541 0.0675053   0.0227439 -0.00270118  0.00749063 -0.0142542 -0.0668733  0.0220459  0.760514 -0.380689  -9.77206 
             97.3007   5.0304  1.48217 -77.2418 -0.856852   1.96076 -0.168686 0 0 0 0.05512 0.02226 -0.0297   0.107377  -0.130442 -0.0784307   0.0230053 -0.00244565  0.00751705 -0.0141211  -0.067225  0.0199032  0.760598 -0.380632  -9.77206 
             97.4007  4.87963  0.82349 -77.7839 -0.851027   1.95156 -0.154684 0 0 0 0.05512 0.02226 -0.0297   0.112529  -0.161575 -0.0950658   0.0229387 -0.00269582  0.00774819 -0.0160303 -0.0678527  0.0162398  0.761112 -0.381134    -9.772 
             97.4996  5.17912 0.787426 -78.0076 -0.846928   1.93139  -0.14935 0 0 0 0.05512 0.02226 -0.0297  0.031068 -0.205048  0.132379   0.0224645 -0.00268353  0.00796971 -0.0158055 -0.0669346  0.0162984  0.760816 -0.381226  -9.77202 
             97.5968   5.2794   0.9603 -78.5285 -0.861718   1.89156 -0.138015 0 0 0 0.05512 0.02226 -0.0297 -0.0520401  -0.315525   0.167231   0.0223244 -0.00290985  0.00763979 -0.0172851 -0.0632515  0.0166781   0.76002 -0.382242  -9.77204 
             97.7008  4.91038  0.74871 -79.9418 -0.870821   1.85931 -0.109619 0 0 0 0.05512 0.02226 -0.0297 -0.123992 -0.282242  0.277774   0.0223379 -0.00285357  0.00733441  -0.014789 -0.0643433  0.0167436   0.75993 -0.381361  -9.77208 
             97.8008  4.92012  1.72901 -81.4859 -0.863443   1.87795 -0.108871 0 0 0 0.05512 0.02226 -0.0297 0.00799799 -0.0810095   0.340016   0.0223114 -0.00286756  0.00733592 -0.0111494 -0.0667693  0.0192747  0.760059 -0.379902  -9.77213 
             97.9013  5.03261  1.88593 -82.0997 -0.851592   1.87072 -0.148158 0 0 0 0.05512 0.02226 -0.0297   0.107895 -0.0171871  -0.149535  0.0223291 -0.0026364 0.00742768 -0.0115298 -0.0667967  0.0210809 0.760118 -0.37997 -9.77212 
             97.9969  5.56668  1.31841 -82.4551 -0.847881   1.85333 -0.171324 0 0 0 0.05512 0.02226 -0.0297  0.0295737 -0.0564172  -0.068517   0.0221215 -0.00253978   0.0076088 -0.0117668 -0.0666198  0.0210533  0.760093 -0.380053  -9.77212 
             98.1014    5.407  1.22965 -83.3384 -0.855645   1.82553 -0.157907 0 0 0 0.05512 0.02226 -0.0297 -0.0161638  -0.186902 0.00731611   0.0220164 -0.00254015  0.00764812 -0.0130878  -0.065996  0.0201944  0.760055 -0.380499   -9.7721 
             98.1968    5.463  1.29924 -83.3623 -0.857386   1.79378 -0.153035 0 0 0 0.05512 0.02226 -0.0297 -0.0488073  -0.277151 -0.0469418   0.0217997 -0.00276694  0.00743314 -0.0132363 -0.0661341  0.0199426 0.760109 -0.38053  -9.7721 
             98.2995  4.58912  0.99972 -84.9168 -0.873392   1.76398 -0.148452 0 0 0 0.05512 0.02226 -0.0297  -0.139366  -0.229631 0.00846771    0.022055 -0.00262448  0.00720725 -0.0123897 -0.0660298  0.0184518  0.759987 -0.380336  -9.77212 
             98.3996  5.39882  1.73819 -86.4226 -0.866227   1.74786 -0.133415 0 0 0 0.05512 0.02226 -0.0297 -0.0900648  -0.285879  0.0430372    0.022192 -0.00234827  0.00731819 -0.0137647 -0.0682249  0.0161118  0.760755 -0.380527  -9.77205 
             98.4976  5.10001  1.85953 -86.9051 -0.876509   1.71621 -0.110154 0 0 0 0.05512 0.02226 -0.0297 0.00767659  -0.205036   0.132622   0.0231171 -0.00217685  0.00744534 -0.0140045  -0.067036  0.0150653  0.760446 -0.380741  -9.77206 
             98.6008  5.89154  2.09284 -87.6267 -0.865083    1.6972 -0.115553 0 0 0 0.05512 0.02226 -0.0297 -0.0251276  -0.200247   0.163322   0.0225117 -0.00242611  0.00760426 -0.0128538  -0.068548  0.0184136  0.760761 -0.380201  -9.77206 
              98.701  5.67913  1.63468 -88.6977 -0.877751   1.70366 -0.123593 0 0 0 0.05512 0.02226 -0.0297 -0.0870254   -0.17265   0.129344   0.0220968 -0.00256456   0.0076152 -0.0109824 -0.0656498  0.0202025  0.759769 -0.379901  -9.77215 
             98.8008  5.74684  1.67472 -88.7017 -0.907721    1.6642 -0.109727 0 0 0 0.05512 0.02226 -0.0297 -0.0753557  -0.184034 -0.0965649   0.0220226 -0.00259459  0.00761916 -0.0107884 -0.0643986  0.0202946  0.759396 -0.379959  -9.77218 
             98.9008  5.20235  2.41053 -91.3244 -0.893417   1.66951 -0.152489 0 0 0 0.05512 0.02226 -0.0297 -0.0373424    -0.1325  -0.251748  0.0219184 -0.0025041 0.00760113 -0.0103299 -0.0656217  0.0254309  0.759722 -0.379635  -9.77216 
             98.9997  5.20622  2.07703 -91.6817 -0.906314   1.62089 -0.174383 0 0 0 0.05512 0.02226 -0.0297 -0.0397056   -0.23873  0.0685655    0.021938 -0.00227047  0.00764529 -0.0113771 -0.0657916  0.0249061  0.759846 -0.379929  -9.77214 
             99.1029  6.51809  2.24998 -92.9653 -0.90436  1.59004  -0.1291 0 0 0 0.05512 0.02226 -0.0297 0.0410706 -0.247121 0.0494876   0.0219875 -0.00186799  0.00768736 -0.0124356 -0.0661521  0.0220507  0.759984 -0.380272  -9.77212 
             99.1999   6.9991  2.47577 -93.3608 -0.894971    1.5748 -0.118587 0 0 0 0.05512 0.02226 -0.0297 0.0074083 -0.148638  0.138579   0.0216551 -0.00198357   0.0079302 -0.0117612 -0.0663112  0.0217824  0.759997 -0.380082  -9.77212 
             99.3009   6.5334  2.14852 -94.1924  -0.929209    1.53825 -0.0735866 0 0 0 0.05512 0.02226 -0.0297 -0.136089 -0.279049  0.178251   0.0215028 -0.00221143  0.00778255 -0.0125266 -0.0640915  0.0191285  0.759377 -0.380443  -9.77216 
             99.4008  6.02008  1.96583 -96.1376  -0.918854    1.53644 -0.0975985 0 0 0 0.05512 0.02226 -0.0297 -0.0925835  -0.278636  0.0665606   0.0212613 -0.00241915  0.00731263 -0.0122721 -0.0656793  0.0238861  0.759865 -0.380223  -9.77213 
             99.5002  5.70677  1.62928 -96.3069 -0.919208   1.52945 -0.109182 0 0 0 0.05512 0.02226 -0.0297 -0.0707138  -0.192284 -0.0481189   0.0215381 -0.00212435  0.00733774 -0.00974668  -0.0666297   0.0260382  0.760063 -0.379444  -9.77214 
             99.5993    5.678  1.75548 -97.5258 -0.935087    1.4973 -0.116431 0 0 0 0.05512 0.02226 -0.0297 -0.0717355  -0.203187   0.225602   0.0216149 -0.00192023  0.00754475 -0.00941231  -0.0668899   0.0282281  0.760147 -0.379307  -9.77214 
             99.7012  6.45747  2.42498 -98.8418  -0.91845   1.45349 -0.173998 0 0 0 0.05512 0.02226 -0.0297 0.0776394  -0.13531 -0.593835   0.0220503 -0.00231154  0.00768607 -0.0129982 -0.0693906  0.0376414 0.761005 -0.38011 -9.77205 
              99.801  6.56852  1.47206 -99.5251 -0.956658   1.45281 -0.128603 0 0 0 0.05512 0.02226 -0.0297  -0.170359 -0.0982667 -0.0710142   0.0219899 -0.00242721  0.00770767 -0.0114928 -0.0662114  0.0257176  0.759971 -0.379911  -9.77213 
             99.9017 6.30371 1.74553 -100.33 -0.975904   1.43141 -0.124564 0 0 0 0.05512 0.02226 -0.0297 -0.200517 -0.212192 -0.115628   0.0218455 -0.00272912   0.0077592 -0.0117657 -0.0663722  0.0250732  0.760007 -0.379994  -9.77213 
             100.001 6.06592 1.95344 -101.34 -0.998283   1.41575 -0.125587 0 0 0 0.05512 0.02226 -0.0297 -0.239447 -0.171883 -0.103545   0.0217625 -0.00285391  0.00761841 -0.0116486 -0.0662443  0.0245485  0.759967 -0.379965  -9.77213 
             100.101  5.87117  2.13832 -101.845 -0.979685   1.41016 -0.127294 0 0 0 0.05512 0.02226 -0.0297 -0.146832 -0.178912 -0.116074   0.0220871 -0.00281073  0.00773426 -0.0115301 -0.0686559  0.0248312  0.760615 -0.379977  -9.77208 
               100.2 5.40813 1.75605 -102.13  -1.00085   1.37751 -0.109046 0 0 0 0.05512 0.02226 -0.0297 -0.0143343  -0.119859  0.0333443  0.0226793 -0.0021726 0.00794945  -0.011339 -0.0692479  0.0237789  0.760765 -0.379946  -9.77207 
               100.3  6.88914  2.63478 -102.422 -0.978697   1.35893 -0.123503 0 0 0 0.05512 0.02226 -0.0297   0.117199  -0.138539 -0.0664115   0.0228082 -0.00228833   0.0081565 -0.0129512 -0.0729856  0.0266027  0.761754 -0.380428  -9.77197 
               100.4  7.28676  3.10931 -102.568 -0.970838   1.33321 -0.149676 0 0 0 0.05512 0.02226 -0.0297  0.039731 -0.153294 0.0100288   0.0220427 -0.00295218  0.00844999 -0.0142466 -0.0725843  0.0293289  0.761649 -0.380733  -9.77197 
             100.501  6.96677  2.68783 -102.544 -0.991079   1.30362 -0.156243 0 0 0 0.05512 0.02226 -0.0297 -0.081257 -0.273231 -0.124911    0.021915 -0.00313284   0.0083427 -0.0152592 -0.0698187  0.0296666  0.760895 -0.380928  -9.77202 
             100.601  6.50874  2.42464 -103.649 -1.01252  1.30859 -0.14923 0 0 0 0.05512 0.02226 -0.0297  -0.154943  -0.239606 -0.0853334    0.021743 -0.00318574  0.00804246 -0.0139326 -0.0656439  0.0269882  0.759783 -0.380497  -9.77213 
               100.7  6.32511  2.11365 -103.684  -1.03813   1.26504 -0.176756 0 0 0 0.05512 0.02226 -0.0297 -0.216048 -0.277631 -0.178147   0.0219541 -0.00251816  0.00788581 -0.0139005 -0.0665731  0.0274682  0.760037 -0.380509  -9.77211 
             100.801   7.3325  3.05774 -104.406  -1.01434   1.25787 -0.162632 0 0 0 0.05512 0.02226 -0.0297 0.0327601 -0.175172 0.0507224   0.0226445 -0.00213316  0.00805624 -0.0110685 -0.0713951   0.025996  0.761372 -0.379938  -9.77202 
             100.901  7.14537  2.91768 -104.526  -1.02375   1.24402 -0.141225 0 0 0 0.05512 0.02226 -0.0297  0.0401008  -0.106909 -0.0224997   0.0224788 -0.00261568  0.00813999  -0.011778 -0.0698775  0.0223723   0.76089 -0.380113  -9.77205 
             101.001  7.56559  3.37646 -104.377   -1.0443   1.21801 -0.133258 0 0 0 0.05512 0.02226 -0.0297 -0.0889368  -0.155117   0.130343   0.0216175 -0.00310878  0.00848916 -0.0145813 -0.0679788  0.0211738  0.760268 -0.380782  -9.77208 
               101.1  7.20396   2.7493 -104.416  -1.08396   1.18964 -0.100767 0 0 0 0.05512 0.02226 -0.0297 -0.172392 -0.209577 0.0883981   0.0216445 -0.00309768  0.00837684 -0.0143118 -0.0665039  0.0204531  0.759884 -0.380661  -9.77211 
               101.2  6.39194  2.74201 -105.403  -1.08258    1.1815 -0.123994 0 0 0 0.05512 0.02226 -0.0297  -0.150347   -0.23174 -0.0300852   0.0214376 -0.00351849  0.00787949 -0.0148518 -0.0668621  0.0243433  0.760027 -0.380768   -9.7721 
               101.3  6.34067    2.817 -105.529   -1.0877   1.16002 -0.126933 0 0 0 0.05512 0.02226 -0.0297 -0.196809 -0.224686  0.050217    0.021519 -0.00362217    0.007953 -0.0142547 -0.0683702  0.0245943  0.760444 -0.380677  -9.77207 
               101.4  6.11416  3.19933 -105.739 -1.08173  1.13247 -0.13671 0 0 0 0.05512 0.02226 -0.0297 0.0689837 -0.162467 0.0262183   0.0220719 -0.00305695   0.0080598  -0.011597 -0.0710717  0.0285352  0.761317 -0.380078  -9.77202 
               101.5  7.26308  3.89755 -105.308  -1.08649   1.13366 -0.125089 0 0 0 0.05512 0.02226 -0.0297  0.0285438 -0.0902264  0.0680409   0.0220655 -0.00316276  0.00838747 -0.00985429  -0.0689124   0.0259637   0.76081 -0.379562  -9.77208 
               101.6  7.10398  3.37529 -105.027  -1.09771   1.10015 -0.112753 0 0 0 0.05512 0.02226 -0.0297 -0.0368489  -0.209693  0.0786264  0.0215579 -0.0033039 0.00866638  -0.013179 -0.0681541  0.0254761  0.760451 -0.380378  -9.77208 
             101.699  6.47469   3.0248 -105.049  -1.10535   1.07708 -0.114935 0 0 0 0.05512 0.02226 -0.0297 0.0152661 -0.327623 -0.211085  0.0214028 -0.0033153 0.00854554 -0.0149568 -0.0674496  0.0257583  0.760195 -0.380792  -9.77208 
             101.801  6.71485  3.22692 -104.593   -1.13432    1.06459 -0.0997737 0 0 0 0.05512 0.02226 -0.0297 -0.0568696  -0.228877 -0.0905192   0.0212344 -0.00351305  0.00840801 -0.0134525  -0.062842  0.0191698  0.758981 -0.380297   -9.7722 
             101.901  6.27202   3.1854 -104.854  -1.10638   1.03404 -0.134571 0 0 0 0.05512 0.02226 -0.0297 0.0384562 -0.303708 -0.155559   0.0213352 -0.00347086  0.00845182 -0.0136067 -0.0658828  0.0228533 0.759805 -0.38042 -9.77213 
             102.002  6.45094  3.51392 -105.072  -1.10575   1.01245 -0.125748 0 0 0 0.05512 0.02226 -0.0297   0.142823  -0.254632 -0.0527044   0.0220572 -0.00313622  0.00879168 -0.0130734 -0.0655545  0.0218892   0.75973 -0.380285  -9.77214 
             102.099 7.03412 3.24405 -105.05  -1.11752  0.989415 -0.129473 0 0 0 0.05512 0.02226 -0.0297   0.056458  -0.182692 -0.0611177   0.0218614 -0.00331613  0.00896784 -0.0131944 -0.0641284  0.0211856  0.759359 -0.380267  -9.77217 
             102.201 7.07083 2.89047  -104.4  -1.13354  0.977578 -0.131578 0 0 0 0.05512 0.02226 -0.0297 -0.0439369  -0.196907  0.0319853   0.0215592 -0.00335018   0.0092663 -0.0140213 -0.0626622  0.0211194 0.758962 -0.38041 -9.77219 
               102.3  7.09785  2.87695 -104.228  -1.15591  0.931544 -0.134596 0 0 0 0.05512 0.02226 -0.0297 -0.0905126  -0.269657  -0.109844   0.0215024 -0.00338084  0.00923419 -0.0143123  -0.061954  0.0213524  0.758779 -0.380449  -9.77221 
               102.4  6.60301  2.56184 -104.658    -1.174   0.92916 -0.140108 0 0 0 0.05512 0.02226 -0.0297  -0.190439  -0.190244 -0.0411136    0.021417 -0.00335034  0.00889338  -0.012372 -0.0600281  0.0207589  0.758369 -0.379901  -9.77226 
             102.501  6.36082  3.00304 -104.521  -1.18027  0.923873 -0.131818 0 0 0 0.05512 0.02226 -0.0297 -0.203808 -0.191519 0.0298973   0.0214626 -0.00303359  0.00889166 -0.0112446 -0.0608794  0.0193205  0.758601 -0.379675  -9.77225 
             102.602  6.45627  3.24936 -104.621  -1.17991  0.892921 -0.124182 0 0 0 0.05512 0.02226 -0.0297 -0.0301765   -0.15543  0.0226007  0.0218365 -0.0029217 0.00894103 -0.0107003 -0.0640856    0.01993  0.759422 -0.379662  -9.77219 
               102.7  7.10639  3.51163 -104.259  -1.17258  0.869141 -0.124317 0 0 0 0.05512 0.02226 -0.0297   0.109664 -0.0721808   0.137184   0.0216796 -0.00309874  0.00906417 -0.0120537 -0.0643799  0.0210007  0.759458 -0.379993  -9.77217 
               102.8    6.701  3.19805 -103.838 -1.16765 0.865812 -0.11124 0 0 0 0.05512 0.02226 -0.0297 0.0608051 -0.096801  0.138469  0.0216445 -0.0031137 0.00908884 -0.0118285 -0.0643254  0.0204032  0.759444 -0.379943  -9.77217 
               102.9 6.55051 2.88559 -104.01   -1.1846  0.857628 -0.113111 0 0 0 0.05512 0.02226 -0.0297 -0.0711563  -0.129066   -0.06227   0.0214327 -0.00307699  0.00905474 -0.0121351 -0.0628538  0.0214195  0.759088 -0.379949   -9.7722 
                 103  6.13625  2.70494 -104.416  -1.21369  0.840221 -0.115835 0 0 0 0.05512 0.02226 -0.0297  -0.181399  -0.121849 -0.0230914  0.0213396 -0.0028304 0.00873953 -0.0128372  -0.061592  0.0209916  0.758751 -0.380081  -9.77222 
               103.1  6.24003  2.83779 -104.541  -1.21157  0.814116 -0.118819 0 0 0 0.05512 0.02226 -0.0297 -0.172962 -0.182425 0.0369814   0.0213044 -0.00261712  0.00893985 -0.0140491 -0.0632952  0.0215272  0.759127 -0.380427  -9.77218 
               103.2  6.01345   3.1446 -104.557   -1.21703   0.770783 -0.0885365 0 0 0 0.05512 0.02226 -0.0297  0.0112692   -0.16414 0.00167829   0.0219227 -0.00237928  0.00900983 -0.0141538 -0.0645814  0.0204295   0.75942 -0.380514  -9.77215 
               103.3  6.58916   2.9259 -103.883  -1.22014  0.774782 -0.118047 0 0 0 0.05512 0.02226 -0.0297 0.00286064   -0.13825 -0.0808289   0.0215009 -0.00261852  0.00920401 -0.0132996 -0.0633841  0.0251719  0.759223 -0.380198  -9.77218 
               103.4  6.86607   3.2769 -103.841  -1.22659  0.738872 -0.126983 0 0 0 0.05512 0.02226 -0.0297 -0.0494883  -0.208273  0.0400204   0.0213544 -0.00321092  0.00925651 -0.0161533 -0.0633114   0.026028  0.759112 -0.380869  -9.77216 
               103.5  6.92591  3.14593 -103.649  -1.25708  0.709904 -0.122984 0 0 0 0.05512 0.02226 -0.0297 -0.141126 -0.231025  -0.10104   0.0208951 -0.00306765  0.00918293  -0.014944 -0.0608336  0.0254826  0.758552 -0.380497  -9.77222 
               103.6  6.37246  2.84302 -104.359  -1.25091  0.713404 -0.133985 0 0 0 0.05512 0.02226 -0.0297 -0.0937974   -0.18694  -0.132041   0.0209378 -0.00297643  0.00897212 -0.0128896 -0.0620347  0.0273879  0.758937 -0.380018  -9.77221 
               103.7  6.34914  2.76304 -104.485  -1.27388  0.683871 -0.126289 0 0 0 0.05512 0.02226 -0.0297 -0.455864 -0.136079   1.22935   0.0209466 -0.00263573  0.00912214 -0.0126896  -0.063061   0.028492  0.759206 -0.379991  -9.77219 
               103.8  6.17096  1.22419 -104.153   -1.27426    0.61842 -0.0883717 0 0 0 0.05512 0.02226 -0.0297 -0.294407 -0.511082   1.04433   0.0211324 -0.00306849  0.00911261  -0.020194 -0.0664757  0.0274266  0.759742 -0.381922  -9.77207 
               103.9  6.69884  1.79433 -104.143  -1.22922  0.588024 -0.046471 0 0 0 0.05512 0.02226 -0.0297 0.0369719 -0.234857  0.827093   0.0211575 -0.00294499  0.00936001 -0.0186159 -0.0684912  0.0341629  0.760364 -0.381533  -9.77204 
             104.007  7.44755  2.19702 -103.268    -1.27535    0.576522 -0.00597445 0 0 0 0.05512 0.02226 -0.0297 -0.185913 -0.241517   0.65854    0.020939 -0.00304698  0.00935122 -0.0186255 -0.0681193  0.0344946  0.760285 -0.381523  -9.77205 
               104.1   6.8828  2.27575 -103.268   -1.30806   0.589757 -0.0271804 0 0 0 0.05512 0.02226 -0.0297 -0.233009 -0.130132  0.361659   0.0207733 -0.00329019  0.00904235  -0.017655 -0.0670658  0.0363863  0.760108 -0.381275  -9.77207 
               104.2   6.6248  2.30316 -103.561   -1.31202   0.588289 -0.0462693 0 0 0 0.05512 0.02226 -0.0297  -0.207094 -0.0676726   0.197502   0.0207224 -0.00349263  0.00865946 -0.0166258 -0.0679174   0.039382  0.760372 -0.381058  -9.77206 
               104.3  6.44931  2.63498 -103.602   -1.29924   0.576577 -0.0722774 0 0 0 0.05512 0.02226 -0.0297 -0.143513 -0.125127 0.0515336    0.020687 -0.00337938  0.00882609 -0.0164078 -0.0711517  0.0443906  0.761171 -0.381077  -9.77199 
               104.4    6.771  3.06287 -103.534   -1.29791   0.556245 -0.0822326 0 0 0 0.05512 0.02226 -0.0297  0.0198246 -0.0686775  0.0251569   0.0210828 -0.00339809   0.0088671 -0.0174332 -0.0725005  0.0479981  0.761492 -0.381321  -9.77196 
               104.5  6.89664  2.86046 -103.298  -1.28591  0.519933 -0.136436 0 0 0 0.05512 0.02226 -0.0297  0.0302925  -0.111943 -0.0758073   0.0209823 -0.00317952  0.00898916 -0.0212164 -0.0728671  0.0546982 0.761558 -0.38212 -9.77192 
               104.6  6.25149  2.13812 -102.838  -1.30597  0.483744 -0.135094 0 0 0 0.05512 0.02226 -0.0297 -0.0569437  -0.268728   -0.12753   0.0208135 -0.00324702  0.00906351 -0.0244561  -0.070936  0.0525668  0.761011 -0.382812  -9.77194 
               104.7  6.00382  1.98779 -103.326  -1.32674  0.463405 -0.127927 0 0 0 0.05512 0.02226 -0.0297  -0.12246 -0.261862 -0.503607   0.0207363 -0.00337648  0.00892922  -0.024482 -0.0692403  0.0482212  0.760583 -0.382816  -9.77197 
               104.8  6.06294  2.07259 -103.228  -1.33691  0.466401 -0.149225 0 0 0 0.05512 0.02226 -0.0297 -0.0913502   -0.13826  -0.506171   0.0207604 -0.00362141  0.00885696 -0.0211206 -0.0692218  0.0423721  0.760607 -0.382118    -9.772 
               104.9 6.89938 2.73912 -103.31  -1.29907  0.432351 -0.195306 0 0 0 0.05512 0.02226 -0.0297  0.312692 -0.194656 -0.454979  0.0207258 -0.0035606   0.008895 -0.0218498 -0.0711988  0.0432662  0.761033 -0.382323  -9.77196 
                 105  6.86123  2.59757 -103.138  -1.29608  0.424907 -0.156294 0 0 0 0.05512 0.02226 -0.0297  0.254752 -0.135164 -0.303701   0.0209504 -0.00382178  0.00904846 -0.0216745 -0.0705715  0.0394236 0.760864  -0.3823 -9.77197 
               105.1 6.59622 2.70662 -102.99  -1.30876  0.386468 -0.164938 0 0 0 0.05512 0.02226 -0.0297  0.0801091  -0.212355 -0.0207168   0.0207856 -0.00380716   0.0092405 -0.0231817 -0.0688595   0.038808  0.760448 -0.382587  -9.77199 
               105.2  6.66532  2.44115 -102.817  -1.3319 0.354173 -0.14588 0 0 0 0.05512 0.02226 -0.0297 -0.0870863  -0.320025   0.132831   0.0208921 -0.00378538   0.0093313 -0.0245971 -0.0669266  0.0367504  0.759971 -0.382865  -9.77202 
               105.3  6.41746  2.49831 -102.776   -1.3525   0.33395 -0.147097 0 0 0 0.05512 0.02226 -0.0297   -0.124766   -0.358678 -0.00306239   0.0207849 -0.00392608  0.00893801 -0.0251015 -0.0648023  0.0367967  0.759502 -0.382923  -9.77205 
               105.4  6.33726  2.56511 -103.008 -1.39099 0.294984  -0.1361 0 0 0 0.05512 0.02226 -0.0297 -0.271365 -0.325495 0.0401539   0.0209616 -0.00398436  0.00878472 -0.0229769  -0.064095  0.0344548  0.75937 -0.38247 -9.77208 
               105.5  7.35524  3.28081 -103.074  -1.37519  0.287741 -0.137102 0 0 0 0.05512 0.02226 -0.0297 -0.0506651  -0.190487  0.0529818    0.021169 -0.00366475    0.008821  -0.019175 -0.0682653  0.0377891  0.760393 -0.381718  -9.77203 
               105.6  7.11146  2.94962 -102.941 -1.37456 0.281937 -0.11369 0 0 0 0.05512 0.02226 -0.0297 -0.030287 -0.180557  0.121393   0.0213991 -0.00368291  0.00892457 -0.0191412 -0.0690457  0.0334529  0.760508 -0.381781  -9.77202 
               105.7  7.45347  3.08607 -103.009  -1.3744 0.252802 -0.10646 0 0 0 0.05512 0.02226 -0.0297 0.0563068  -0.19324  0.138554   0.0208314 -0.00371298  0.00911502 -0.0195151 -0.0685807   0.033029  0.760394 -0.381855  -9.77202 
               105.8  7.13783  2.28243 -103.014   -1.39455   0.229988 -0.0937863 0 0 0 0.05512 0.02226 -0.0297 -0.100978 -0.261032 0.0262055   0.0207155 -0.00374013  0.00909543 -0.0197606 -0.0664497  0.0328834   0.75993 -0.381856  -9.77206 
               105.9  6.60924  2.37342 -103.467  -1.46002  0.200731 -0.101305 0 0 0 0.05512 0.02226 -0.0297 -0.382275 -0.253076 -0.019336   0.0205703 -0.00399307  0.00863595 -0.0200372 -0.0651776   0.032923  0.759656 -0.381883  -9.77208 
                 106  6.42776  2.74245 -103.418  -1.46038  0.198609 -0.135341 0 0 0 0.05512 0.02226 -0.0297  -0.27748 -0.216262  -0.12084   0.0207501 -0.00368394  0.00847927 -0.0192391 -0.0659655  0.0339353  0.759848 -0.381738  -9.77207 
               106.1   7.1701  3.26235 -103.493 -1.43537  0.18882 -0.10836 0 0 0 0.05512 0.02226 -0.0297 0.0555568 -0.103595 -0.154621  0.0211767 -0.0034019 0.00860827 -0.0182981 -0.0685022  0.0322343 0.760364 -0.38163 -9.77204 
               106.2  7.10032  3.19667 -103.149 -1.41183 0.176826 -0.13419 0 0 0 0.05512 0.02226 -0.0297    0.12475 -0.0923655  -0.242515   0.0211129 -0.00342136  0.00868014 -0.0182977 -0.0700325  0.0328578  0.760681 -0.381665  -9.77201 
               106.3 6.88698 2.60697 -102.94  -1.4225 0.153867 -0.13824 0 0 0 0.05512 0.02226 -0.0297 0.0299208 -0.206622 -0.177961   0.0206818 -0.00342623  0.00891801 -0.0216725 -0.0688539  0.0324012   0.76035 -0.382322  -9.77201 
             106.401   6.9099  2.53113 -102.859  -1.43401  0.120548 -0.163643 0 0 0 0.05512 0.02226 -0.0297 -0.0398012  -0.227878  -0.183863   0.0207054 -0.00320928  0.00886532 -0.0209683 -0.0679126  0.0322648  0.760176 -0.382157  -9.77203 
               106.5   6.3734  2.66825 -103.363  -1.45858 0.0946712 -0.164668 0 0 0 0.05512 0.02226 -0.0297 -0.139105 -0.166486 -0.120372   0.0206009 -0.00310538  0.00837621 -0.0221496 -0.0661215  0.0289475  0.759744 -0.382386  -9.77205 
               106.6  6.35473   2.8226 -103.419  -1.46438 0.0792272 -0.150574 0 0 0 0.05512 0.02226 -0.0297  -0.125016  -0.246328 -0.0556861    0.020662 -0.00310309  0.00836598  -0.021347 -0.0678043  0.0252772 0.760063  -0.3823 -9.77203 
               106.7  7.34821  3.33517 -103.449  -1.45841 0.0520049 -0.169872 0 0 0 0.05512 0.02226 -0.0297 0.0853447 -0.284171  0.707564   0.0212312 -0.00278507  0.00850752 -0.0209182 -0.0703015  0.0279593  0.760605 -0.382251  -9.77199 
               106.8  6.85699  4.72596 -103.589  -1.44594 0.0940527 -0.180099 0 0 0 0.05512 0.02226 -0.0297  0.0672688 -0.0759704   0.430731   0.0211589 -0.00256601  0.00851735 -0.0116094 -0.0673323  0.0406551  0.760386 -0.380172  -9.77209 
               106.9  6.18442   3.4775 -103.102    -1.4716  0.0358375 -0.0974099 0 0 0 0.05512 0.02226 -0.0297 -0.100016 -0.356957  0.566974   0.0210787 -0.00255279  0.00852128 -0.0134042 -0.0668433  0.0389832  0.760219 -0.380538  -9.77209 
                 107   6.0476  2.74223 -103.199   -1.49372 0.00883875  -0.112865 0 0 0 0.05512 0.02226 -0.0297 -0.218613 -0.475082   0.50531   0.0204955 -0.00239104  0.00834877 -0.0139657 -0.0663307  0.0399212  0.760119 -0.380616  -9.77209 
               107.1  6.09719  2.74771 -103.065   -1.52073 -0.0472419 -0.0768343 0 0 0 0.05512 0.02226 -0.0297 -0.194148 -0.417459  0.337306   0.0204538 -0.00245184  0.00807189 -0.0134229 -0.0660414  0.0405411  0.760083 -0.380496   -9.7721 
               107.2  5.86869  3.05434 -103.726   -1.51263 -0.0507245 -0.0677956 0 0 0 0.05512 0.02226 -0.0297 -0.0903399  -0.337058   0.434252   0.0203575 -0.00234819  0.00814661 -0.0108164 -0.0670494  0.0420983 0.760342 -0.38001  -9.7721 
               107.3 6.40359 3.68658 -103.69   -1.50114 -0.0610584  -0.086101 0 0 0 0.05512 0.02226 -0.0297 0.0698881 -0.191859  0.126068   0.0205216 -0.00215703  0.00820215 -0.00890737  -0.0676826   0.0475624  0.760542 -0.379601   -9.7721 
               107.4  6.58746  3.28087 -103.516   -1.49956 -0.0733287 -0.0921723 0 0 0 0.05512 0.02226 -0.0297  0.040446 -0.153394  0.110658   0.0204676 -0.00221052  0.00836623 -0.00836862  -0.0667356   0.0493351  0.760392 -0.379453  -9.77212 
             107.503  6.42525   2.8113 -103.282  -1.50656 -0.106134 -0.100307 0 0 0 0.05512 0.02226 -0.0297 -0.0396563  -0.247472  0.0811312   0.0202376 -0.00235583  0.00852045  -0.010494 -0.0656463  0.0520536  0.760157 -0.379793  -9.77212 
               107.6 5.88618 2.95878 -103.58  -1.53005 -0.120859  -0.10326 0 0 0 0.05512 0.02226 -0.0297  -0.113649   -0.20223 -0.0186905   0.0200314 -0.00233855  0.00842568 -0.0100952 -0.0622634  0.0529243   0.75954 -0.379623  -9.77218 
               107.7  5.84065  2.53497 -103.889  -1.54043 -0.128184 -0.107157 0 0 0 0.05512 0.02226 -0.0297 -0.156462 -0.213267 -0.115883   0.0200226 -0.00238146  0.00825855 -0.0113954 -0.0604955  0.0534357   0.75918 -0.379817   -9.7722 
               107.8  5.78726   3.5871 -103.734    -1.5695  -0.167847 -0.0939666 0 0 0 0.05512 0.02226 -0.0297 -0.252374 -0.325531 -0.107374   0.0200226 -0.00291491  0.00824151 -0.00992145  -0.0627776    0.044778  0.759576 -0.379688  -9.77217 
               107.9  6.06655  3.44188 -103.742  -1.55958 -0.188327 -0.140845 0 0 0 0.05512 0.02226 -0.0297 0.0337979 -0.196357 -0.456899   0.0200439 -0.00286584  0.00826794 -0.00917217  -0.0639789   0.0465152  0.759831 -0.379561  -9.77216 
                 108  6.11481  2.77278 -103.295  -1.54449 -0.179232 -0.187575 0 0 0 0.05512 0.02226 -0.0297  0.0391379 -0.0749329   -0.29999   0.0198577 -0.00298598  0.00844669 -0.00852013    -0.06409   0.0468657  0.759871 -0.379441  -9.77216 
               108.1  6.45422  2.64758 -103.005  -1.55632 -0.205237 -0.201295 0 0 0 0.05512 0.02226 -0.0297 -0.0646071  -0.208402  -0.342153   0.0196689 -0.00296996  0.00850376 -0.00905491  -0.0638212   0.0458606  0.759802 -0.379542  -9.77216 
               108.2  6.10595  2.41273 -103.414  -1.57448 -0.233547 -0.195756 0 0 0 0.05512 0.02226 -0.0297 -0.130304 -0.311268 -0.363144   0.0195792 -0.00279381  0.00825638 -0.00965666  -0.0632959   0.0430529  0.759671 -0.379666  -9.77217 
               108.3  5.99761  2.04925 -103.947  -1.60744 -0.252785 -0.193661 0 0 0 0.05512 0.02226 -0.0297 -0.255816 -0.198082 -0.143006   0.0196259 -0.00272295  0.00800939 -0.00947596  -0.0615059   0.0390238  0.759324 -0.379628  -9.77219 
               108.4  6.44377  3.31322 -103.985  -1.59044 -0.273344 -0.191707 0 0 0 0.05512 0.02226 -0.0297 -0.0945741    -0.2568 0.00353934  0.0200237  -0.002373 0.00810097 -0.00862971  -0.0674907   0.0377689 0.760404 -0.37963 -9.77211 
               108.5  6.78052  3.62817 -103.992 -1.57073 -0.28849 -0.15587 0 0 0 0.05512 0.02226 -0.0297  0.177847 -0.147621 0.0449522   0.0209662 -0.00181977  0.00838969 -0.00735654  -0.0708881   0.0328911  0.761004 -0.379528  -9.77207 
               108.6  7.29883  3.04202 -103.678   -1.5669 -0.327327 -0.132299 0 0 0 0.05512 0.02226 -0.0297 0.0803865 -0.174621  0.196036   0.0204473 -0.00214586  0.00855013 -0.0112207 -0.0688226  0.0293696  0.760504 -0.380194  -9.77208 
               108.7  6.89157  2.58892 -103.182   -1.58988   -0.35253 -0.0955131 0 0 0 0.05512 0.02226 -0.0297 -0.180009 -0.235502  0.360495   0.0197361 -0.00263957  0.00854744 -0.0131424 -0.0644662  0.0259723  0.759645 -0.380453  -9.77214 
               108.8  6.61527  2.28763 -103.119  -1.59969 -0.363571 -0.108253 0 0 0 0.05512 0.02226 -0.0297 -0.0708802  -0.231167  0.0219325   0.0196978 -0.00266509   0.0085422 -0.0111459 -0.0640475  0.0328641 0.759691 -0.38003 -9.77215 
               108.9   5.5728  3.06135 -103.217  -1.62084 -0.350024 -0.126983 0 0 0 0.05512 0.02226 -0.0297   -0.165829  -0.0585907 -0.00522014   0.0196692 -0.00262612   0.0085552 -0.00997422   -0.063195   0.0341214  0.759579 -0.379793  -9.77217 
                 109  5.96217  3.04428 -103.273  -1.62476 -0.360124 -0.126745 0 0 0 0.05512 0.02226 -0.0297 -0.0794081 -0.0776942    0.25835   0.0195197 -0.00235385  0.00868611 -0.0100343 -0.0634271  0.0345896  0.759621 -0.379804  -9.77216 
               109.1  5.85931  2.54521 -103.257  -1.61994 -0.394775 -0.118589 0 0 0 0.05512 0.02226 -0.0297 0.0685263 -0.135965  0.144549   0.0194905 -0.00223729  0.00871333 -0.0110078  -0.063882   0.034854   0.75968 -0.379972  -9.77215 
               109.2  5.94998   2.3983 -102.939   -1.61947  -0.434097 -0.0826239 0 0 0 0.05512 0.02226 -0.0297 0.000843842    -0.22332    0.338529   0.0192973 -0.00213142   0.0088987 -0.0126127 -0.0639868  0.0342115 0.759663 -0.38025 -9.77214 
               109.3  5.87128  2.21845 -102.714   -1.62953  -0.464485 -0.0588986 0 0 0 0.05512 0.02226 -0.0297 -0.0652363  -0.309381   0.384518    0.019165 -0.00210002   0.0089407 -0.0135554 -0.0631369  0.0344166 0.759503 -0.38039 -9.77215 
               109.4   5.8526  2.18059 -103.126   -1.64993  -0.477341 -0.0671183 0 0 0 0.05512 0.02226 -0.0297 -0.107652 -0.312642  0.190264    0.019016 -0.00203155  0.00881256 -0.0134023 -0.0597947  0.0374006  0.758957 -0.380275   -9.7722 
               109.5    5.828  2.42112 -103.235   -1.67163  -0.505373 -0.0721891 0 0 0 0.05512 0.02226 -0.0297 -0.186054 -0.247324  0.123409   0.0190661 -0.00202915  0.00873433   -0.01129 -0.0591151  0.0412934  0.758899 -0.379873  -9.77222 
               109.6  6.74015  3.23993 -103.158   -1.66964  -0.516356 -0.0588007 0 0 0 0.05512 0.02226 -0.0297 0.0122509  -0.17495  0.132277   0.0194376 -0.00162704  0.00877832 -0.0081809 -0.0612168  0.0429518  0.759318 -0.379378   -9.7722 
               109.7  6.79643  2.71281 -102.781   -1.64943  -0.526853 -0.0883085 0 0 0 0.05512 0.02226 -0.0297   0.319644 -0.0754116  -0.547877   0.0197117 -0.00160042  0.00885777 -0.00723319  -0.0629463   0.0488551  0.759662 -0.379203  -9.77219 
               109.8  6.94741  3.04748 -102.844  -1.66116 -0.522812 -0.110264 0 0 0 0.05512 0.02226 -0.0297  0.183019 0.0267216 -0.358481   0.0195565 -0.00161258  0.00893785 -0.0072886  -0.056476  0.0423976  0.758529 -0.379142  -9.77228 
               109.9  5.93393  2.57362 -102.564  -1.65961 -0.543288 -0.143801 0 0 0 0.05512 0.02226 -0.0297 0.0897544 -0.139998 -0.404418    0.019531 -0.00161372  0.00890117 -0.00857231  -0.0559328   0.0421025  0.758413 -0.379349  -9.77228 
                 110  5.85268  2.34775 -102.783  -1.67655 -0.553275 -0.176807 0 0 0 0.05512 0.02226 -0.0297 0.0106028 -0.101545 -0.467082   0.0192599 -0.00142989   0.0084697 -0.00880812  -0.0549058   0.0418146  0.758238 -0.379372  -9.77229 
               110.1  5.95604  2.69204 -102.547  -1.67569 -0.576228 -0.194557 0 0 0 0.05512 0.02226 -0.0297 -0.0647613  -0.165914  -0.286196   0.0193065 -0.00136571  0.00832786 -0.00928567   -0.055576   0.0404255   0.75833 -0.379474  -9.77228 
               110.2  6.70088  2.96723 -102.397  -1.66548 -0.601407 -0.200116 0 0 0 0.05512 0.02226 -0.0297 0.0295031 -0.179564 -0.223621   0.0195205 -0.00112687  0.00846011 -0.00973599  -0.0573745   0.0392942  0.758609 -0.379587  -9.77225 
               110.3  6.47179  2.69758 -101.989   -1.6622 -0.616936 -0.176099 0 0 0 0.05512 0.02226 -0.0297  0.089288 -0.176529  -0.23017   0.0195735 -0.00121834  0.00853176 -0.0105831 -0.0583135  0.0338078  0.758714 -0.379791  -9.77224 
               110.4  6.29295  2.57751 -101.812 -1.66939 -0.64238 -0.14927 0 0 0 0.05512 0.02226 -0.0297 0.0589452 -0.199059  0.052586   0.0191207 -0.00151418  0.00872362 -0.0127723 -0.0560301  0.0262291  0.758259 -0.380183  -9.77226 
               110.5  6.54447  2.36889 -101.334  -1.67745 -0.688905 -0.131168 0 0 0 0.05512 0.02226 -0.0297 0.0161209 -0.285756 0.0130384   0.0190789 -0.00141086  0.00885129 -0.0146181 -0.0546278  0.0241916  0.757991 -0.380483  -9.77227 
               110.6   6.0333  2.53944 -101.767    -1.705  -0.71144 -0.126504 0 0 0 0.05512 0.02226 -0.0297 -0.108897 -0.243432 0.0261314   0.0191791 -0.00137398  0.00854444 -0.0148599 -0.0496668  0.0224662 0.757167 -0.38048 -9.77233 
               110.7 5.91277 2.52203 -101.58  -1.71648 -0.716967 -0.119958 0 0 0 0.05512 0.02226 -0.0297  -0.126163  -0.204691 -0.0125951   0.0192043 -0.00134801   0.0084523 -0.0119451 -0.0489791  0.0215075  0.757078 -0.380005  -9.77235 
               110.8  6.05317  2.49171 -101.632  -1.70118 -0.719433 -0.131919 0 0 0 0.05512 0.02226 -0.0297   0.29636 -0.148418 -0.155239   0.0192335 -0.00130417  0.00846498 -0.00883769  -0.0501996   0.0228353 0.757316  -0.3795 -9.77236 
               110.9  6.21583  3.68181 -101.243  -1.67946 -0.729382 -0.157187 0 0 0 0.05512 0.02226 -0.0297  0.279246 -0.139048 -0.224953   0.0192257 -0.00126783  0.00846624 -0.00864128  -0.0498374   0.0230119   0.75726 -0.379463  -9.77236 
             111.001  6.48553  3.01508 -101.161  -1.67488 -0.775048 -0.183189 0 0 0 0.05512 0.02226 -0.0297  0.148545 -0.298725 -0.203255    0.0190845 -0.000946132   0.00851376 -0.0098667 -0.0491116  0.0232536 0.757135 -0.37965 -9.77236 
               111.1  5.84196  2.76745 -101.218  -1.69577 -0.804433 -0.182013 0 0 0 0.05512 0.02226 -0.0297 0.0451901 -0.268347 -0.161582    0.0189598 -0.000545704   0.00854831 -0.0102638 -0.0472463  0.0219286  0.756829 -0.379716  -9.77238 
               111.2  5.83645  2.87638 -101.302  -1.72344 -0.823593 -0.172151 0 0 0 0.05512 0.02226 -0.0297 -0.0974474   -0.23138 -0.0781734     0.019009 -0.000554044   0.00840423 -0.0101841  -0.044678  0.0192048  0.756408 -0.379719  -9.77242 
               111.3  5.90227  2.82689 -101.159   -1.7272 -0.825626  -0.15626 0 0 0 0.05512 0.02226 -0.0297 -0.0929875  -0.218403  0.0137747    0.0192041 -0.000537487   0.00855526 -0.00881525  -0.0448249   0.0166512  0.756428 -0.379534  -9.77242 
               111.4  5.99176  2.88581 -101.245  -1.73233 -0.848782 -0.134438 0 0 0 0.05512 0.02226 -0.0297 0.0389289 -0.118256 0.0636803    0.0199024 -0.000204869     0.008817 -0.00736296  -0.0453088   0.0156983  0.756511 -0.379319  -9.77242 
               111.5 6.45815 2.76334 -100.35  -1.74097 -0.864745 -0.119752 0 0 0 0.05512 0.02226 -0.0297 -0.0258776  -0.115489   0.141492    0.0197981 -0.000357811    0.0089858 -0.00860259  -0.0435861   0.0134716  0.756219 -0.379525  -9.77244 
               111.6  6.45186  2.12909 -99.9317  -1.75635 -0.897078 -0.108516 0 0 0 0.05512 0.02226 -0.0297  -0.10017 -0.219957   0.11634    0.0195266 -0.000413718   0.00908462 -0.0122011 -0.0423508  0.0138236  0.756007 -0.380083  -9.77243 
               111.7  6.0382 1.79696 -99.929   -1.78124  -0.915627 -0.0998606 0 0 0 0.05512 0.02226 -0.0297 -0.0755879  -0.318416  -0.165402    0.0195829 -0.000549244   0.00888849 -0.0117555 -0.0402566  0.0141663   0.75568 -0.380004  -9.77246 
               111.8   6.0022  1.66275 -99.8948  -1.78235 -0.910782 -0.116515 0 0 0 0.05512 0.02226 -0.0297  0.170743 -0.198187 -0.488398    0.0196264 -0.000809829   0.00885239 -0.00735337  -0.0395748   0.0132186  0.755571 -0.379315   -9.7725 
               111.9   6.4054  2.30137 -99.7902  -1.73004 -0.940573  -0.19232 0 0 0 0.05512 0.02226 -0.0297  0.339254 -0.263881 -0.432847    0.0196227 -0.000789282   0.00886788 -0.00743424  -0.0407271   0.0143867 0.755758 -0.37932 -9.77248 
                 112  6.80899  3.18663 -99.7571  -1.69057  -0.96517 -0.179897 0 0 0 0.05512 0.02226 -0.0297  0.471815 -0.178715 -0.240183    0.0201074 -0.000712172   0.00899348 -0.00743582   -0.040875   0.0132406  0.755774 -0.379325  -9.77248 
               112.1 6.53854 2.97549  -99.46  -1.70657  -0.98655 -0.168081 0 0 0 0.05512 0.02226 -0.0297   0.210212  -0.185487 -0.0598804    0.0200883 -0.000737042    0.0090699 -0.00804768  -0.0386609   0.0114818  0.755429 -0.379435   -9.7725 
               112.2  6.81596  2.37653 -99.0611  -1.73271  -0.99961 -0.128565 0 0 0 0.05512 0.02226 -0.0297 -0.00184682   -0.228144   0.0659051    0.0199231 -0.000723991   0.00919277 -0.00799743  -0.0357713  0.00833699  0.754969 -0.379466  -9.77254 
               112.3  6.31796  1.85379 -99.1563 -1.78424 -1.02606 -0.11416 0 0 0 0.05512 0.02226 -0.0297  -0.211573  -0.285816 -0.0415992    0.0201905 -0.000770862    0.0091761 -0.00836052  -0.0313256  0.00734579    0.7543 -0.379546  -9.77259 
               112.4   6.3195  1.97122 -99.4014   -1.8099  -1.03167 -0.127543 0 0 0 0.05512 0.02226 -0.0297  -0.322788  -0.250992 -0.0604885    0.020376 -0.00066694  0.00891561 -0.00742922  -0.0284499  0.00861079 0.753875 -0.37941 -9.77263 
               112.5  6.12614  2.22395 -99.3217  -1.81634  -1.03365 -0.130922 0 0 0 0.05512 0.02226 -0.0297 -0.312038 -0.195654 0.0157619    0.0203684 -0.000506858   0.00912349 -0.0041161 -0.0317099 0.00981097  0.754353 -0.378891  -9.77261 
               112.6  6.33435  2.58269 -99.3203   -1.8398  -1.06601 -0.102279 0 0 0 0.05512 0.02226 -0.0297 -0.147385 -0.138598 0.0209456    0.0207372 -0.000505148   0.00919631 -0.0029367 -0.0360253 0.00766805  0.754978 -0.378712  -9.77257 
               112.7  6.17851  2.04323 -98.6797   -1.8208  -1.07659 -0.095667 0 0 0 0.05512 0.02226 -0.0297   0.127165 -0.0304647  -0.249465    0.0206346 -0.000822424   0.00922337 -0.00197819  -0.0409752  0.00613554  0.755699 -0.378559  -9.77252 
               112.8  6.29589  1.64346 -98.7175   -1.80763   -1.11199 -0.0467004 0 0 0 0.05512 0.02226 -0.0297     0.218935    -0.195778 -0.000914182    0.0205033 -0.000782244   0.00924745 -0.00717677  -0.0444818 -0.00455839   0.75618 -0.379396  -9.77245 
               112.9  6.42036  1.72403 -98.5823    -1.8148   -1.12888 -0.0637574 0 0 0 0.05512 0.02226 -0.0297 -0.0497771  -0.221691  0.0139447     0.020515 -0.000885915   0.00924644 -0.00645013  -0.0417886 -0.00293202  0.755786 -0.379294  -9.77248 
                 113  5.11965  2.40803 -98.4566  -1.8279 -1.09785 -0.14859 0 0 0 0.05512 0.02226 -0.0297 -0.146975  0.029279 -0.254347    0.0204086 -0.000824123   0.00919466 -0.00494025  -0.0411704 2.49323e-05  0.755695 -0.379061   -9.7725 
               113.1  5.88397  2.61591 -98.6143  -1.80947  -1.10381 -0.192087 0 0 0 0.05512 0.02226 -0.0297 -0.0384983 -0.0263807  -0.116149    0.0199764 -0.000221863   0.00922404 -0.00507818  -0.0422576 0.000922971  0.755851 -0.379062  -9.77249 
               113.2  6.06298   2.2807 -98.5984  -1.81959  -1.12357 -0.151319 0 0 0 0.05512 0.02226 -0.0297  -0.051984  -0.110612 -0.0167114   0.0200625 4.29697e-05  0.00925383  -0.0066187  -0.0419162 -0.00264637  0.755822 -0.379327  -9.77248 
               113.3  6.19054   2.3214 -98.5821   -1.8242  -1.16479 -0.121698 0 0 0 0.05512 0.02226 -0.0297 -0.0563115  -0.152277   0.132492    0.0201523 -0.000361194   0.00935855 -0.00795242  -0.0419236 -0.00559083  0.755836 -0.379551  -9.77247 
               113.4  6.01343  1.86928 -97.9129  -1.81426  -1.18173 -0.101267 0 0 0 0.05512 0.02226 -0.0297 -0.0303686  -0.210108   0.133924    0.0195054 -0.000424753   0.00953799 -0.00871437     -0.0438 -0.00728013 0.756107 -0.37966 -9.77244 
               113.5  5.79476  1.67933 -97.9206   -1.83085   -1.20474 -0.0957534 0 0 0 0.05512 0.02226 -0.0297 -0.0491709  -0.292671  0.0936962    0.0193945 -0.000463988    0.0094122 -0.00872558  -0.0423525 -0.00624939  0.755903 -0.379667  -9.77246 
               113.6  5.68512  1.51418 -98.2786  -1.84761  -1.21024 -0.102719 0 0 0 0.05512 0.02226 -0.0297 -0.137056 -0.177872  0.108982    0.0191953 -0.000279835   0.00914088 -0.00442997  -0.0402794 -0.00345292  0.755564 -0.379057  -9.77251 
             113.701   6.4345   2.1698 -97.6807  -1.82416  -1.22995 -0.107174 0 0 0 0.05512 0.02226 -0.0297 0.0212118 -0.251147 0.0534301   0.0192011 3.13093e-07  0.00949562 -0.00503748  -0.0463741 -0.00027048  0.756444 -0.379052  -9.77244 
               113.8  6.27413  2.20249 -97.8053  -1.80676  -1.24976 -0.112681 0 0 0 0.05512 0.02226 -0.0297   0.209719 -0.0904612  -0.706655   0.0192783 -2.2227e-05  0.00953826 -0.00336841  -0.0478899 -0.00536909   0.75663 -0.378826  -9.77243 
               113.9   6.0675   0.9796 -96.2451  -1.85874  -1.32049 -0.116914 0 0 0 0.05512 0.02226 -0.0297 -0.171383 -0.338503 -0.253108    0.0191776 -0.000104179   0.00956096 -0.00669429  -0.0452122 -0.00912571  0.756282 -0.379358  -9.77244 
                 114  6.24529 0.991746 -94.8917   -1.86273   -1.37684 -0.0943631 0 0 0 0.05512 0.02226 -0.0297 -0.137841 -0.477234 -0.034442    0.0187277 -0.000588868   0.00951611 -0.00720221  -0.0460126  -0.0106956  0.756397 -0.379419  -9.77243 
               114.1  5.75845 0.581953 -94.2596   -1.87227   -1.38928 -0.0951974 0 0 0 0.05512 0.02226 -0.0297  -0.12323  -0.32589 -0.104188    0.0186298 -0.000832378    0.0093787 -0.00536951  -0.0462519  -0.0112721 0.756378 -0.37916 -9.77244 
               114.2  5.59858  1.16458 -92.8212  -1.85799  -1.37396 -0.091352 0 0 0 0.05512 0.02226 -0.0297 -0.0796941  -0.190807 -0.0145505    0.0186364 -0.000932431    0.0093186 -0.00115082  -0.0490759  -0.0115132  0.756631 -0.378487  -9.77245 
               114.3  5.82364  1.17776 -92.0732   -1.82485    -1.3558 -0.0901926 0 0 0 0.05512 0.02226 -0.0297   0.107051 -0.0768162 0.00121905    0.0187975 -0.000937911   0.00962186 0.00384116 -0.0538671 -0.0105335  0.757113 -0.377623  -9.77244 
               114.4  5.83589 0.880862 -90.7615   -1.82219   -1.34937 -0.0867226 0 0 0 0.05512 0.02226 -0.0297   0.0961037  -0.0291234 -0.00719182   0.0189554 -0.00117035  0.00970049 0.00542546 -0.0539863 -0.0111315  0.757064 -0.377401  -9.77246 
               114.5    5.966 0.977195 -90.3978  -1.82221    -1.359 -0.102346 0 0 0 0.05512 0.02226 -0.0297 -0.0187871 -0.0386393 -0.0528496  0.0188892 -0.0011578 0.00964093 0.00466867 -0.0530147 -0.0112989  0.756963 -0.377548  -9.77246 
               114.6  5.52398 0.978702 -89.4467  -1.85397   -1.3778 -0.103494 0 0 0 0.05512 0.02226 -0.0297 -0.101063 -0.113387 -0.110121   0.0186636 -0.00123855  0.00930443 0.00314234 -0.0489483 -0.0130194  0.756481 -0.377969  -9.77248 
               114.7  5.27792  0.59788 -89.7235  -1.86704  -1.40924 -0.139764 0 0 0 0.05512 0.02226 -0.0297 -0.039787 -0.253207  -1.02744   0.0184577 -0.00128811  0.00891633 0.000253587  -0.0480516  -0.0120899 0.756517 -0.37841 -9.77246 
               114.8  4.92419 0.886096 -89.4178   -1.8695  -1.42063 -0.151559 0 0 0 0.05512 0.02226 -0.0297 -0.131885 -0.227239 -0.738903   0.0183672 -0.00131465  0.00887608 0.00193208 -0.0494109 -0.0243512  0.756619 -0.378159  -9.77246 
               114.9  5.39563  1.43443 -89.4204  -1.82203  -1.44723 -0.212772 0 0 0 0.05512 0.02226 -0.0297  0.236182 -0.237373 -0.711155   0.0182971 -0.00127701  0.00888016 0.00175506 -0.0523663 -0.0251327   0.75703 -0.378007  -9.77244 
             115.001 5.68346 1.26298 -89.101  -1.78459  -1.45434 -0.199267 0 0 0 0.05512 0.02226 -0.0297  0.344272 -0.175937 -0.533052  0.0183057 -0.0012956 0.00898518 0.00218212 -0.0532519 -0.0280065  0.757131 -0.377912  -9.77243 
               115.1  5.61101  1.20019 -88.9921 -1.78267 -1.47023 -0.18824 0 0 0 0.05512 0.02226 -0.0297  0.183847 -0.173663 -0.149078   0.0181607 -0.00133246  0.00901045  0.0024747  -0.051754 -0.0305813  0.756924 -0.377985  -9.77244 
             115.202  4.94857  1.41697 -88.5953  -1.79532   -1.4855 -0.166062 0 0 0 0.05512 0.02226 -0.0297  0.0456033  -0.193615 -0.0793639   0.0180102 -0.00127564  0.00908342 0.00276177 -0.0496359 -0.0333112  0.756635 -0.378099  -9.77246 
               115.3  5.11701  1.21415 -88.7951  -1.83344   -1.5087 -0.135023 0 0 0 0.05512 0.02226 -0.0297 -0.115075 -0.167282 0.0432499   0.0180407 -0.00126713  0.00891038 0.00234053 -0.0448638 -0.0381495  0.756052 -0.378493  -9.77249 
               115.4 5.19901 1.19079 -88.481 -1.83991 -1.51727  -0.1169 0 0 0 0.05512 0.02226 -0.0297 -0.143913 -0.182754  0.165389   0.0182591 -0.00109885  0.00887314 0.00199793 -0.0447618 -0.0407566  0.756069 -0.378563  -9.77249 
               115.5   5.1008  1.25907 -88.6149   -1.84083   -1.55658 -0.0803386 0 0 0 0.05512 0.02226 -0.0297 -0.0148979  -0.252637   0.111852   0.0185308 -0.00101631  0.00904434 0.00136043 -0.0467998 -0.0421357  0.756379 -0.378527  -9.77247 
               115.6  5.65195  1.33848 -88.1804   -1.81812   -1.56712 -0.0737979 0 0 0 0.05512 0.02226 -0.0297 0.0859474 -0.156283  0.167832   0.0184357 -0.00115689  0.00924279 0.00346814 -0.0505386 -0.0403393 0.756724   -0.378 -9.77246 
               115.7  5.72311 0.990725 -87.7474   -1.81493   -1.57623 -0.0425915 0 0 0 0.05512 0.02226 -0.0297   0.152447 -0.0566146   0.189826   0.0183225 -0.00132162  0.00939703 0.00441533 -0.0494583 -0.0433214   0.75653 -0.377969  -9.77248 
               115.8  5.64564  0.94186 -87.4949  -1.80226  -1.58882 -0.073678 0 0 0 0.05512 0.02226 -0.0297  0.281949 -0.103668 -0.415341   0.0183088 -0.00129746  0.00942315 0.00367205 -0.0477495 -0.0383918  0.756349 -0.378144  -9.77248 
               115.9  5.45266  1.07658 -87.2245    -1.822  -1.59703 -0.119405 0 0 0 0.05512 0.02226 -0.0297  0.0387803 -0.0741859  -0.440348   0.0183211 -0.00131865  0.00937467 0.00391994 -0.0449948 -0.0382939   0.75598 -0.378299  -9.77251 
                 116  5.35243  1.09727 -86.9809 -1.82219 -1.61279 -0.14689 0 0 0 0.05512 0.02226 -0.0297 -0.00349665   -0.166162   -0.378335   0.0184487 -0.00139221  0.00943202  0.0037159 -0.0450099 -0.0391378  0.755997 -0.378328   -9.7725 
             116.101  6.14146  1.42978 -86.9019  -1.81277  -1.63505 -0.164936 0 0 0 0.05512 0.02226 -0.0297  0.216331 -0.087204 -0.384492  0.0190114 -0.0011107 0.00960193 0.00307828 -0.0446617   -0.04024     0.756 -0.378439   -9.7725 
               116.2  6.03513 0.854545  -86.468  -1.81491  -1.65011 -0.140811 0 0 0 0.05512 0.02226 -0.0297  0.124706  -0.11024 -0.183693     0.01923 -0.00122625  0.00962678 0.00269077 -0.0428649 -0.0463751    0.7558 -0.378661  -9.77251 
               116.3  5.84102  0.98363 -85.9582  -1.81878  -1.67528 -0.102132 0 0 0 0.05512 0.02226 -0.0297 0.0536945 -0.186264 0.0392077   0.0191068 -0.00142161  0.00971418 0.000951258  -0.0414971  -0.0527923  0.755746 -0.379019   -9.7725 
               116.4    5.318  1.08586 -85.7359  -1.83082  -1.71185 -0.101522 0 0 0 0.05512 0.02226 -0.0297 -0.0266648  -0.218714  0.0165387   0.0190203 -0.00138537  0.00967441 -0.000515706    -0.039182   -0.0522611  0.755569 -0.379368   -9.7725 
               116.5  5.37418  1.09248 -85.9209    -1.8507   -1.71842 -0.0939996 0 0 0 0.05512 0.02226 -0.0297 -0.161875 -0.170829 0.0353625   0.0190687 -0.00156515  0.00940653 0.00210225 -0.0373351 -0.0539448  0.755146 -0.379195  -9.77254 
               116.6  5.41905  1.16956 -85.7439   -1.86349   -1.74703 -0.0842358 0 0 0 0.05512 0.02226 -0.0297 -0.0769057  -0.249548  0.0555317   0.0191392 -0.00160558  0.00937744 0.000908255  -0.0382687  -0.0546347  0.755351 -0.379276  -9.77252 
               116.7  6.42001  1.82119 -85.5459   -1.84073   -1.76316 -0.0983093 0 0 0 0.05512 0.02226 -0.0297  0.374942 -0.123837 0.0323514   0.0192362 -0.00146066  0.00934177 0.000725028  -0.0427914   -0.050684  0.755912 -0.378925  -9.77249 
             116.802  6.28408  1.76036 -85.6483  -1.81043  -1.76872 -0.147593 0 0 0 0.05512 0.02226 -0.0297    0.408306 -0.00206303   0.0366031  0.0194287 -0.0014243 0.00938011 0.00167806 -0.0392107 -0.0427067  0.755394 -0.379022  -9.77252 
               116.9  6.33134  1.90046 -85.1514  -1.81006  -1.77181 -0.120989 0 0 0 0.05512 0.02226 -0.0297   0.263878 -0.0437331   0.130896   0.0194686 -0.00140053   0.0093794 0.00175978 -0.0380574 -0.0443479  0.755247 -0.379117  -9.77253 
                 117  5.82702  1.53288 -84.9393  -1.82968  -1.79618 -0.084424 0 0 0 0.05512 0.02226 -0.0297 0.0182827 -0.132257  0.159609  0.0194986 -0.0012946 0.00917118 0.00166282  -0.036769 -0.0450017  0.755099 -0.379235  -9.77254 
               117.1  5.43991  1.12827 -85.0091   -1.85906   -1.82934 -0.0778879 0 0 0 0.05512 0.02226 -0.0297 -0.157048 -0.210482  0.204176   0.0197302 -0.00131974   0.0088806 0.00116014 -0.0357454 -0.0448097  0.75502 -0.37937 -9.77254 
               117.2  5.35802   1.1136 -84.9477   -1.85007   -1.85549 -0.0649428 0 0 0 0.05512 0.02226 -0.0297  -0.08849 -0.278236  0.277048   0.0199192 -0.00125996  0.00908297 0.000895853  -0.0374015   -0.043988  0.755232 -0.379265  -9.77253 
               117.3  5.32452  1.55439 -84.6333   -1.83955   -1.86805 -0.0591067 0 0 0 0.05512 0.02226 -0.0297  0.061654 -0.156988  0.143991    0.019959 -0.00121609  0.00909375 0.00158093 -0.0386195 -0.0422026  0.755319 -0.379075  -9.77253 
               117.4  5.00032  1.17299 -84.2379   -1.82499   -1.87876 -0.0503386 0 0 0 0.05512 0.02226 -0.0297 0.0715832 -0.122795  0.214656    0.019816 -0.00121688  0.00915809 0.00189577 -0.0394721 -0.0417495  0.755392 -0.378968  -9.77253 
               117.5  5.06137 0.665872  -83.875   -1.82001   -1.90818 -0.0542178 0 0 0 0.05512 0.02226 -0.0297 0.0326441 -0.248218  0.143308   0.0197588 -0.00100155  0.00915178 0.000499424  -0.0390594  -0.0393033  0.755448 -0.379141  -9.77251 
             117.601  4.87599 0.835114 -83.8806   -1.82509   -1.92642 -0.0477093 0 0 0 0.05512 0.02226 -0.0297  0.090404 -0.256292  0.153523  0.0196842 -0.0010208 0.00909101 0.00147023 -0.0375961 -0.0380446 0.755197 -0.37914 -9.77253 
               117.7  4.85598 0.468882 -84.0326   -1.84073   -1.95706 -0.0534521 0 0 0 0.05512 0.02226 -0.0297  0.182506   -0.2199 -0.840524    0.0197502 -0.000905561   0.00866609 0.00163345 -0.0336344 -0.0352339  0.75472 -0.37943 -9.77256 
               117.8   4.73484 -0.137178  -83.8521   -1.82666    -1.9478 -0.0327616 0 0 0 0.05512 0.02226 -0.0297 0.0314888 -0.204689 -0.192881   0.0197029 -0.00113962  0.00869221 0.00660218 -0.0354037 -0.0521882  0.754597 -0.378816  -9.77259 
               117.9  3.99399  0.60253 -83.6733   -1.81326   -2.00141 -0.0926608 0 0 0 0.05512 0.02226 -0.0297  0.140145 -0.339479 -0.597461   0.0196505 -0.00114216  0.00867783 0.00494771 -0.0353649 -0.0507255 0.754721   -0.379 -9.77258 
                 118  4.45535 0.195513 -83.5145  -1.80743   -2.0316 -0.113101 0 0 0 0.05512 0.02226 -0.0297  0.109908 -0.296838 -0.314225   0.0193707 -0.00128461  0.00868364 0.00513163 -0.0352057 -0.0517962  0.754695 -0.378994  -9.77258 
               118.1  4.46594 0.552211 -83.2266  -1.81012  -2.04342 -0.119841 0 0 0 0.05512 0.02226 -0.0297 0.0226574 -0.294724 -0.170189   0.0190828 -0.00128421  0.00868111 0.00592626 -0.0349383 -0.0527338   0.75461 -0.378931  -9.77259 
               118.2  4.41365 0.744332 -83.3849  -1.80877  -2.06029 -0.132241 0 0 0 0.05512 0.02226 -0.0297 0.0173624 -0.244774 -0.314949  0.0187649 -0.0012648 0.00869248 0.00701065 -0.0350455 -0.0538147  0.754542 -0.378808   -9.7726 
               118.3  4.60643 0.644803 -83.2748  -1.82169  -2.07543 -0.122357 0 0 0 0.05512 0.02226 -0.0297 -0.0936913  -0.226192  -0.111831   0.0187187 -0.00138171  0.00847816 0.00805645 -0.0340004 -0.0583847  0.754382 -0.378795  -9.77261 
               118.4  5.27549  1.31095 -83.1461  -1.81979  -2.08808 -0.126314 0 0 0 0.05512 0.02226 -0.0297 0.0113643 -0.193863 0.0437453  0.0188246 -0.0013964 0.00861292   0.010133 -0.0360599 -0.0590027  0.754439 -0.378405  -9.77262 
               118.5   5.2722 0.941196  -82.826  -1.79778  -2.10812 -0.114198 0 0 0 0.05512 0.02226 -0.0297  0.095392 -0.133339 -0.136883  0.0191424 -0.0011963 0.00875203 0.00835717 -0.0395122  -0.062533  0.754975 -0.378331  -9.77258 
               118.6  5.03608 0.921756  -82.491   -1.79444   -2.11456 -0.0878819 0 0 0 0.05512 0.02226 -0.0297 0.0523617 -0.118233  0.132309  0.0187123 -0.0014783 0.00888672 0.00965889 -0.0392154 -0.0685208  0.754865 -0.378255  -9.77259 
               118.7  4.88505 0.971371 -82.1668   -1.79549   -2.12741 -0.0581676 0 0 0 0.05512 0.02226 -0.0297   -0.020814   -0.208456 -0.00847921    0.018345 -0.00161875  0.00884722 0.00999621  -0.038264 -0.0718136   0.75475 -0.378322   -9.7726 
               118.8  4.30495 0.439467 -82.0115   -1.80728   -2.14318 -0.0398607 0 0 0 0.05512 0.02226 -0.0297 0.0933409 -0.220782 -0.331521   0.0182877 -0.00161752  0.00884339 0.00897385 -0.0356014 -0.0773258  0.754578 -0.378696   -9.7726 
               118.9  4.20382 0.503263 -82.1188  -1.78863  -2.17676 -0.133964 0 0 0 0.05512 0.02226 -0.0297 0.0724806 -0.230484 -0.609552   0.0182949 -0.00163391   0.0088705 0.00876943 -0.0359977 -0.0756613  0.754629 -0.378672   -9.7726 
                 119  4.63203  0.55082 -82.0607  -1.77634  -2.21042 -0.137826 0 0 0 0.05512 0.02226 -0.0297  0.135347 -0.278933 -0.332589   0.0182862 -0.00165711  0.00890995 0.00867088 -0.0361234 -0.0770379   0.75466 -0.378678  -9.77259 
               119.1   4.99711 0.0883891  -81.7758  -1.76135  -2.24095 -0.144262 0 0 0 0.05512 0.02226 -0.0297  0.152948 -0.266407 -0.375043  0.0183053  -0.001655 0.00904005 0.00846661 -0.0361871 -0.0783255  0.754693 -0.378697  -9.77259 
               119.2  5.11896 0.486559 -81.4958  -1.76369  -2.27376 -0.123258 0 0 0 0.05512 0.02226 -0.0297    0.077468   -0.299846 -0.00873253   0.0182881 -0.00182106  0.00910682 0.00818942 -0.0347993 -0.0817422  0.754598 -0.378854  -9.77259 
               119.3  4.77138 0.706986 -81.1825    -1.7862   -2.28787 -0.0890546 0 0 0 0.05512 0.02226 -0.0297 -0.0817151  -0.293401    0.21882     0.01846 -0.00200051  0.00914472  0.0103019  -0.031842 -0.0859963  0.754145 -0.378913  -9.77262 
               119.4  4.63028 0.583472 -81.3864   -1.81156   -2.31299 -0.0754183 0 0 0 0.05512 0.02226 -0.0297  -0.11412 -0.228226 0.0669407   0.0185326 -0.00212298  0.00906985  0.0117585 -0.0293292 -0.0865335  0.753773 -0.378987  -9.77265 
             119.501  4.74885 0.652188 -81.2363   -1.82281   -2.32213 -0.0570182 0 0 0 0.05512 0.02226 -0.0297 -0.135867 -0.218527  0.145559   0.0185556 -0.00224672    0.009064  0.0139474 -0.0304607 -0.0874546  0.753701 -0.378676  -9.77267 
               119.6  5.47952  1.02373 -81.0598   -1.80799   -2.34106 -0.0484487 0 0 0 0.05512 0.02226 -0.0297 -0.0077962   -0.17336    0.17252   0.0188414 -0.00197713  0.00920336  0.0133005 -0.0349031 -0.0845869  0.754182 -0.378339  -9.77264 
               119.7  5.44029 0.445536 -80.6243   -1.79874    -2.3568 -0.0300487 0 0 0 0.05512 0.02226 -0.0297  0.557112  0.142438 -0.423861   0.0189288 -0.00202518  0.00930735  0.0134455 -0.0368499 -0.0844053   0.75436 -0.378154  -9.77264 
               119.8  5.80019  1.23993 -80.3042   -1.77264   -2.35651 -0.0570303 0 0 0 0.05512 0.02226 -0.0297  0.524379 0.0636703 -0.422482  0.0189201 -0.0020187 0.00932889  0.0122838 -0.0303127  -0.088714  0.753836 -0.378871  -9.77265 
               119.9  5.06865  1.37218 -79.9609  -1.72913  -2.35941 -0.137259 0 0 0 0.05512 0.02226 -0.0297   0.540564 -0.0271771  -0.561177   0.0189464 -0.00189878  0.00930531  0.0117612 -0.0305793 -0.0852492  0.753898 -0.378875  -9.77264 
             120.002  4.93557  1.23861 -79.9017  -1.72487  -2.38664 -0.207525 0 0 0 0.05512 0.02226 -0.0297   0.251541 -0.0991303  -0.640119    0.018815 -0.00166043  0.00904196  0.0115648   -0.02884 -0.0862221  0.753754 -0.379059  -9.77265 
               120.1  4.91331 0.870764  -79.668  -1.74169  -2.42932 -0.172568 0 0 0 0.05512 0.02226 -0.0297   0.11152 -0.266041 -0.303898   0.0191219 -0.00164054  0.00897365  0.0106869 -0.0271476 -0.0900487  0.753692 -0.379329  -9.77264 
             120.201  5.76667  1.31479 -79.3262  -1.73253  -2.47077 -0.178928 0 0 0 0.05512 0.02226 -0.0297  0.146878 -0.298518 -0.188024   0.0194324 -0.00130039  0.00900651 0.00886474 -0.0265572 -0.0911387  0.753806 -0.379559  -9.77262 
               120.3  5.68476 0.678765 -79.0032  -1.72224  -2.50073 -0.157677 0 0 0 0.05512 0.02226 -0.0297  0.158854 -0.207778 -0.124069   0.0196278 -0.00129829  0.00916957 0.00905609 -0.0252337 -0.0982303   0.75369 -0.379727  -9.77263 
               120.4  5.09607 0.793976 -78.2025   -1.7332  -2.51715 -0.109146 0 0 0 0.05512 0.02226 -0.0297 0.0287369 -0.260037  0.200165   0.0192862 -0.00163079  0.00933225  0.0102715 -0.0221349  -0.108068 0.753321 -0.37999 -9.77265 
             120.494  4.87676 0.726323 -78.0215   -1.74459   -2.55092 -0.0673922 0 0 0 0.05512 0.02226 -0.0297 -0.0592869  -0.310779   0.287659   0.0191524 -0.00152816  0.00937166 0.00964934 -0.0195298  -0.113192  0.753158 -0.380335  -9.77264 
               120.6  4.82874 0.354331 -78.0769    -1.77377    -2.58039 -0.00457191 0 0 0 0.05512 0.02226 -0.0297 -0.156918 -0.269138   0.32656   0.0191215 -0.00190947  0.00900429   0.012664 -0.0164224  -0.120555  0.752619 -0.380419  -9.77268 
               120.7  5.04691 0.503756 -77.8346     -1.76946     -2.59668 -0.000668744 0 0 0 0.05512 0.02226 -0.0297 -0.148817 -0.320401  0.306542   0.0191908 -0.00193234  0.00898734  0.0137019 -0.0208372  -0.113393  0.752883 -0.379845  -9.77268 
               120.8  5.43212 0.384499 -77.8228   -1.75431   -2.59786 -0.0205446 0 0 0 0.05512 0.02226 -0.0297 -0.0106896  -0.294247   0.200472   0.0191352 -0.00192783  0.00899606  0.0133602 -0.0240091  -0.107633  0.753173 -0.379526  -9.77267 
               120.9  5.37572  0.39663 -77.6961    -1.75928     -2.6363 -0.00251567 0 0 0 0.05512 0.02226 -0.0297 -0.107051 -0.177189 0.0886367   0.0193976 -0.00187153  0.00885001  0.0139384 -0.0243008  -0.105087 0.753132 -0.37943 -9.77268 
                 121  4.44981 -0.47914 -77.0332  -1.76047  -2.68455 0.0515673 0 0 0 0.05512 0.02226 -0.0297 -0.0983349   -0.33047   0.283422  0.0193414 -0.0020346   0.008832  0.0126867 -0.0245937  -0.106982  0.753288 -0.379519  -9.77267 
               121.1   4.14062 -0.435872  -76.8579  -1.75601  -2.70989 0.0456158 0 0 0 0.05512 0.02226 -0.0297 -0.0522695  -0.318733   0.113607   0.0192166 -0.00213403  0.00883927  0.0126172 -0.0253287  -0.105172 0.753349 -0.37945 -9.77266 
               121.2   4.26898 -0.134816  -77.0138  -1.75627  -2.72258 0.0290182 0 0 0 0.05512 0.02226 -0.0297 -0.0747114  -0.216068  0.0679632   0.0190503 -0.00239359  0.00867687  0.0142338 -0.0262306  -0.103168   0.75325 -0.379223  -9.77268 
               121.3  4.48562 0.214281 -76.7037    -1.72469    -2.73367 -0.00903842 0 0 0 0.05512 0.02226 -0.0297  0.0875914  -0.210042 -0.0676063   0.0187338 -0.00247921   0.0088048  0.0144029 -0.0312394 -0.0974666  0.753616 -0.378703  -9.77267 
               121.4  5.13405 0.469498 -76.7165   -1.71262   -2.74211 -0.0315117 0 0 0 0.05512 0.02226 -0.0297   0.116425  -0.166923 -0.0469023   0.0188567 -0.00236508  0.00896802  0.0144041 -0.0325185 -0.0929621  0.753694 -0.378568  -9.77267 
               121.5  4.97101 0.229093 -76.6111   -1.69566   -2.76111 -0.0338352 0 0 0 0.05512 0.02226 -0.0297  0.0985163  -0.114375 -0.0276014   0.0186831 -0.00271263  0.00908309  0.0143441  -0.032692 -0.0961229  0.753734 -0.378562  -9.77267 
               121.6  5.11823 0.237123 -76.1031   -1.69092   -2.76769 -0.0291404 0 0 0 0.05512 0.02226 -0.0297 0.0858714 -0.123114 0.0348163   0.0185499 -0.00280196  0.00910844  0.0136154 -0.0330061 -0.0971264   0.75384 -0.378595  -9.77266 
               121.7   5.08079 0.0726672  -76.0165   -1.69038   -2.79057 -0.0270192 0 0 0 0.05512 0.02226 -0.0297    0.175916 -0.00683755  -0.0223547   0.0183945 -0.00278574  0.00903701  0.0136756 -0.0304432 -0.0969962  0.753619 -0.378852  -9.77267 
               121.8  4.35325  0.38974 -75.9123   -1.68788   -2.80168 -0.0328286 0 0 0 0.05512 0.02226 -0.0297  0.0756869 -0.0422827  0.0599977   0.0183439 -0.00279103  0.00903033  0.0128549 -0.0278338 -0.0964144  0.753484 -0.379188  -9.77266 
               121.9  5.07638 0.414115 -75.6382   -1.66615   -2.84715 -0.0493183 0 0 0 0.05512 0.02226 -0.0297  0.185966 -0.270564 0.0229214   0.0183164 -0.00268566  0.00916846  0.0116254 -0.0277345  -0.095624  0.753599 -0.379295  -9.77265 
                 122    5.713  1.13756 -74.9464     -1.616   -2.87666 -0.0768601 0 0 0 0.05512 0.02226 -0.0297  0.390405 -0.116253  -0.16127   0.0185209 -0.00245559  0.00961532  0.0112355  -0.028195 -0.0949439   0.75367 -0.379273  -9.77265 
               122.1  5.26029 0.605891  -74.105   -1.61485   -2.93085 -0.0445406 0 0 0 0.05512 0.02226 -0.0297  0.243507 -0.258022 0.0516043   0.0185425 -0.00239329   0.0101849 0.00952627 -0.0256793 -0.0977725  0.753666 -0.379688  -9.77263 
               122.2  5.16815 0.484484 -73.0974     -1.6343    -2.94395 -0.00456163 0 0 0 0.05512 0.02226 -0.0297 0.0824359 -0.293517  0.146721   0.0178585 -0.00274616     0.01053  0.0125013 -0.0220416  -0.101009 0.753087 -0.37988 -9.77267 
               122.3    4.67797 0.00747711   -72.1738   -1.64423   -2.93301 -0.0092364 0 0 0 0.05512 0.02226 -0.0297 -0.0450472  -0.253142   0.199907   0.0179498 -0.00292176   0.0105615  0.0163037 -0.0209036 -0.0996988  0.752586 -0.379713  -9.77271 
               122.4   4.41644 -0.505189   -71.893   -1.65282   -2.97315 -0.0305733 0 0 0 0.05512 0.02226 -0.0297 -0.104699 -0.223871  0.142397    0.017886 -0.00236159   0.0103833  0.0171586 -0.0205074 -0.0928752  0.752438 -0.379643  -9.77273 
               122.5    4.2808 -0.531163  -70.1526   -1.64769   -2.97885 -0.0194068 0 0 0 0.05512 0.02226 -0.0297 -0.0510873  -0.226008   0.145547   0.0178043 -0.00257851   0.0105838  0.0172391 -0.0221916 -0.0937426  0.752553 -0.379448  -9.77273 
               122.6   4.26556 -0.276911  -69.6213      -1.627    -3.02381 -0.00290659 0 0 0 0.05512 0.02226 -0.0297 0.0466269 -0.190581  0.051972   0.0180667 -0.00272204   0.0105836  0.0148622 -0.0243862 -0.0920729  0.752975 -0.379351   -9.7727 
               122.7   4.12509 -0.576456  -67.3743   -1.6378  -3.03327 0.0145593 0 0 0 0.05512 0.02226 -0.0297 -0.0708997  -0.157837   0.197762   0.0179595 -0.00302951   0.0106878  0.0169199 -0.0235117 -0.0937698  0.752673 -0.379329  -9.77272 
               122.8   3.63003 -0.721903  -66.3259  -1.62158  -3.02537 0.0634248 0 0 0 0.05512 0.02226 -0.0297 0.0181426 -0.119544  0.441682   0.0179163 -0.00317798   0.0107436  0.0171257 -0.0275791  -0.103205  0.752962 -0.378803  -9.77272 
               122.9   3.75282 -0.501352  -65.9895  -1.61076  -3.05259 0.0941006 0 0 0 0.05512 0.02226 -0.0297 -0.0869131  -0.253895   0.592816   0.0176412 -0.00354004   0.0104512  0.0152222 -0.0278793  -0.100875  0.753212 -0.378877   -9.7727 
             123.001     2.98 0.271574 -64.6527 -1.62239 -3.10033 0.127267 0 0 0 0.05512 0.02226 -0.0297 -0.100696 -0.272593   0.31502   0.0174416 -0.00374796    0.010313  0.0151263 -0.0276133 -0.0986341  0.753192 -0.378917   -9.7727 
               123.1  3.29264 0.281338 -63.1075  -1.55735  -3.13072 0.0285354 0 0 0 0.05512 0.02226 -0.0297  0.166253 -0.284957 0.0902729   0.0176444 -0.00326789   0.0105544  0.0131454 -0.0307475 -0.0909053  0.753542 -0.378544  -9.77268 
               123.2   3.62681 0.0826198  -61.9425   -1.51658   -3.14386 -0.0205699 0 0 0 0.05512 0.02226 -0.0297  0.203891 -0.191045 -0.299346   0.0178189 -0.00299809   0.0108085  0.0125878 -0.0337006 -0.0861549  0.753696 -0.378106  -9.77269 
               123.3   3.59956 -0.307234  -60.7545   -1.49801   -3.13138 -0.0114821 0 0 0 0.05512 0.02226 -0.0297   0.200155 -0.0671341 -0.0389387    0.017529 -0.00328216   0.0109915  0.0165876 -0.0360638 -0.0904099   0.75325 -0.377594  -9.77274 
               123.4   3.57172 -0.142567  -59.6129   -1.49498   -3.14424 -0.0137066 0 0 0 0.05512 0.02226 -0.0297 0.143621 -0.13465 0.103033    0.017611 -0.00334874   0.0109942  0.0175636 -0.0326338 -0.0904827   0.75296 -0.378088  -9.77275 
               123.5   3.25515 -0.431681  -58.7351    -1.49725    -3.16525 -0.00569335 0 0 0 0.05512 0.02226 -0.0297   0.124736  -0.163436 -0.0945717   0.0173519 -0.00332348   0.0107327  0.0190291  -0.028135 -0.0930756   0.75259 -0.378757  -9.77275 
             123.601   3.18977 -0.709447  -57.6543   -1.51053   -3.17561 -0.0098217 0 0 0 0.05512 0.02226 -0.0297   0.019846  -0.168422 -0.0256196   0.0172499 -0.00324409   0.0104986   0.021011 -0.0237593 -0.0930577  0.752118 -0.379394  -9.77276 
               123.7     2.984 -0.721553  -57.3759  -1.50032  -3.20397 -0.014359 0 0 0 0.05512 0.02226 -0.0297 -0.00463323    -0.19127    0.129963   0.0172835 -0.00295995   0.0108219  0.0198683 -0.0254682 -0.0909759  0.752335 -0.379145  -9.77275 
               123.8  3.27981 -0.43105 -55.5719  -1.50193  -3.20745 0.0180312 0 0 0 0.05512 0.02226 -0.0297 -0.0336837 -0.0938501  0.0297597   0.0173125 -0.00294359   0.0108382  0.0207648 -0.0261272 -0.0948128  0.752253 -0.379019  -9.77277 
               123.9   2.84852 -0.875063  -54.3745  -1.49048  -3.25551 0.0416323 0 0 0 0.05512 0.02226 -0.0297 0.0300522 -0.241975  0.233091   0.0171609 -0.00289301    0.010928   0.019162   -0.02554 -0.0951818  0.752519 -0.379157  -9.77274 
                 124  2.74235 -0.61931 -53.0513   -1.4341  -3.30439 0.0481975 0 0 0 0.05512 0.02226 -0.0297 0.194739 -0.39807 0.232179  0.0170885 -0.0028911  0.0108899  0.0172766 -0.0263797 -0.0945266  0.752852 -0.379016  -9.77272 
               124.1  2.42361 -1.31933 -52.3085  -1.40835  -3.32667 0.0426538 0 0 0 0.05512 0.02226 -0.0297     0.246327     -0.33471 -0.000318871   0.0169262 -0.00286159   0.0107207  0.0180476 -0.0275244 -0.0933262  0.752702 -0.378802  -9.77274 
               124.2  2.48471 -1.12083 -50.9198  -1.38512  -3.32776 0.0267726 0 0 0 0.05512 0.02226 -0.0297   0.22592 -0.271184 0.0447301   0.0169834 -0.00288534   0.0106726  0.0207547 -0.0312253 -0.0903399  0.752193 -0.378111  -9.77281 
               124.3   2.75506 -0.748479  -50.0881   -1.34377   -3.33594 -0.0040662 0 0 0 0.05512 0.02226 -0.0297   0.296236  -0.159915 -0.0417194   0.0174471 -0.00262667   0.0109788  0.0218492 -0.0358683 -0.0835524  0.751924 -0.377255  -9.77286 
               124.4  2.74515 -1.09959 -48.6477    -1.33861     -3.3297 -0.00893507 0 0 0 0.05512 0.02226 -0.0297    0.19692 -0.0531246  -0.145254   0.0175739 -0.00270223   0.0111098  0.0280231 -0.0350863 -0.0851281  0.750809 -0.377382  -9.77294 
               124.5  2.33928 -0.94088 -47.2065    -1.3459   -3.32913 0.00468749 0 0 0 0.05512 0.02226 -0.0297   0.107812 -0.0288484  0.0806751   0.0171206 -0.00285479   0.0111441  0.0318613 -0.0325601 -0.0896878 0.750157 -0.37786 -9.77297 
               124.6   2.15704 -0.889572  -46.4397 -1.32982  -3.3359 0.022689 0 0 0 0.05512 0.02226 -0.0297 0.0934732 -0.104691 0.0687247   0.0169483 -0.00270713   0.0110479  0.0321121 -0.0332966 -0.0902414  0.750115 -0.377722  -9.77298 
               124.7  1.42916 -1.45294 -45.4693  -1.34043  -3.35586 0.0380619 0 0 0 0.05512 0.02226 -0.0297  0.162142 -0.241482 -0.248338   0.0168518 -0.00299499   0.0107185  0.0344862 -0.0289066 -0.0922769   0.74973 -0.378591  -9.77298 
             124.801   1.24572 -0.878388  -44.8265   -1.31736   -3.34066 -0.0121218 0 0 0 0.05512 0.02226 -0.0297  0.284502  -0.14821 -0.338832   0.0168841 -0.00292835   0.0107144  0.0390116  -0.035457 -0.0869346  0.748686 -0.377368   -9.7731 
               124.9   1.64425 -0.991747  -43.7943   -1.2387  -3.37127 -0.146802 0 0 0 0.05512 0.02226 -0.0297    0.657825 -0.00868571   -0.998223  0.0170164 -0.0028369  0.0107131   0.036527 -0.0358277 -0.0817108  0.749083 -0.377266  -9.77308 
                 125   1.83217 -0.181482  -42.2554  -1.25414  -3.37649 -0.128095 0 0 0 0.05512 0.02226 -0.0297   0.33988  0.104219 -0.397435   0.0170152 -0.00285976   0.0106887  0.0377327 -0.0345651 -0.0842832 0.748926 -0.37754 -9.77308 
               125.1   1.31235 -0.387565  -40.5418 -1.22624 -3.35197 -0.05043 0 0 0 0.05512 0.02226 -0.0297 0.346768 0.148038 0.101215   0.0168304 -0.00289728   0.0104753  0.0380136 -0.0347788 -0.0873053  0.748918 -0.377504  -9.77308 
               125.2  0.472625 -0.405613  -39.1519   -1.22998   -3.37549 -0.0049004 0 0 0 0.05512 0.02226 -0.0297  0.313316 0.0104735  0.315917   0.0166429 -0.00264118    0.010088   0.037362 -0.0325543 -0.0908712   0.74919 -0.377917  -9.77304 
             125.299   1.16708 -0.436479  -39.1341 -1.18781 -3.39848 0.016824 0 0 0 0.05512 0.02226 -0.0297  0.227014 -0.106808 -0.196943   0.0156465 -0.00262664   0.0101576  0.0370424 -0.0316747 -0.0922531  0.749308 -0.378077  -9.77303 
               125.4 0.406119 -1.19308 -37.1811   -1.14286    -3.4341 0.00873065 0 0 0 0.05512 0.02226 -0.0297  0.344756 -0.212599 -0.113272   0.0157748 -0.00256966    0.010129   0.034591 -0.0308693 -0.0927574  0.749836 -0.378141  -9.77299 
             125.501   1.24143 -0.975796  -35.5207   -1.1065  -3.43928 -0.016412 0 0 0 0.05512 0.02226 -0.0297   0.312549 -0.0660805  -0.140264   0.0160791 -0.00212538   0.0105383  0.0353639 -0.0320366 -0.0907557  0.749593 -0.377949  -9.77301 
               125.6  0.980972 -0.860793  -33.5429    -1.10389    -3.45244 -0.00749355 0 0 0 0.05512 0.02226 -0.0297    0.18498 -0.0663246 -0.0710506   0.0160163 -0.00229191   0.0109212  0.0380455 -0.0291445 -0.0946017  0.749268 -0.378658  -9.77301 
               125.7  0.522022 -0.890166  -31.7928  -1.09778  -3.48628 0.0274163 0 0 0 0.05512 0.02226 -0.0297 0.133066 -0.25652 0.299471   0.0157372 -0.00256896   0.0108593  0.0378163 -0.0239878  -0.100896 0.749719 -0.37968 -9.77293 
               125.8 0.0282799 -0.957123  -30.8376  -1.08719  -3.53289 0.0925027 0 0 0 0.05512 0.02226 -0.0297   0.10618 -0.416309   0.55069   0.0157023 -0.00257197   0.0109009  0.0363208 -0.0205601  -0.106755   0.75034 -0.380274  -9.77286 
               125.9 -0.768298  -1.87749  -29.7717 -1.01196 -3.59931 0.278777 0 0 0 0.05512 0.02226 -0.0297  0.359766 -0.405136   1.32339   0.0155674 -0.00281592   0.0108749  0.0315062 -0.0209704  -0.115012  0.751452 -0.379829   -9.7728 
                 126 -0.961666  -1.26542  -27.5679 -0.996514   -3.5454  0.261056 0 0 0 0.05512 0.02226 -0.0297   0.315566 -0.0148448   0.736394   0.0156763 -0.00278263   0.0108177  0.0333663 -0.0236294  -0.110181  0.750781 -0.379461  -9.77286 
             126.101 -0.854799  -1.38581  -25.8863 -0.933911  -3.48334  0.212511 0 0 0 0.05512 0.02226 -0.0297 0.440078 0.304016 0.209232   0.0158465 -0.00271668   0.0109137  0.0334117 -0.0256746  -0.106356 0.750543 -0.37909 -9.77289 
               126.2 -0.920113   -1.3096  -23.7779 -0.920802  -3.45756  0.116633 0 0 0 0.05512 0.02226 -0.0297   0.31214  0.291969 -0.158134   0.0159389 -0.00270816    0.011148  0.0348759 -0.0251305  -0.101157  0.750207 -0.379391  -9.77291 
               126.3 -0.938033  -1.22908  -21.8439 -0.930069   -3.4489 0.0733597 0 0 0 0.05512 0.02226 -0.0297  0.226749  0.227724 -0.217683    0.015979 -0.00271549   0.0110423  0.0381755 -0.0221359 -0.0981869  0.749764 -0.380351   -9.7729 
               126.4 -1.98094 -1.11422 -20.0911 -0.942743  -3.46626 0.0633817 0 0 0 0.05512 0.02226 -0.0297 0.0869856 0.0472971 -0.066167   0.0157029 -0.00252055   0.0107367  0.0408447 -0.0161854 -0.0973648  0.749791 -0.381853  -9.77284 
               126.5 -1.84642 -1.21155 -19.2116 -0.911363  -3.47263 0.0693691 0 0 0 0.05512 0.02226 -0.0297   0.113005 -0.0164214 -0.0425301   0.0153703 -0.00321935   0.0104031  0.0376425 -0.0148827  -0.102008  0.750662 -0.381748  -9.77278 
               126.6 -1.46673 -1.10885 -16.3871 -0.884105  -3.48642  0.053011 0 0 0 0.05512 0.02226 -0.0297   0.210786 -0.0487651 -0.0897853   0.0157095 -0.00309912   0.0106427  0.0337533 -0.0127846 -0.0989533  0.751641 -0.381801   -9.7727 
               126.7 -1.27193 -1.35565   -14.48  -0.86367  -3.50641 0.0375545 0 0 0 0.05512 0.02226 -0.0297  0.285936 -0.123544 -0.207551    0.016128 -0.00285875   0.0107253   0.0288066 -0.00827477  -0.0953259  0.753125 -0.382218  -9.77257 
               126.8 -1.17205 -1.32055 -15.1573 -0.801432  -3.51472 0.0355994 0 0 0 0.05512 0.02226 -0.0297   0.288796 0.00167363    0.14954   0.0160942 -0.00288483   0.0111069  0.0265542 -0.0104303   -0.09998  0.753414 -0.381452  -9.77258 
               126.9 -1.15877 -1.15784 -10.6804 -0.763092  -3.53113 0.0820055 0 0 0 0.05512 0.02226 -0.0297 0.364825 -0.12302 0.357145    0.016158 -0.00290187   0.0109505    0.025504 -0.00907217   -0.102619 0.753848 -0.38157 -9.77254 
                 127  -2.53781 -0.609215  -8.73089 -0.759524  -3.52234  0.138149 0 0 0 0.05512 0.02226 -0.0297  0.206703 -0.144349  0.310943   0.0159179 -0.00325534   0.0103772  0.0271351 -0.0104812  -0.103549  0.753331 -0.381504  -9.77259 
               127.1 -2.66391 -1.02668 -7.20131 -0.753237  -3.51616  0.119477 0 0 0 0.05512 0.02226 -0.0297   0.164658 -0.0918162   0.174667   0.0160356 -0.00389978  0.00996743  0.0280462 -0.0117659   -0.10121 0.752914 -0.38142 -9.77262 
               127.2 -2.86914 -1.03302 -5.52091 -0.728714  -3.50255 0.0879564 0 0 0 0.05512 0.02226 -0.0297   0.219429 -0.0190048  0.0716304  0.0163603 -0.0037505 0.00997426 0.0275202 -0.014799 -0.096392  0.752466 -0.380805  -9.77268 
               127.3  -2.51327 -0.857276  -3.32027 -0.733191  -3.47143 0.0850502 0 0 0 0.05512 0.02226 -0.0297   0.108773  0.0882971 0.00423662    0.016358 -0.00375375    0.010159  0.0312752 -0.0207629 -0.0949837  0.750747 -0.380243  -9.77283 
               127.4  -2.64691 -0.975314  -1.37571 -0.708395  -3.46868 0.0850585 0 0 0 0.05512 0.02226 -0.0297  0.170309  0.112533 -0.259925   0.0163066 -0.00388264   0.0104141  0.0263226 -0.0201037 -0.0961382  0.751846 -0.379549  -9.77278 
             127.505  -2.70402 -0.936749  -0.30568 -0.67309   -3.491 0.100787 0 0 0 0.05512 0.02226 -0.0297 0.238778 0.037947 0.029867   0.0163046 -0.00386861   0.0103535  0.0227814 -0.0104337  -0.100922  0.754227 -0.380801  -9.77254 
               127.6  -3.46608 -0.213957   1.79868 -0.641157  -3.47408  0.106131 0 0 0 0.05512 0.02226 -0.0297   0.170736 -0.0265306 -0.0495321   0.0157879 -0.00354903   0.0101785  0.0225734  -0.015737 -0.0993549  0.753327 -0.379747  -9.77265 
             127.701   -3.5066 -0.344491    3.7544 -0.605938  -3.45854 0.0669538 0 0 0 0.05512 0.02226 -0.0297 0.150337 0.100173 -0.25544   0.0158761 -0.00382719  0.00995426  0.0178664 -0.0185299 -0.0934791  0.753637 -0.378459  -9.77268 
               127.8   -3.44415 -0.0995259     5.1395  -0.548534     -3.446 -0.0140361 0 0 0 0.05512 0.02226 -0.0297  0.317751  0.152249 -0.343157   0.0160284 -0.00375974  0.00999504  0.0114625 -0.0179229 -0.0851973   0.75484 -0.377536  -9.77262 
             127.901  -3.03294 -0.209533   7.50526  -0.554446   -3.40272 -0.0280979 0 0 0 0.05512 0.02226 -0.0297  0.182202  0.296682 -0.405923   0.0162559 -0.00355302   0.0101378  0.0135632   -0.02247 -0.0868081  0.753593 -0.377057  -9.77274 
                 128   -2.87343 -0.0167118    8.83912  -0.553162   -3.35576 -0.0369542 0 0 0 0.05512 0.02226 -0.0297 0.0814814  0.372079  -0.20686   0.0161384 -0.00357441   0.0101557  0.0153219 -0.0230024 -0.0913603 0.753237 -0.37723 -9.77276 
               128.1 -3.10098 0.324757  11.3903    -0.571777      -3.3587 -0.000707172 0 0 0 0.05512 0.02226 -0.0297 0.0496472  0.129794 0.0917789    0.016081 -0.00350588  0.00973498  0.0205111 -0.0188163 -0.0971914   0.75327 -0.378957  -9.77269 
             128.201  -4.06637 0.0703215   12.9794 -0.54647 -3.38474 0.061786 0 0 0 0.05512 0.02226 -0.0297  0.106689 0.0347139 0.0516628  0.0156786 -0.0035087 0.00938787  0.0193182 -0.0104379  -0.106114  0.755396 -0.380045  -9.77248 
             128.301  -3.99962 0.0503323   14.5965 -0.512931  -3.39874 0.0872218 0 0 0 0.05512 0.02226 -0.0297   0.185104 -0.0222587   0.251069  0.0156321 -0.0039354 0.00917718   0.0160059 -0.00501165    -0.10848  0.757179 -0.380245  -9.77234 
               128.4 -3.73054 0.624702  16.3076 -0.442536  -3.39064  0.117083 0 0 0 0.05512 0.02226 -0.0297  0.354273 0.0267358  0.323355   0.0157121 -0.00403315  0.00953946   0.0052499 -0.00310621   -0.109613  0.759464 -0.378211  -9.77224 
               128.5 -3.63031 0.581615  18.6298 -0.373549  -3.35995 0.0949724 0 0 0 0.05512 0.02226 -0.0297  0.437098 0.0886776 -0.047607  0.0162124 -0.0040779  0.0100357 -0.00715186 -0.00739151   -0.100372  0.760468 -0.374893  -9.77229 
               128.6 -3.89101 0.648686  20.4225 -0.347147  -3.34592 0.0986911 0 0 0 0.05512 0.02226 -0.0297 0.363344 0.152589 0.147715    0.016046 -0.00422606   0.0102154 -0.00368978 -0.00949558   -0.100327   0.75941 -0.375328  -9.77235 
               128.7 -4.49308  1.56028  22.4303 -0.36931 -3.32563 0.114248 0 0 0 0.05512 0.02226 -0.0297 0.248628 0.243402 0.180891   0.0158393 -0.00400817   0.0100125 0.00766065 -0.0174124  -0.101438  0.755726 -0.376646  -9.77259 
               128.8 -4.66041  1.67891  23.3162 -0.341802  -3.30736  0.183628 0 0 0 0.05512 0.02226 -0.0297  0.244476  0.286943 -0.176638   0.0157586 -0.00403832   0.0100438 0.00653691 -0.0142813  -0.115813   0.75686 -0.376616   -9.7725 
               128.9 -5.51318  1.88133  24.7064 -0.391842  -3.29677  0.103502 0 0 0 0.05512 0.02226 -0.0297 -0.121774 0.0793231 -0.392928   0.0157615 -0.00392958  0.00994238  0.0130606 -0.0161912  -0.112602  0.755332 -0.377948  -9.77257 
                 129 -4.72116  1.85205  27.1166 -0.389543  -3.28816  0.066974 0 0 0 0.05512 0.02226 -0.0297 -0.0820638    0.12893  -0.310089   0.0157934 -0.00388506    0.009933  0.0126355 -0.0158689  -0.112522  0.755474 -0.377892  -9.77256 
               129.1 -4.5259 1.56369 29.2604 -0.340997  -3.29706 0.0226151 0 0 0 0.05512 0.02226 -0.0297 0.0648952 0.0650336 -0.613215   0.0160471 -0.00349996   0.0100243  0.0109229 -0.0133745  -0.112535  0.756339 -0.377804   -9.7725 
               129.2 -4.43674  1.69834   30.836 -0.289223  -3.26038 0.0275432 0 0 0 0.05512 0.02226 -0.0297 0.220036 0.195975 -0.23613   0.0157134 -0.00320578   0.0102576 0.00624536 -0.0129905  -0.115947  0.757103 -0.376587  -9.77248 
             129.301 -5.19753  2.64263  32.3451 -0.261243  -3.21519 0.0710143 0 0 0 0.05512 0.02226 -0.0297 0.264199 0.174733 0.044273   0.0153415 -0.00284627    0.010007 0.00423785  -0.015319  -0.122319  0.756849 -0.375623  -9.77254 
               129.4 -5.5263 2.07379 33.4595 -0.263316  -3.21503 0.0938414 0 0 0 0.05512 0.02226 -0.0297   0.153008   0.101716 -0.0321956   0.0149164 -0.00293715  0.00982735 0.00976596 -0.0159279  -0.125693   0.75602 -0.376895  -9.77256 
             129.501 -5.32934  1.62853  34.4663 -0.251062  -3.20911 0.0586947 0 0 0 0.05512 0.02226 -0.0297   0.118905  0.0874466 0.00612852    0.015796 -0.00331749  0.00986197  0.0099255 -0.0160856   -0.11781  0.755865 -0.377105  -9.77256 
               129.6 -5.46971  2.20856  35.9771 -0.233334  -3.17138 0.0511703 0 0 0 0.05512 0.02226 -0.0297  0.162742  0.228318 -0.023725 0.0160468 -0.003408 0.0101607 0.00526011 -0.0205422  -0.116159  0.755249 -0.375364  -9.77268 
               129.7 -5.0659 1.95484 38.1426 -0.237859  -3.17707 0.0587441 0 0 0 0.05512 0.02226 -0.0297      0.144   0.203659 0.00711949   0.0159692 -0.00354768   0.0104059 0.00798006 -0.0198112  -0.118327  0.755137 -0.376123  -9.77265 
               129.8 -5.05722  1.95647  38.1283   -0.191283    -3.16048 -0.00818158 0 0 0 0.05512 0.02226 -0.0297  0.335283 0.0734413 -0.784634   0.0159635 -0.00353344   0.0104238 0.00937398 -0.0204519  -0.118771  0.754801 -0.376404  -9.77267 
             129.901 -6.02438  4.29432  41.6159 -0.234742  -3.15257 0.0584372 0 0 0 0.05512 0.02226 -0.0297 -0.044898 0.0100852 -0.263216   0.0159074 -0.00336296   0.0104053  0.0149963 -0.0240535  -0.131229    0.7533 -0.377217  -9.77275 
                 130 -5.89993  3.90843  43.6033  -0.22077  -3.15882 0.0668762 0 0 0 0.05512 0.02226 -0.0297  0.0551267 -0.0825852  -0.264708  0.0155625 -0.0030819  0.0102087  0.0148297 -0.0234583  -0.132471  0.753491 -0.377196  -9.77274 
               130.1 -5.06438  3.48389   45.336 -0.197487  -3.13711 0.0305082 0 0 0 0.05512 0.02226 -0.0297  0.153387 0.0478966 -0.206047   0.0156615 -0.00302391   0.0101707  0.0132365 -0.0237065  -0.131942 0.753553 -0.37675 -9.77275 
               130.2 -4.7907 4.16877 47.0048 -0.173231  -3.07493 0.0310515 0 0 0 0.05512 0.02226 -0.0297  0.137429  0.319528 -0.137259   0.0156798 -0.00283145   0.0102242 0.0101443 -0.024973  -0.13341  0.753479 -0.375741   -9.7728 
               130.3 -5.11783  4.37754  49.3635 -0.159414   -3.0249  0.051691 0 0 0 0.05512 0.02226 -0.0297   0.153894   0.398851 -0.0841528   0.0155689 -0.00264906   0.0104195 0.00917237  -0.025768  -0.136615  0.753374 -0.375317  -9.77282 
             130.401 -5.30463   4.5004  51.1527 -0.164456  -2.98322  0.103374 0 0 0 0.05512 0.02226 -0.0297 0.111903 0.483931 0.175192   0.0151653 -0.00230964   0.0102983  0.0107135 -0.0272486  -0.141537  0.752883 -0.375499  -9.77285 
               130.5 -6.20342  5.12835  52.4932 -0.173836  -2.96418  0.182509 0 0 0 0.05512 0.02226 -0.0297 0.109024 0.345066 0.560411   0.0142307 -0.00176676  0.00984878  0.0154358 -0.0280422  -0.148926  0.752361 -0.376578  -9.77285 
               130.6 -5.96193  4.35993  53.0689 -0.154455  -2.95473  0.208876 0 0 0 0.05512 0.02226 -0.0297 0.0726821  0.147554  0.233874   0.0144055 -0.00208559  0.00915084  0.0181243 -0.0255737  -0.143512  0.752814 -0.377676  -9.77277 
             130.701 -5.19904  4.32549  53.4116 -0.169244  -2.93668    0.1726 0 0 0 0.05512 0.02226 -0.0297 0.00216619   0.229365  0.0836395   0.0149387 -0.00225967   0.0086106  0.0151512 -0.0338759  -0.134567 0.750563 -0.37648 -9.77299 
               130.8 -5.2437 4.35997 53.4917 -0.172841  -2.90238  0.181689 0 0 0 0.05512 0.02226 -0.0297 -0.0778766   0.362225   0.492175   0.0149756 -0.00228772  0.00853435  0.0152668 -0.0344738   -0.13245  0.750365 -0.376529  -9.77301 
               130.9 -4.58762  4.08077  53.8145 -0.111897  -2.91068 0.0505295 0 0 0 0.05512 0.02226 -0.0297  0.121048   0.15243 -0.228145   0.0150337 -0.00234512  0.00855818  0.0144407 -0.0242763  -0.109595   0.75318 -0.377605  -9.77275 
                 131 -5.06635  3.88049  54.5652 -0.100406   -2.9071 0.0652674 0 0 0 0.05512 0.02226 -0.0297   0.193059   0.168717 -0.0922506   0.0150345 -0.00234712  0.00855238  0.0149936 -0.0239947  -0.110765  0.753236 -0.377753  -9.77274 
             131.101 -5.95317  4.41105  54.7995 -0.0853901   -2.89799   0.117232 0 0 0 0.05512 0.02226 -0.0297  0.146031 0.0223372  0.184403   0.0148458 -0.00209159  0.00837943   0.015271 -0.0238089  -0.112548  0.753287 -0.377805  -9.77273 
             131.201 -5.74946  4.55021  54.8911 -0.0795136   -2.89107   0.109081 0 0 0 0.05512 0.02226 -0.0297   0.145652 0.00240648  0.0654251   0.0149853 -0.00206419  0.00814781  0.0150974 -0.0250272  -0.111426  0.752946 -0.377707  -9.77276 
               131.3 -5.34406  4.00103  54.9749 -0.0582924   -2.85729  0.0833205 0 0 0 0.05512 0.02226 -0.0297   0.198314   0.155764 -0.0253118   0.0157004 -0.00221106  0.00807358 0.0108148 -0.026749 -0.108299    0.7527 -0.376476  -9.77283 
               131.4 -4.63456  4.19393  55.5121 -0.0411547   -2.83008  0.0648997 0 0 0 0.05512 0.02226 -0.0297   0.107378   0.218188 -0.0962489  0.0161248  -0.002061 0.00840231 0.00950763 -0.0270362  -0.105093  0.752677 -0.376165  -9.77284 
               131.5 -4.92472  4.01187  56.4946 -0.0214056   -2.79908  0.0564594 0 0 0 0.05512 0.02226 -0.0297 0.0947647  0.289815 -0.105926   0.0159823 -0.00223887  0.00892491 0.00664485 -0.0257561  -0.107513  0.753228 -0.375385  -9.77283 
               131.6 -5.57529  4.65748  57.5204 -0.0268413   -2.78625  0.0687277 0 0 0 0.05512 0.02226 -0.0297 0.0907226  0.293038 0.0240467   0.0158642 -0.00228815  0.00892678   0.012648 -0.0266736  -0.111323  0.752644 -0.376933  -9.77282 
               131.7 -6.33179  5.47275  58.3417 -0.0182789   -2.77051   0.132879 0 0 0 0.05512 0.02226 -0.0297 -0.0738443   0.170848   0.428031   0.015023  -0.001871 0.00896773  0.0159916 -0.0233949  -0.122528   0.75346 -0.377805  -9.77272 
               131.8 -6.35583  6.39647  58.7058 -0.0527127    -2.7867   0.162135 0 0 0 0.05512 0.02226 -0.0297 -0.171589 0.0518404  0.531533   0.0150734 -0.00177133  0.00896602  0.0230034 -0.0250375  -0.119607  0.752592 -0.379763  -9.77271 
             131.901 -5.28948  6.23758  60.3439 -0.0509366   -2.74047   0.195851 0 0 0 0.05512 0.02226 -0.0297 -0.0898651   0.331014   0.580955   0.0151333 -0.00167255   0.0089754  0.0201733 -0.0253403  -0.118283  0.752644 -0.378985  -9.77274 
                 132 -4.71784  6.18126  62.1263 -0.000263413     -2.68111      0.18829 0 0 0 0.05512 0.02226 -0.0297 0.0451416  0.391135  0.231742    0.0156938 -0.000897623   0.00958033  0.0176649 -0.0236746  -0.116035   0.75321 -0.378422  -9.77271 
               132.1 -4.49138  5.74018  63.9092 0.0379973  -2.63964  0.194043 0 0 0 0.05512 0.02226 -0.0297 0.0857397  0.419237   0.24371    0.0154075 -0.000850409   0.00980643  0.0164384 -0.0215388  -0.115264  0.753848 -0.378182  -9.77267 
               132.2 -4.47498  5.91266  65.5093 0.0393067  -2.60804  0.204871 0 0 0 0.05512 0.02226 -0.0297 0.116604 0.436744 0.341628    0.0152908 -0.000905431   0.00978986  0.0175104 -0.0219539  -0.114137 0.753683  -0.3785 -9.77268 
             132.301 -5.30316  6.09466  66.8282 0.0237969  -2.61901     0.226 0 0 0 0.05512 0.02226 -0.0297 0.0577634  0.246141  0.294185    0.0146537 -0.000854196   0.00945786   0.022911 -0.0234988  -0.113991  0.753071 -0.379972  -9.77267 
               132.4 -5.35163  5.13163  67.4528 0.00391359   -2.61024   0.211022 0 0 0 0.05512 0.02226 -0.0297 -0.0506749   0.159379  0.0710929   0.014513 -0.0012664 0.00883994  0.0259577 -0.0262795  -0.109557  0.752157 -0.380863   -9.7727 
             132.501 -5.20965  4.69771  67.8586 -0.00868866    -2.60398    0.154476 0 0 0 0.05512 0.02226 -0.0297 -0.0480724   0.147259 -0.0522398   0.0149407 -0.00137868  0.00846415  0.0270657 -0.0279538 -0.0989006   0.75159 -0.381397  -9.77272 
               132.6 -4.70014  5.08326  68.2686 -0.000631414     -2.58054    0.0874749 0 0 0 0.05512 0.02226 -0.0297 -0.0758137   0.165343  -0.315288   0.0155685 -0.00119943   0.0085334  0.0252454 -0.0246081 -0.0891188  0.752539 -0.381191  -9.77266 
             132.701 -5.03584  4.68096  69.2195 0.0173048  -2.58602 0.0868605 0 0 0 0.05512 0.02226 -0.0297 0.0025969  0.141471 -0.317871  0.0158471  -0.001193 0.00860973  0.0251048 -0.0194549 -0.0885657  0.754008 -0.381273  -9.77254 
             132.804 -5.04407  4.67662  69.2067 0.00687554   -2.55616  0.0157678 0 0 0 0.05512 0.02226 -0.0297  -0.176826   0.153527 -0.0471886   0.0159042 -0.00118199  0.00862479  0.0249829 -0.0184329 -0.0883481  0.754301 -0.381265  -9.77252 
               132.9 -6.25096  3.76584  69.7959 0.0258073  -2.53469 0.0848126 0 0 0 0.05512 0.02226 -0.0297 0.0161257 0.0422961  0.146376   0.0159116 -0.00115471   0.0086106    0.02368 -0.0159843 -0.0950777  0.755046 -0.380797  -9.77248 
             133.001 -5.87981  4.60558  70.0294 0.0533818  -2.47134 0.0755689 0 0 0 0.05512 0.02226 -0.0297 0.0740085  0.287988 0.0270933   0.0162636 -0.00192065  0.00865697  0.0215101 -0.0156106 -0.0945569 0.755185 -0.38021 -9.77249 
             133.104 -5.17348  5.21745  70.9879 0.0831724  -2.45732 0.0580032 0 0 0 0.05512 0.02226 -0.0297  0.196373  0.333881 -0.081141   0.016797 -0.0024103 0.00901898  0.0211403 -0.0144391 -0.0932729   0.75552 -0.380146  -9.77247 
             133.203 -4.8389 5.28862  71.232  0.108341  -2.41173 0.0397575 0 0 0 0.05512 0.02226 -0.0297 0.0675783  0.341414 -0.131446   0.0173859 -0.00229781   0.0100747  0.0209812 -0.0136574 -0.0924218  0.755742 -0.380126  -9.77245 
             133.301 -4.36233   5.7069  73.8277 0.0956407  -2.42238 0.0623431 0 0 0 0.05512 0.02226 -0.0297 -0.00472578    0.228816   0.0788308  0.0171126 -0.0028984  0.0103914  0.0280085  -0.013848 -0.0964942 0.755618 -0.38199 -9.77239 
               133.4 -5.35982  6.33876   76.527 0.0525377  -2.39129  0.118297 0 0 0 0.05512 0.02226 -0.0297 -0.0352008   0.255298   0.333357   0.0160764 -0.00283985   0.0101877   0.029199 -0.0210972  -0.103839  0.753601 -0.382131  -9.77254 
             133.501 -5.41836  6.02626  77.9909 0.0588349  -2.38612  0.124261 0 0 0 0.05512 0.02226 -0.0297 0.0284152  0.110129  0.125747   0.0157348 -0.00292776   0.0102739  0.0306214 -0.0192831  -0.101996  0.754102 -0.382569  -9.77248 
               133.6 -5.72733  6.47574  79.0332 0.0479958  -2.38678 0.0985326 0 0 0 0.05512 0.02226 -0.0297 -0.0363079  0.0611192  0.0696772   0.0159418 -0.00319611   0.0099802  0.0324297 -0.0222953 -0.0947406  0.753252 -0.383241  -9.77252 
             133.701 -4.94125  6.09457  80.5299 0.0442715   -2.3646  0.096011 0 0 0 0.05512 0.02226 -0.0297 0.0733788  0.174346  0.371696  0.0160619 -0.0031962   0.010126   0.028399 -0.0231911 -0.0927538  0.752976 -0.382167  -9.77259 
               133.8  -4.747 5.65702  82.032 0.0820332  -2.33986 0.0926445 0 0 0 0.05512 0.02226 -0.0297   0.18123  0.127741 -0.089598  0.0160243 -0.0032404  0.0101579  0.0253632 -0.0180976 -0.0846236  0.754378 -0.381449  -9.77251 
               133.9 -4.58174  4.71601  85.8557 0.0944006   -2.3474 0.0757748 0 0 0 0.05512 0.02226 -0.0297 0.0924366 0.0636891 0.0482738   0.0159621 -0.00330012   0.0100082  0.0263033 -0.0181293 -0.0834928  0.754384 -0.381736   -9.7725 
             134.001 -5.29237  6.55426  88.4453 0.0876792  -2.29074  0.121269 0 0 0 0.05512 0.02226 -0.0297 0.0785686  0.184604  0.470122   0.0156386 -0.00359934  0.00984326   0.024481 -0.0186801 -0.0844567  0.754171 -0.381248  -9.77253 
             134.101 -4.56719  6.41369  90.2727 0.0934682  -2.26213  0.123774 0 0 0 0.05512 0.02226 -0.0297 0.107627  0.13324 0.125574   0.0156289 -0.00361294  0.00980957  0.0235897 -0.0190743 -0.0832019  0.754029 -0.381047  -9.77255 
             134.201 -4.41764  6.41309  92.1075 0.0643854  -2.25428 0.0664992 0 0 0 0.05512 0.02226 -0.0297 -0.012199  0.155434 0.0295113   0.0159425 -0.00419147  0.00951326  0.0236649 -0.0231933  -0.078119  0.752939 -0.381354  -9.77262 
             134.302 -3.92105  7.20697  93.5727 0.0338256  -2.20783 0.0579068 0 0 0 0.05512 0.02226 -0.0297   -0.148518    0.226069 -0.00974011  0.0162586 -0.0041254 0.00935875  0.0196472 -0.0263623 -0.0775492  0.751892 -0.380446  -9.77274 
             134.401  -4.058 7.08552 94.9795 0.0152352  -2.18032 0.0618592 0 0 0 0.05512 0.02226 -0.0297 -0.258082  0.174443 -0.190121    0.016325 -0.00402438  0.00926306  0.0181043 -0.0268294 -0.0796239  0.751683 -0.380017  -9.77277 
             134.505 -3.98287  7.11587  95.8101 0.00868832   -2.18025  0.0643569 0 0 0 0.05512 0.02226 -0.0297   -0.28619   0.173643 -0.0798942   0.0160782 -0.00416564  0.00905311  0.0193677 -0.0270523 -0.0809218   0.75169 -0.380342  -9.77276 
             134.603 -3.98055  7.15035  96.2924 -0.0382887    -2.1377  0.0795629 0 0 0 0.05512 0.02226 -0.0297 -0.191693    0.2171 0.0917994   0.0160339 -0.00399194  0.00856225  0.0201309 -0.0260857 -0.0825736   0.75199 -0.380457  -9.77273 
               134.7 -5.2186 7.58049 96.3724 -0.0290499   -2.13937  0.0931013 0 0 0 0.05512 0.02226 -0.0297 -0.148336   0.20822  0.146668   0.0159729 -0.00379501  0.00814263  0.0213783 -0.0230506 -0.0860317  0.752868 -0.380529  -9.77266 
               134.8 -5.20275  7.58104  96.4399 -0.0731435   -2.10357   0.145088 0 0 0 0.05512 0.02226 -0.0297 -0.328802  0.247754  0.583384   0.0159861 -0.00379464  0.00807326   0.021733 -0.0210956 -0.0858596  0.753413 -0.380505  -9.77262 
             134.901 -2.27976   7.1296  97.3417 -0.0674589   -2.07601   0.140955 0 0 0 0.05512 0.02226 -0.0297 -0.207751  0.223658  0.388948    0.016373 -0.00385985  0.00808991  0.0213595 -0.0183903 -0.0797561  0.754139 -0.380355  -9.77257 
             135.001 -2.59983  7.22927  98.0885 0.00206818   -2.06268  0.0866413 0 0 0 0.05512 0.02226 -0.0297  0.124268  0.148318 -0.140895   0.0171998 -0.00421932   0.0083289  0.0215951 -0.0162452 -0.0763655  0.754698 -0.380332  -9.77253 
               135.1 -3.29236  7.29705  98.3967 0.0220371  -2.03469 0.0569301 0 0 0 0.05512 0.02226 -0.0297   0.118619    0.27236 -0.0827671   0.0172413 -0.00427106   0.0083881  0.0213181  -0.015829 -0.0751461  0.754775 -0.380254  -9.77252 
               135.2 -4.87913  8.16512  98.6019 0.00743084   -2.01446  0.0938445 0 0 0 0.05512 0.02226 -0.0297  0.16201 0.176926 0.105527  0.0168423 -0.0041327  0.0081944  0.0216346 -0.0186209  -0.077653  0.754093 -0.380486  -9.77257 
               135.3 -4.96327  8.12398  98.3005 0.0024678  -2.00763 0.0910181 0 0 0 0.05512 0.02226 -0.0297   0.140946   0.107625 -0.0229677   0.0168226 -0.00412404  0.00769915   0.021632 -0.0217404 -0.0765868  0.753292 -0.380729  -9.77262 
               135.4 -4.72564  7.33125  98.3576 -0.000525681      -1.9875    0.0371342 0 0 0 0.05512 0.02226 -0.0297   0.082147   0.196135 -0.0931042   0.0179397 -0.00478438  0.00740812  0.0194454 -0.0256351 -0.0681227  0.752163 -0.380621  -9.77271 
               135.5 -3.78451  7.91597  98.7711 -0.016388  -1.97077 0.0411634 0 0 0 0.05512 0.02226 -0.0297 -0.0150017   0.213435  0.0868312  0.0182782 -0.0048316  0.0076823  0.0178639 -0.0310599 -0.0699439  0.750651 -0.380564  -9.77283 
               135.6 -3.90872  7.46396  98.9808 -0.0165342   -1.93553   0.024149 0 0 0 0.05512 0.02226 -0.0297 -0.0672823   0.161261   -0.28249   0.0183034 -0.00513371  0.00817808  0.0122689 -0.0286982 -0.0677686  0.750878 -0.379012  -9.77287 
               135.7 -3.97778  7.30649  99.4174 -0.0394706   -1.91124 0.00275823 0 0 0 0.05512 0.02226 -0.0297  0.325751  0.439118 -0.822253   0.0180896 -0.00518081   0.0082231  0.0124211 -0.0318801 -0.0727759   0.75005 -0.379177  -9.77293 
               135.8 -4.81152  7.53217  99.5712 -0.0317506   -1.89787 -0.0226919 0 0 0 0.05512 0.02226 -0.0297 0.375325 0.320915 -1.09087   0.0181228 -0.00513868  0.00822813  0.0182941 -0.0371047 -0.0834175  0.749082 -0.380834  -9.77294 
             135.901 -5.13607  8.20614  99.5939 -0.0220488    -1.8449 -0.0993078 0 0 0 0.05512 0.02226 -0.0297  0.206773  0.352409 -0.853742   0.0181638 -0.00515475   0.0081989  0.0174458 -0.0381693 -0.0858015  0.748741 -0.380649  -9.77297 
                 136 -4.46391  7.89604  99.8833 -0.0399797   -1.82507  -0.118163 0 0 0 0.05512 0.02226 -0.0297 0.087252 0.346611 -0.58985    0.018639 -0.00514254  0.00798789  0.0177495 -0.0389113 -0.0868244  0.748577 -0.380756  -9.77298 
               136.1 -3.5877 8.20145 100.371 -0.0501978   -1.81711  -0.104119 0 0 0 0.05512 0.02226 -0.0297 -0.0492727   0.201152  -0.368888   0.0188327 -0.00502657  0.00802501  0.0188411 -0.0395743 -0.0889875  0.748481 -0.381018  -9.77298 
             136.201 -3.73063  7.88692  100.944 -0.0633084   -1.80612 -0.0881148 0 0 0 0.05512 0.02226 -0.0297 -0.106344  0.175036 -0.199479  0.0188591 -0.0051524 0.00827702  0.0202797 -0.0401727 -0.0938747  0.748414 -0.381307  -9.77297 
               136.3 -3.89844  8.14746  101.481 -0.0763546   -1.78674 -0.0483142 0 0 0 0.05512 0.02226 -0.0297  -0.123366   0.233779 0.00656329  0.0187959 -0.0051376 0.00825367  0.0215128 -0.0398321  -0.101501  0.748552 -0.381429  -9.77296 
               136.4 -5.04136  8.79899  101.706   -0.0767431     -1.77752 -0.000914222 0 0 0 0.05512 0.02226 -0.0297 -0.035212  0.190638  0.204025   0.0184705 -0.00494593  0.00805846  0.0238969 -0.0383555  -0.109176  0.749048 -0.381741  -9.77291 
               136.5 -4.80658  8.03026  101.696 -0.0796678    -1.7552  0.0315949 0 0 0 0.05512 0.02226 -0.0297 0.00106298   0.137087   0.223685    0.018492 -0.00512583  0.00785685  0.0235395 -0.0386575  -0.110661 0.748942 -0.38165 -9.77292 
               136.6 -4.07403  8.12956  101.869 -0.0902835   -1.74091  0.0509874 0 0 0 0.05512 0.02226 -0.0297 -0.0927045   0.186123   0.194295   0.0188884 -0.00556287  0.00778278  0.0235855 -0.0409774   -0.10981  0.748394 -0.381853  -9.77295 
               136.7 -3.02292  8.71738  102.415 -0.101281  -1.71684 0.0720246 0 0 0 0.05512 0.02226 -0.0297 -0.292265  0.166739  0.406587   0.0190351 -0.00552492  0.00792376  0.0217941 -0.0406601  -0.110351  0.748334 -0.381391  -9.77297 
               136.8 -3.08482  9.17902  102.604 -0.080207   -1.7035  0.102252 0 0 0 0.05512 0.02226 -0.0297 -0.251299  0.054939  0.431107  0.0189206 -0.0054928 0.00795071  0.0240461 -0.0295852  -0.106824  0.751174 -0.381147  -9.77277 
             136.901 -2.52237   9.0515  103.099 -0.108829  -1.68767   0.11178 0 0 0 0.05512 0.02226 -0.0297 -0.275659  0.172902  0.438235   0.0189571 -0.00546099  0.00795437  0.0230271 -0.0294736  -0.103882  0.751134 -0.380957  -9.77278 
                 137 -3.42819  9.50269  103.273 -0.151302  -1.65982  0.147493 0 0 0 0.05512 0.02226 -0.0297 -0.28846  0.18689 0.427444   0.0189745 -0.00541979  0.00791899  0.0223234 -0.0301222   -0.10388  0.750928 -0.380843   -9.7728 
             137.101 -3.74281  8.96931  103.137 -0.160964  -1.63853  0.113603 0 0 0 0.05512 0.02226 -0.0297 -0.161922  0.204443  0.102692   0.0194346 -0.00534357  0.00755781  0.0220713 -0.0295303  -0.101644  0.751047 -0.380792  -9.77279 
             137.201 -3.41806  8.55806  103.376 -0.160999  -1.60924 0.0772558 0 0 0 0.05512 0.02226 -0.0297  -0.120272   0.314503 -0.0963569   0.0195668 -0.00533127  0.00755567  0.0211164 -0.0286567 -0.0995177  0.751179 -0.380557  -9.77279 
               137.3 -2.97451  8.79062  103.712  -0.15111  -1.56472 0.0423621 0 0 0 0.05512 0.02226 -0.0297 -0.0541468   0.220896  -0.243383   0.0200369 -0.00512573  0.00774697  0.0211287 -0.0264205 -0.0976951  0.751696 -0.380424  -9.77275 
               137.4 -3.28027  8.55043  104.743  -0.12761  -1.55607 0.0264493 0 0 0 0.05512 0.02226 -0.0297 0.0439431  0.236006 -0.290445   0.0202267 -0.00510707  0.00814813  0.0217553 -0.0226225 -0.0965337  0.752614 -0.380291  -9.77269 
               137.5 -3.21417  8.50121  104.865   -0.123672    -1.51459 -0.00222645 0 0 0 0.05512 0.02226 -0.0297  0.0535043   0.341899 0.00701917   0.0201221 -0.00507414  0.00825971  0.0220526 -0.0225065 -0.0963615  0.752664 -0.380353  -9.77268 
               137.6 -3.84465  9.10691  105.222 -0.126603  -1.49381 0.0394683 0 0 0 0.05512 0.02226 -0.0297   0.114879   0.245949 -0.0266162   0.0198273 -0.00491834  0.00814599 0.0241096 -0.025128 -0.104991  0.752204 -0.380853   -9.7727 
             137.701 -3.77306  8.54049   105.05 -0.137518  -1.48198 0.0230574 0 0 0 0.05512 0.02226 -0.0297   0.147373 0.00368573   -1.07258   0.0197345 -0.00497416  0.00780895 0.0252921 -0.030579 -0.102958  0.751076 -0.381607  -9.77276 
               137.8 -3.1733 7.71125 105.094  -0.178774   -1.49034 -0.0519554 0 0 0 0.05512 0.02226 -0.0297 -0.290407 -0.105384 -0.863689   0.0194802 -0.00495923  0.00777826  0.0245738 -0.0405501  -0.108823  0.748736 -0.382154  -9.77291 
               137.9 -3.27028  8.73307   105.73  -0.180129   -1.48488 -0.0480065 0 0 0 0.05512 0.02226 -0.0297  -0.273266 -0.0627141  -0.633053   0.0195097 -0.00496571  0.00779937  0.0242786 -0.0398387  -0.110759  0.748862 -0.381992  -9.77291 
             138.005 -3.01083  9.23065  105.409  -0.257663   -1.37781 -0.0773035 0 0 0 0.05512 0.02226 -0.0297 -0.376321  0.277827 -0.427411   0.0191496 -0.00618601  0.00828852  0.0202894 -0.0391616  -0.116062  0.748665 -0.380952  -9.77297 
               138.1 -3.33532  8.88592  106.663  -0.242834   -1.38929 -0.0423124 0 0 0 0.05512 0.02226 -0.0297 -0.197865  0.227409 0.0015526  0.0191143 -0.0062434 0.00819916  0.0220498 -0.0380453  -0.117623 0.749042 -0.38121 -9.77293 
               138.2 -3.62815   8.7272  106.747  -0.231047    -1.3883 -0.0156448 0 0 0 0.05512 0.02226 -0.0297  -0.101603     0.1513 -0.0171524    0.018941 -0.00615724  0.00770676   0.023512 -0.0365142  -0.119291  0.749482 -0.381365  -9.77289 
             138.301 -3.55371  8.24033  106.941 -0.241931  -1.37355 0.0126768 0 0 0 0.05512 0.02226 -0.0297 -0.0601821   0.136595   0.116228   0.0188535 -0.00589663   0.0072254  0.0245356 -0.0362657  -0.121734  0.749606 -0.381516  -9.77287 
               138.4 -2.95942  8.24783  106.991 -0.219198  -1.35527 0.0263758 0 0 0 0.05512 0.02226 -0.0297 -0.0176592   0.176442   0.269496   0.0194023 -0.00600006   0.0073589  0.0255858 -0.0310444  -0.121433  0.750814 -0.381308  -9.77279 
               138.5 -2.78613  7.93488  107.636 -0.200098  -1.34377 0.0416377 0 0 0 0.05512 0.02226 -0.0297  0.0653436  0.0972626 -0.0306771   0.0197135 -0.00609524  0.00750194  0.0272355 -0.0273353  -0.121699  0.751745 -0.381343  -9.77271 
               138.6 -3.00784  8.00772  108.021 -0.192437  -1.34065 0.0394474 0 0 0 0.05512 0.02226 -0.0297 0.0276268 0.0833469 0.0501121   0.0197327 -0.00621344  0.00770488  0.0275251 -0.0254785  -0.120951  0.752169 -0.381259  -9.77268 
               138.7 -3.01684  8.16681  108.131 -0.195303  -1.31574 0.0520456 0 0 0 0.05512 0.02226 -0.0297 0.00708081   0.256339   0.321035   0.0197338 -0.00622043  0.00772533  0.0248287 -0.0252192  -0.120057     0.752 -0.380679  -9.77272 
             138.801 -4.49428  9.12803  108.526 -0.203963   -1.2508  0.155652 0 0 0 0.05512 0.02226 -0.0297 0.120627 0.382167 0.560662    0.019752 -0.00633876  0.00772272  0.0197855 -0.0289231  -0.131343  0.750746 -0.379746  -9.77285 
             138.901 -3.5201  8.2028 108.302 -0.22779 -1.21777 0.158947 0 0 0 0.05512 0.02226 -0.0297 -0.0376647   0.407142   0.478839   0.0201985 -0.00654191  0.00769154  0.0186239 -0.0319884  -0.126865  0.750019 -0.379844   -9.7729 
             139.001 -2.89741  8.90704  108.858 -0.249854  -1.19198  0.148723 0 0 0 0.05512 0.02226 -0.0297 -0.161987  0.344505  0.361848   0.0205121 -0.00665267  0.00789917  0.0185827 -0.0333768  -0.123282  0.749749 -0.380017  -9.77292 
             139.101 -2.70679  8.15225   109.68 -0.245626  -1.17345  0.122303 0 0 0 0.05512 0.02226 -0.0297 -0.0706921   0.252146  0.0580976   0.0205873 -0.00682455  0.00816704  0.0186492 -0.0325081  -0.119783  0.749956 -0.380013   -9.7729 
             139.201 -2.66572   8.7675  110.005 -0.250406  -1.15262  0.102556 0 0 0 0.05512 0.02226 -0.0297 -0.072491  0.236747 0.0750279   0.0203078 -0.00708374  0.00834799   0.019701 -0.0326742   -0.11709  0.750029 -0.380291  -9.77289 
               139.3 -2.71285  8.60646  110.652 -0.270699  -1.14717 0.0927537 0 0 0 0.05512 0.02226 -0.0297 -0.0902905   0.232719  0.0395253   0.0200131 -0.00732454  0.00832747  0.0220092 -0.0362327  -0.113466  0.749521 -0.381149  -9.77289 
               139.4 -2.77947  7.87902  110.588 -0.282846  -1.14506 0.0552228 0 0 0 0.05512 0.02226 -0.0297 -0.119489  0.165734 -0.161724   0.0198121 -0.00748194  0.00800754  0.0245021 -0.0382063  -0.107032 0.749368 -0.38195 -9.77287 
               139.5 -2.65257  8.25429  110.982 -0.291386  -1.14152 0.0432137 0 0 0 0.05512 0.02226 -0.0297 -0.0926827   0.188982 -0.0838057   0.0197149 -0.00744772  0.00795845  0.0272611 -0.0393434  -0.106066  0.749391 -0.382632  -9.77284 
               139.6 -1.91009  8.88683  111.452 -0.297651   -1.1186 0.0258413 0 0 0 0.05512 0.02226 -0.0297  -0.100772   0.135682 -0.0938397   0.0199927 -0.00727234  0.00804044 0.0271833 -0.037924 -0.102615  0.749687 -0.382539  -9.77283 
               139.7 -2.05364  8.39722  112.328 -0.299237   -1.0919  0.022794 0 0 0 0.05512 0.02226 -0.0297  0.114127  0.146129 -0.425634   0.0200757 -0.00720851  0.00817495  0.0246113 -0.0354286  -0.105791  0.749945 -0.381731  -9.77284 
               139.8 -2.18793  8.93785  112.556  -0.288891   -1.09059 0.00764015 0 0 0 0.05512 0.02226 -0.0297   0.14093   0.20885 -0.278314    0.020013 -0.00719072  0.00817882   0.028753 -0.0384953  -0.111446  0.749696 -0.382764  -9.77282 
             139.901 -3.48045  8.97292  112.897  -0.289006    -1.0774 -0.0210354 0 0 0 0.05512 0.02226 -0.0297  0.136968  0.174781 -0.347125   0.0199668 -0.00716083  0.00814984  0.0288466 -0.0399802  -0.110548  0.749408 -0.382942  -9.77283 
             140.001 -3.24584  8.24175  112.672  -0.325997   -1.04844 -0.0407253 0 0 0 0.05512 0.02226 -0.0297 -0.0445986   0.198788  -0.326138   0.0198297 -0.00709395  0.00790557  0.0274788 -0.0420583  -0.111822  0.748858 -0.382856  -9.77288 
             140.101 -2.70327  8.16464  112.822  -0.355201   -1.02673 -0.0510309 0 0 0 0.05512 0.02226 -0.0297 -0.136409  0.269134 -0.224486  0.0202602 -0.0072263  0.0076046  0.0271155 -0.0435536  -0.112888  0.748525 -0.382916   -9.7729 
               140.2 -1.66628  8.88897  113.374  -0.365331   -1.00341 -0.0387459 0 0 0 0.05512 0.02226 -0.0297  -0.167698   0.191892 -0.0591132   0.0204619 -0.00699004  0.00759105  0.0277208 -0.0428158  -0.114744  0.748716 -0.382934  -9.77288 
               140.3 -1.77802  8.68233   113.89  -0.371878  -0.968803 -0.0459014 0 0 0 0.05512 0.02226 -0.0297  -0.13392    0.1891 -0.126756   0.0204819 -0.00703087  0.00793921  0.0260328 -0.0397324  -0.116176  0.749147 -0.382282  -9.77288 
               140.4 -2.42667  8.46176  114.361  -0.373082  -0.939406 -0.0358158 0 0 0 0.05512 0.02226 -0.0297  -0.118968   0.287677 -0.0144094   0.0202408 -0.00711969  0.00811175  0.0260834 -0.0363074  -0.119011  0.749808 -0.381908  -9.77284 
               140.5 -3.22349  9.04523  114.494 -0.391974 -0.911579 0.0126428 0 0 0 0.05512 0.02226 -0.0297 -0.0400473   0.309174   0.145312   0.0197178 -0.00687203  0.00791743  0.0261136 -0.0394705  -0.128302  0.749161 -0.382082  -9.77288 
               140.6 -3.09955  8.69088   114.18 -0.404694  -0.89905 0.0341408 0 0 0 0.05512 0.02226 -0.0297 -0.0645034    0.21841   0.127669   0.0197354 -0.00666959  0.00760059  0.0290537 -0.0435793  -0.129499  0.748652 -0.383044  -9.77288 
             140.701 -2.67347   8.3014  114.249 -0.421229 -0.883375 0.0400351 0 0 0 0.05512 0.02226 -0.0297 -0.152503  0.250243  0.258156   0.020391 -0.0068691  0.0075947  0.0299502 -0.0462137  -0.126682  0.748249 -0.383526   -9.7729 
               140.8 -2.47427  8.94598    114.6 -0.407882 -0.892286 0.0319303 0 0 0 0.05512 0.02226 -0.0297 -0.0204538  0.0306187  -0.103544   0.0204017 -0.00682754  0.00764033  0.0361425 -0.0440899  -0.122063  0.749302 -0.384569  -9.77278 
               140.9 -1.70643  9.25307   115.29 -0.403755 -0.888924 0.0168206 0 0 0 0.05512 0.02226 -0.0297 0.00896478 -0.0103885  -0.285792   0.0204086 -0.00682989  0.00767715  0.0359357 -0.0436568  -0.121128 0.749369  -0.3845 -9.77277 
                 141 -1.79824   8.8601  115.486  -0.385049  -0.864722 -0.0193624 0 0 0 0.05512 0.02226 -0.0297 0.0635023  0.157204 -0.126699   0.0198128 -0.00700496   0.0078307  0.0354538 -0.0427119  -0.120871  0.749501 -0.384318  -9.77277 
               141.1 -2.81719  8.96723  115.883  -0.403204  -0.828474 -0.0181237 0 0 0 0.05512 0.02226 -0.0297 0.0283459  0.232035 -0.124712   0.0196621 -0.00682942  0.00771852  0.0340242 -0.0435836  -0.121454  0.749192 -0.384135   -9.7728 
               141.2 -2.4468 8.53254 115.795  -0.429294  -0.807419 -0.0251698 0 0 0 0.05512 0.02226 -0.0297  -0.04264  0.257788 -0.124451    0.019681 -0.00696842  0.00728878  0.0329011 -0.0464706  -0.122607  0.748539 -0.384209  -9.77285 
               141.3 -2.20537  8.81239  116.199  -0.443219  -0.769516 -0.0292571 0 0 0 0.05512 0.02226 -0.0297  -0.123665   0.343034 0.00263646   0.0197459 -0.00689533  0.00723232  0.0317489 -0.0473658  -0.123823  0.74825 -0.38407 -9.77288 
               141.4 -0.612285   10.2595   116.988  -0.470159  -0.759234 -0.0226943 0 0 0 0.05512 0.02226 -0.0297 -0.193273  0.103354 0.0104647   0.0204194 -0.00648962  0.00733558 0.0334161 -0.051031 -0.123111  0.747746 -0.384766  -9.77289 
               141.5 -0.814971   9.62761   117.838  -0.479844  -0.733664 -0.0337974 0 0 0 0.05512 0.02226 -0.0297  -0.162228   0.156966 -0.0456687   0.0203735 -0.00656584  0.00777726  0.0298818 -0.0471161  -0.122096  0.748106 -0.383726   -9.7729 
               141.6 -1.49985  8.94445  118.134  -0.495429  -0.716156 -0.0146211 0 0 0 0.05512 0.02226 -0.0297 -0.189321  0.228886 0.0621465   0.0195734 -0.00667902   0.0078711  0.0295062 -0.0472049  -0.127439  0.748033 -0.383575  -9.77291 
               141.7 -2.28558   9.0907  118.094  -0.516593  -0.702384 0.00708092 0 0 0 0.05512 0.02226 -0.0297 -0.0660167   0.277812   0.184594   0.0192277 -0.00637662  0.00748064   0.033957 -0.0490609  -0.129127   0.74816 -0.384553  -9.77286 
             141.801 -2.91487  8.60176    117.5  -0.515956  -0.692494 0.00359073 0 0 0 0.05512 0.02226 -0.0297 -0.0164957   0.248064  0.0313545  0.0192149 -0.0063726 0.00746506  0.0347954 -0.0489239  -0.126983  0.748283 -0.384726  -9.77285 
             141.901 -2.74902  8.22973  117.413 -0.512044 -0.644679 0.0140863 0 0 0 0.05512 0.02226 -0.0297 -0.0503017   0.350063  0.0846644   0.0193104 -0.00655847  0.00757635  0.0345099 -0.0482866  -0.126767  0.748368 -0.384609  -9.77285 
                 142 -1.48122  9.22335  118.017 -0.526996 -0.637666 0.0258597 0 0 0 0.05512 0.02226 -0.0297 -0.0873902   0.120283  0.0240572   0.0193887 -0.00654021  0.00782382 0.0349485 -0.048752 -0.126583  0.748335 -0.384737  -9.77284 
               142.1 -1.76157  8.76068  118.666  -0.517737  -0.623331 -0.0104359 0 0 0 0.05512 0.02226 -0.0297 -0.0577894   0.114417 -0.0256095   0.0192186 -0.00670321  0.00807355  0.0349546 -0.0477104  -0.124805 0.748527 -0.38465 -9.77283 
               142.2 -2.25552  8.81628  118.995  -0.515798  -0.627229 -0.0209226 0 0 0 0.05512 0.02226 -0.0297 -0.0362298   0.100449   -0.03943   0.0189467 -0.00665787  0.00815355  0.0357983 -0.0477949  -0.123426  0.748608 -0.384823  -9.77282 
               142.3 -2.04446  8.60506  119.166  -0.527996  -0.602135 0.00640874 0 0 0 0.05512 0.02226 -0.0297 0.0738346  0.122369 0.0624246   0.0182908 -0.00608676  0.00797537  0.0355693 -0.0493183  -0.125705  0.748307 -0.384917  -9.77284 
               142.4 -2.57387  8.72685  118.483  -0.548365  -0.610096 -0.0112239 0 0 0 0.05512 0.02226 -0.0297 -0.0242154  0.0925216  0.0413989   0.0186673 -0.00625347  0.00758256  0.0359895 -0.0554021   -0.12246 0.747314 -0.38569 -9.77288 
               142.5  -2.052 8.66585 118.307  -0.570963  -0.595129 -0.0197682 0 0 0 0.05512 0.02226 -0.0297 -0.153412  0.141816  0.213811   0.0190328 -0.00642151  0.00749262  0.0334998 -0.0581363   -0.12039  0.746586 -0.385581  -9.77294 
               142.6 -1.67433  9.04686  118.292  -0.586988  -0.586965 -0.0179276 0 0 0 0.05512 0.02226 -0.0297  -0.142279  0.0213776 -0.0316548   0.0191495 -0.00634642  0.00748594 0.0328507 -0.058603 -0.119109  0.746443 -0.385536  -9.77296 
             142.701 -1.71612  8.64514  118.347  -0.596907  -0.574197 -0.0230692 0 0 0 0.05512 0.02226 -0.0297 -0.0449666  0.0260604  -0.470256   0.0191735 -0.00646299  0.00766464   0.031505 -0.0564767  -0.118967  0.746671 -0.385077  -9.77296 
             142.804 -2.59793   7.6126  118.242  -0.573547  -0.528548 -0.0569278 0 0 0 0.05512 0.02226 -0.0297 0.0575146  0.201636 -0.594854   0.0190299 -0.00656296  0.00764789  0.0251211 -0.0461012  -0.117583  0.747806 -0.382886  -9.77296 
               142.9 -2.18566  7.54057  118.318  -0.582548  -0.521669 -0.0726433 0 0 0 0.05512 0.02226 -0.0297 0.0911451  0.028196  -1.25292   0.0188342 -0.00662927  0.00760205  0.0267418 -0.0475159   -0.12431  0.747705 -0.383222  -9.77295 
                 143 -1.75022  8.42511  116.348  -0.59741 -0.507911  -0.15588 0 0 0 0.05512 0.02226 -0.0297 0.00402611   0.115345   -1.00261   0.0188937 -0.00665993  0.00758352  0.0264268 -0.0478182  -0.124951  0.747619 -0.383192  -9.77296 
               143.1 -1.83106  8.69584  115.287 -0.623963 -0.489942 -0.127501 0 0 0 0.05512 0.02226 -0.0297 -0.170242  0.212051  -0.71143   0.0192296 -0.00656711  0.00746003 0.0258022 -0.048401 -0.126969  0.747457 -0.383124  -9.77297 
               143.2 -1.88846  8.48251   115.11 -0.624881 -0.473363 -0.211223 0 0 0 0.05512 0.02226 -0.0297 0.0301575 0.0123034  -1.10712   0.0198062 -0.00603792  0.00729983   0.026553 -0.0480114  -0.129265  0.747587 -0.383185  -9.77296 
             143.301 -1.74983  7.77217  113.864 -0.593262 -0.460928 -0.257203 0 0 0 0.05512 0.02226 -0.0297  0.124713 0.0576765 -0.735983   0.0198185 -0.00609408  0.00737255  0.0270395 -0.0463399  -0.131601  0.747908 -0.383084  -9.77294 
             143.401 -2.04651  7.80827   112.54  -0.58897 -0.446073 -0.257117 0 0 0 0.05512 0.02226 -0.0297  0.109855  0.155621 -0.373573   0.0197789 -0.00612271  0.00743388  0.0270207 -0.0465144  -0.136287  0.747877 -0.383037  -9.77294 
               143.5 -2.66324   7.6548  111.078 -0.589732 -0.446968 -0.218151 0 0 0 0.05512 0.02226 -0.0297  0.104915 0.0694251 -0.336814   0.0194354 -0.00602637  0.00706607  0.0289706 -0.0486957  -0.145637  0.747671 -0.383436  -9.77294 
               143.6 -2.53024  7.59451  109.169 -0.579715 -0.451416 -0.180708 0 0 0 0.05512 0.02226 -0.0297   0.141727  0.0558306 0.00384255   0.0196472 -0.00617963  0.00676783 0.0320451 -0.048888 -0.154593  0.747876 -0.383866  -9.77291 
               143.7 -2.44047  8.14651  108.049 -0.571228 -0.417598 -0.137249 0 0 0 0.05512 0.02226 -0.0297 0.200621  0.30407 0.601354  0.0198493 -0.0059569 0.00687081  0.0281509 -0.0485755  -0.161992  0.747621 -0.383088  -9.77296 
               143.8 -1.88072  8.64613  106.546  -0.580434  -0.394956 -0.0668423 0 0 0 0.05512 0.02226 -0.0297 0.186269 0.359125 0.497494   0.0198427 -0.00593298  0.00684742  0.0281262 -0.0552676  -0.163923  0.746461 -0.383558  -9.77303 
               143.9 -2.17896  8.95517  105.488  -0.584181   -0.34341 -0.0307052 0 0 0 0.05512 0.02226 -0.0297 0.0809866   0.62666   0.72476   0.0198776 -0.00593827  0.00684763  0.0258231 -0.0550488  -0.165295  0.746339 -0.383126  -9.77306 
                 144 -2.20141  8.85418  105.112 -0.596154 -0.270705  0.103086 0 0 0 0.05512 0.02226 -0.0297 -0.0150174   0.599632   0.897484   0.0200121 -0.00566432  0.00689964  0.0264528 -0.0557282  -0.165427  0.746259 -0.383273  -9.77306 
             144.101 -3.30556  7.88269  102.845 -0.637741 -0.251455  0.148688 0 0 0 0.05512 0.02226 -0.0297 -0.119109  0.445802   0.62868   0.0199516 -0.00559202  0.00685948  0.0270277 -0.0570769  -0.164592  0.746055 -0.383445  -9.77307 
             144.201 -3.25776  7.99536  101.805  -0.64583 -0.244341  0.128682 0 0 0 0.05512 0.02226 -0.0297 -0.10387 0.364543 0.415049   0.0200897 -0.00580682  0.00670981  0.0285079 -0.0575673  -0.160127  0.746043 -0.383792  -9.77306 
             144.301 -2.42044  8.62033  100.799 -0.650192 -0.239833   0.11591 0 0 0 0.05512 0.02226 -0.0297 -0.18484 0.239576 0.397115   0.0205459 -0.00562145  0.00674925  0.0307836 -0.0574685  -0.154308  0.746166 -0.384262  -9.77303 
             144.401 -2.34612  7.92553  100.333 -0.633718 -0.256268 0.0878098 0 0 0 0.05512 0.02226 -0.0297 -0.0629368  0.0459453  0.0836851   0.0210393 -0.00602872   0.0070415  0.0354312 -0.0535578  -0.145851  0.747035 -0.385016  -9.77293 
               144.5 -3.02577  7.71071  99.2756 -0.609202 -0.247437  0.056083 0 0 0 0.05512 0.02226 -0.0297 0.0589992  0.112373  0.021198   0.0208303 -0.00612907  0.00738521  0.0350721 -0.0482166  -0.136994  0.747927 -0.384876  -9.77287 
             144.602 -3.50705  7.74602  97.9768 -0.607079 -0.240834 0.0387404 0 0 0 0.05512 0.02226 -0.0297  0.0941895   0.117367 -0.0401304   0.0205021 -0.00620923  0.00722508  0.0358968 -0.0500957  -0.131849  0.747628 -0.385168  -9.77288 
             144.701 -3.62967  7.37131  96.5827 -0.605119 -0.243955 0.0312667 0 0 0 0.05512 0.02226 -0.0297  0.229601  0.150326 -0.102382   0.0202026 -0.00605229   0.0064436  0.0389765 -0.0530467  -0.130886  0.747228 -0.385817  -9.77288 
               144.8 -3.32658   7.3196  95.9361  -0.575236   -0.24027 -0.0322342 0 0 0 0.05512 0.02226 -0.0297   0.23875  0.161805 -0.212083   0.0202555 -0.00602648  0.00634098  0.0403472 -0.0532358   -0.11912 0.747229 -0.38623 -9.77287 
               144.9 -2.25157  7.64517  94.1418  -0.588817  -0.193193 -0.0636418 0 0 0 0.05512 0.02226 -0.0297 0.0118533  0.274414 -0.248927   0.0202954 -0.00603375  0.00640036  0.0378495 -0.0549786   -0.11788  0.746857 -0.385865  -9.77291 
                 145 -2.57513   6.9886  93.0622 -0.566924 -0.128279 -0.125468 0 0 0 0.05512 0.02226 -0.0297  0.132472  0.394894 -0.442967  0.0205403 -0.0063245 0.00719976  0.0364968 -0.0543387  -0.117154   0.74694 -0.385634  -9.77291 
             145.101 -3.08773  6.84228  91.6703  -0.551495 -0.0818094  -0.135262 0 0 0 0.05512 0.02226 -0.0297  0.165747  0.468002 -0.274852 0.0200758   -0.0064 0.0078468  0.0364334 -0.0542979  -0.118302  0.746953 -0.385609  -9.77291 
               145.2 -4.00267    7.061  90.2802  -0.555437 -0.0554032  -0.122032 0 0 0 0.05512 0.02226 -0.0297  0.121987  0.365771 -0.107247   0.0197611 -0.00647585  0.00786118  0.0388081 -0.0568169  -0.120822 0.746562   -0.386 -9.77293 
               145.3 -3.75514  6.79024  88.6517  -0.564166 -0.0702517  -0.108063 0 0 0 0.05512 0.02226 -0.0297  0.0784269   0.204328 -0.0854348   0.0194135 -0.00647365  0.00737583  0.0461514 -0.0604686  -0.124165  0.746003 -0.387218  -9.77292 
             145.401 -3.4023 6.70976 87.6153   -0.57934 -0.0692545  -0.102771 0 0 0 0.05512 0.02226 -0.0297  0.0239882   0.199324 -0.0218657   0.0196083 -0.00646726  0.00717059 0.0505146 -0.065433 -0.125313  0.745182 -0.387954  -9.77296 
             145.501 -2.77797  7.01025  86.3815  -0.571916 -0.0703685 -0.0900387 0 0 0 0.05512 0.02226 -0.0297 -0.050383 0.0700968 0.0384541    0.019992 -0.00638272  0.00729113  0.0547045 -0.0624251   -0.12519  0.745689 -0.388663  -9.77289 
             145.601 -2.77516  6.54468  85.6922  -0.570619 -0.0625094 -0.0758998 0 0 0 0.05512 0.02226 -0.0297 -0.0533001  0.0354425  0.0832548  0.0198939 -0.0063791 0.00760151  0.0542915 -0.0604771  -0.128762  0.746037 -0.388556  -9.77287 
             145.701 -3.39554  6.18545  84.6733  -0.558687  -0.045742 -0.0602814 0 0 0 0.05512 0.02226 -0.0297 -0.0151477   0.135102   0.299625  0.0196018 -0.0065073 0.00792249  0.0513252 -0.0563826  -0.129757  0.746754 -0.388077  -9.77283 
               145.8 -3.85033  6.34882  83.9074   -0.55442 -0.0433249 -0.0260935 0 0 0 0.05512 0.02226 -0.0297 -0.0889609  0.0656078   0.764092   0.0195346 -0.00647335  0.00789798  0.0528908 -0.0544164  -0.128631  0.747062 -0.388374   -9.7728 
             145.901 -3.73877  6.50306  82.8695  -0.558795 -0.0250516  0.0469293 0 0 0 0.05512 0.02226 -0.0297 -0.0099878  0.0938502    0.74347   0.0195516 -0.00645284  0.00788543  0.0518404 -0.0543314  -0.128549  0.747091 -0.388201   -9.7728 
                 146 -3.57767  6.53205  81.6735  -0.555559 -0.0170412  0.0875106 0 0 0 0.05512 0.02226 -0.0297 0.0115203  0.146753  0.641667   0.0198534 -0.00655732  0.00826248  0.0517801 -0.0543295  -0.126905 0.747082 -0.38821  -9.7728 
               146.1 -3.23483  6.35769  80.4517  -0.55325 0.0158448  0.111634 0 0 0 0.05512 0.02226 -0.0297 -0.0522165   0.173741   0.472508   0.0203355 -0.00619617   0.0084986   0.050379 -0.0539611  -0.124232  0.747161 -0.388026   -9.7728 
               146.2 -3.30083  6.09864  79.6895  -0.53977  0.033084 0.0830893 0 0 0 0.05512 0.02226 -0.0297 0.00467029   0.176176   0.253461   0.0203915 -0.00618255  0.00874087  0.0489708 -0.0520016  -0.117749  0.747467 -0.387933  -9.77278 
               146.3 -3.57906  5.77444   78.893   -0.5208 0.0507909 0.0824581 0 0 0 0.05512 0.02226 -0.0297 0.110723 0.228628 0.197138   0.0203005 -0.00621733  0.00900561  0.0483337 -0.0493556  -0.112785  0.747872 -0.387968  -9.77275 
               146.4 -4.56221  5.86742  77.3195 -0.511103 0.0629619 0.0899454 0 0 0 0.05512 0.02226 -0.0297 0.138713 0.176295  0.19301   0.0200533 -0.00613232  0.00895042  0.0497593 -0.0496898  -0.109086  0.747744 -0.388226  -9.77275 
               146.5 -4.32068  5.58125  76.0822 -0.498818 0.0608129 0.0593291 0 0 0 0.05512 0.02226 -0.0297  0.183832 0.0842298 0.0335076   0.0201253 -0.00598758  0.00844472  0.0529245 -0.0502528  -0.099137 0.747472 -0.38882 -9.77275 
               146.6 -3.71236  5.98666  74.8268 -0.474233 0.0773238  0.021929 0 0 0 0.05512 0.02226 -0.0297    0.173366    0.164207 -0.00721723    0.020358 -0.00583924  0.00853226  0.0505907 -0.0505894 -0.0885035  0.747434 -0.388551  -9.77276 
               146.7 -2.72971  6.79097  73.4958  -0.483162  0.0840176 0.00745616 0 0 0 0.05512 0.02226 -0.0297    0.12844   0.192125 -0.0675813   0.0209985 -0.00541295  0.00875863  0.0485552 -0.0544463 -0.0839118  0.746875 -0.388114  -9.77282 
               146.8 -2.77904  6.73238  73.4875 -0.468553  0.119979 0.0310847 0 0 0 0.05512 0.02226 -0.0297 0.390606 0.242202 0.515778   0.0210699 -0.00533955  0.00877354  0.0488359 -0.0560297 -0.0834594  0.746609 -0.388095  -9.77284 
               146.9 -4.21733  7.93258  71.1282 -0.394432  0.103942 0.0656827 0 0 0 0.05512 0.02226 -0.0297 0.584348 0.124866 0.462263   0.0210005 -0.00523466   0.0087408  0.0513606 -0.0529608 -0.0813274  0.746942 -0.388667  -9.77279 
                 147 -4.84713  7.35567  69.3032 -0.402522  0.105927 0.0990328 0 0 0 0.05512 0.02226 -0.0297     0.34794 -0.00988684    0.331302   0.0200465 -0.00463496  0.00804503  0.0521933  -0.054967 -0.0806844  0.746587 -0.388679  -9.77282 
               147.1 -4.27566  6.00748  67.4453 -0.420775  0.118672 0.0619608 0 0 0 0.05512 0.02226 -0.0297   0.180165 0.00818217   0.119944  0.0199946 -0.0038686 0.00730646  0.0520543 -0.0577356 -0.0777629  0.746172 -0.388528  -9.77286 
               147.2 -3.47985  5.95191  65.3564 -0.429544  0.142131 0.0307958 0 0 0 0.05512 0.02226 -0.0297 0.0239458  0.142287 0.0975035   0.0200881 -0.00329153  0.00717528  0.0508206 -0.0610509 -0.0745203   0.74576 -0.388174   -9.7729 
               147.3 -2.68956  6.73069  63.4459  -0.420209   0.163536 -0.0606805 0 0 0 0.05512 0.02226 -0.0297  -0.15499 0.0801369 -0.361554  0.0209028 -0.0022784 0.00738837  0.0467665   -0.05967 -0.0622685  0.746113 -0.387912  -9.77289 
               147.4 -3.11159  5.89966  62.1484  -0.409112   0.177845 -0.0779614 0 0 0 0.05512 0.02226 -0.0297 -0.043761  0.117316 -0.222983   0.0205157 -0.00244941  0.00788982  0.0441212 -0.0563871 -0.0647525   0.74681 -0.387771  -9.77284 
               147.5 -3.65121   4.7945  60.7039 -0.379752  0.177702 -0.079017 0 0 0 0.05512 0.02226 -0.0297  0.122023 0.0747831 -0.094728   0.0199068 -0.00257513  0.00803936  0.0440482 -0.0501664 -0.0684752  0.747728 -0.388229  -9.77275 
               147.6 -4.1179 4.88456 58.2836 -0.370981  0.174401 -0.093188 0 0 0 0.05512 0.02226 -0.0297     0.149668 -0.000502426      -0.1646   0.0194968 -0.00244775  0.00796715  0.0457865 -0.0499076 -0.0677245  0.747604 -0.388494  -9.77275 
               147.7 -3.45566  3.89107  56.3995  -0.370798   0.183241 -0.0910825 0 0 0 0.05512 0.02226 -0.0297 0.0468531  0.117382  -0.68295   0.0196172 -0.00237176  0.00774854  0.0463834 -0.0533313 -0.0731039  0.747168 -0.388208  -9.77279 
               147.8 -1.86637  2.54837  53.9388  -0.39649  0.198387 -0.147972 0 0 0 0.05512 0.02226 -0.0297 -0.083321   0.17772 -0.435727   0.0196747 -0.00237598  0.00773283  0.0489412 -0.0589044 -0.0741282  0.746215 -0.387994  -9.77288 
               147.9 -1.25316  3.00297  52.0947 -0.423323  0.188986 -0.205646 0 0 0 0.05512 0.02226 -0.0297  -0.303889 -0.0238057  -0.727721    0.019806 -0.00240577  0.00773294  0.0502924 -0.0583106 -0.0747787 0.746162 -0.38822 -9.77287 
             148.001 -2.23431  2.71277  50.5145  -0.38103  0.173573 -0.190119 0 0 0 0.05512 0.02226 -0.0297 -0.0343818  -0.083638  -0.323096   0.0198727 -0.00315668  0.00827011  0.0493403  -0.056332 -0.0770293  0.746519 -0.388353  -9.77284 
               148.1 -2.5829 2.62075 49.1567 -0.370598  0.135079 -0.134948 0 0 0 0.05512 0.02226 -0.0297 0.0514508 -0.175034  0.144399   0.0194705 -0.00383381  0.00837011  0.0501352 -0.0550967 -0.0808716  0.746605 -0.388609  -9.77282 
               148.2 -3.40949  2.56719  46.1718  -0.369869   0.115456 -0.0929172 0 0 0 0.05512 0.02226 -0.0297 0.0514132 -0.243466  0.132334   0.0195246 -0.00401025  0.00827444  0.0513035 -0.0544955 -0.0852026  0.746584 -0.388818  -9.77282 
               148.3 -3.2973 2.59191 45.1122  -0.358162   0.101372 -0.0808275 0 0 0 0.05512 0.02226 -0.0297  0.133264 -0.180975  0.166598   0.0200765 -0.00424946  0.00788043  0.0497458 -0.0564031 -0.0855283  0.746592 -0.388428  -9.77283 
               148.4 -2.68717  2.78906  42.1811  -0.338936   0.132364 -0.0519128 0 0 0 0.05512 0.02226 -0.0297 0.0976805 0.0868073  0.415288   0.0203264 -0.00432886  0.00808563  0.0430522 -0.0617953 -0.0871575  0.746942 -0.387096  -9.77286 
               148.5 -2.10156  2.11238  41.2237  -0.343361   0.153214 -0.0302246 0 0 0 0.05512 0.02226 -0.0297 -0.00235867   0.0927939    0.109802   0.0210002 -0.00404661  0.00842168  0.0421466 -0.0650819 -0.0877161 0.746764 -0.38658 -9.77289 
               148.6 -2.84556  2.15026   40.903  -0.322054   0.161859 -0.0204333 0 0 0 0.05512 0.02226 -0.0297 0.0513079  0.114437  0.264794   0.0209204 -0.00418534  0.00906141  0.0383202 -0.0611666 -0.0861459  0.747596 -0.386769  -9.77282 
               148.7 -3.09674  2.48678  40.9172 -0.295166  0.168911 0.0130954 0 0 0 0.05512 0.02226 -0.0297 -0.0188129   0.141334  -0.111164   0.0205964 -0.00438695  0.00946849  0.0354733 -0.0568734 -0.0877326  0.748372 -0.387116  -9.77275 
               148.8 -2.46885  1.09244   40.437 -0.308537   0.16611 -0.032933 0 0 0 0.05512 0.02226 -0.0297 -0.0689832  0.0467348  -0.397201   0.0206047 -0.00436434  0.00947315  0.0387551 -0.0561546 -0.0816563  0.747887 -0.387487  -9.77277 
               148.9 -2.68765  1.41529  40.4116  -0.301923   0.188574 -0.0742974 0 0 0 0.05512 0.02226 -0.0297 0.0253566 0.0963017 -0.342741   0.0209469 -0.00459621  0.00959557  0.0371516 -0.0568101 -0.0805476  0.748039 -0.387265  -9.77277 
             149.001 -2.57798  2.02645  40.4365 -0.286732  0.199038 -0.101328 0 0 0 0.05512 0.02226 -0.0297  0.118805  0.137775 -0.396167   0.0214647 -0.00459648  0.00977467  0.0365353 -0.0565825 -0.0802565  0.748138 -0.387249  -9.77276 
               149.1 -2.33655  2.40316   40.478  -0.293358   0.222854 -0.0906917 0 0 0 0.05512 0.02226 -0.0297 -0.0635258   0.143137  -0.262516   0.0223728 -0.00457564   0.0100096  0.0370772 -0.0565504 -0.0826153  0.748095 -0.387302  -9.77276 
               149.2 -2.86934  1.96711  41.4909   -0.26412   0.229276 -0.0721763 0 0 0 0.05512 0.02226 -0.0297 0.0386386  0.117493 0.0222394   0.0221263 -0.00505685   0.0102311  0.0348991 -0.0532727 -0.0854126  0.748678 -0.387592   -9.7727 
             149.301 -3.3417 2.41123 41.9842  -0.252794   0.216932 -0.0534259 0 0 0 0.05512 0.02226 -0.0297 0.0868401  0.064452 0.0874351   0.0219139 -0.00520619   0.0102382   0.035255 -0.0493661 -0.0888305  0.748982 -0.388158  -9.77266 
               149.4 -3.31253  2.54266  42.0186  -0.220483   0.218793 -0.0236941 0 0 0 0.05512 0.02226 -0.0297    0.131907 -0.00479802   0.0370498   0.0215564 -0.00519695   0.0101173  0.0345805 -0.0484449  -0.089785  0.749158 -0.388231  -9.77264 
               149.5 -3.40971   2.3399  41.0894  -0.206868   0.218007 -0.0139913 0 0 0 0.05512 0.02226 -0.0297  0.198339 -0.052498  0.136157   0.0216783 -0.00534093  0.00999809  0.0345609 -0.0491765 -0.0895565  0.749099 -0.388131  -9.77265 
               149.6 -2.51285  2.96287  40.9334 -0.207503  0.225237 -0.024041 0 0 0 0.05512 0.02226 -0.0297   0.196802 -0.0111331  0.0683113   0.0219611 -0.00528079  0.00991257  0.0339265 -0.0516664 -0.0862826  0.748942 -0.387746  -9.77268 
               149.7 -2.69253  2.90882  40.9682  -0.175652   0.241463 -0.0375453 0 0 0 0.05512 0.02226 -0.0297   0.0910314 0.000136991   -0.221592    0.022612 -0.00518793  0.00977844  0.0313472 -0.0521099 -0.0799426  0.749167 -0.387484  -9.77267 
               149.8 -2.71267  2.40481  40.8507  -0.159761    0.24882 -0.0262752 0 0 0 0.05512 0.02226 -0.0297    0.127906   0.0181352 -0.00686662   0.0225419 -0.00543754  0.00980287  0.0298967 -0.0520751 -0.0838899  0.74942 -0.38737 -9.77266 
               149.9 -3.49056  2.66569  40.2811  -0.149912   0.248581 0.00430666 0 0 0 0.05512 0.02226 -0.0297    0.165765 0.000772546    0.212951   0.0221378 -0.00556068  0.00956606  0.0303215 -0.0520543 -0.0865073  0.749403 -0.387405  -9.77266 
             150.001 -3.55661  2.25409  39.2086  -0.143986    0.24458 0.00853769 0 0 0 0.05512 0.02226 -0.0297    0.115917  -0.0811653 -0.00679823   0.0219451 -0.00557109  0.00927405   0.030749 -0.0526862 -0.0863119  0.749295 -0.387352  -9.77267 
             150.101 -3.08398  2.32697  37.7701   -0.143014    0.259385 -0.00540934 0 0 0 0.05512 0.02226 -0.0297   0.121428 -0.0155095  0.0500372    0.022202 -0.00561485  0.00911963  0.0297353 -0.0546412   -0.08481  0.749268 -0.387014  -9.77268 
             150.199 -3.06749  2.43974  37.4409   -0.12514   0.269015 -0.0191461 0 0 0 0.05512 0.02226 -0.0297   0.225371  0.0381534 -0.0379249  0.0224736 -0.0053836 0.00908224  0.0282295 -0.0552972 -0.0829146  0.749399 -0.386819  -9.77268 
               150.3 -2.16154  2.64106  36.7433  -0.10834  0.290774 -0.024975 0 0 0 0.05512 0.02226 -0.0297 0.00623184  0.0422472  -0.102396   0.0229002 -0.00504373  0.00917879  0.0270705 -0.0575188 -0.0817419  0.749387 -0.386432   -9.7727 
               150.4 -3.07426  1.73835  35.8262 -0.0850644   0.297731 -0.0244838 0 0 0 0.05512 0.02226 -0.0297    0.070209   0.0165121 -0.00519153   0.0225984 -0.00529862  0.00934388  0.0231456 -0.0558588 -0.0816045   0.75004 -0.386401  -9.77265 
               150.5 -3.81602  1.85516  34.5417 -0.0756847    0.28592 0.00912032 0 0 0 0.05512 0.02226 -0.0297  0.0955524 -0.0556377   0.110807   0.0222367 -0.00524126  0.00911715  0.0245988 -0.0536082 -0.0869896  0.750061 -0.386816  -9.77263 
               150.6 -3.54733  1.45314  33.0825 -0.0818989   0.268522  0.0178591 0 0 0 0.05512 0.02226 -0.0297 0.0738218 -0.142062 0.0949159   0.0219598 -0.00514159  0.00885708  0.0285148 -0.0539986 -0.0869384  0.749483 -0.387004  -9.77267 
               150.7 -3.50962  1.27938    31.63 -0.0892674   0.258648  0.0219004 0 0 0 0.05512 0.02226 -0.0297 -0.00500047  -0.0702204   0.0514309   0.0221331 -0.00516044  0.00859555   0.030561 -0.0563537 -0.0857435  0.749035 -0.386782  -9.77271 
               150.8 -2.9562 1.82086 30.2102 -0.0861191   0.261841  0.0142659 0 0 0 0.05512 0.02226 -0.0297 -0.079927 0.0374134 0.0484029   0.0221325 -0.00517065  0.00858998  0.0289078 -0.0565607 -0.0805194    0.7492 -0.386661   -9.7727 
             150.901 -2.34642 0.780783  29.5237 -0.0945047   0.293028  0.0120064 0 0 0 0.05512 0.02226 -0.0297 -0.145667  0.168715 0.0204369    0.022161 -0.00532171    0.008763  0.0276483  -0.058105 -0.0801469  0.749303 -0.386367   -9.7727 
                 151 -2.64258 0.778064  28.7586 -0.0706081   0.300253  0.0301884 0 0 0 0.05512 0.02226 -0.0297 0.0171256  0.103034  0.116417   0.0218541 -0.00584917  0.00909921  0.0262557 -0.0568602 -0.0804013  0.749565 -0.386498  -9.77268 
             151.104 -2.79504 0.352453  27.6779 -0.0579965   0.288813  0.0231935 0 0 0 0.05512 0.02226 -0.0297 0.0752637 0.0638683  0.116924   0.0217146 -0.00601683   0.0091434  0.0260462  -0.055298 -0.0794763  0.749641 -0.386725  -9.77266 
             151.203  -2.7683 0.512348  27.2101 -0.0587723   0.256132  0.0244479 0 0 0 0.05512 0.02226 -0.0297    0.10096 -0.0749303  -0.104564   0.0213544 -0.00577418  0.00875147  0.0287341 -0.0522212 -0.0789614  0.749335 -0.387286  -9.77267 
             151.302     -2.58084 -0.000440345      25.8947 -0.0472895   0.238488  0.0172449 0 0 0 0.05512 0.02226 -0.0297   0.110022 -0.0646805  0.0904381    0.021484 -0.00575814  0.00874802  0.0296401 -0.0531556 -0.0779434  0.749156 -0.387169  -9.77268 
             151.401 -0.775376   1.84231   23.8309 -0.0635127   0.258867 0.00908174 0 0 0 0.05512 0.02226 -0.0297 -0.143278 0.0866425 0.0507318   0.0218255 -0.00552894  0.00876937  0.0308091 -0.0577289  -0.072814  0.748784 -0.386474  -9.77274 
             151.501 -1.12307  1.20219  23.3441 -0.0564603   0.276673 0.00511896 0 0 0 0.05512 0.02226 -0.0297 -0.081684 0.0837857 0.0457739   0.0218112 -0.00564397  0.00893166  0.0261603 -0.0579055 -0.0720097  0.749486 -0.386313  -9.77269 
               151.6 -1.77441 0.470306  22.7935 -0.0517787   0.275364  0.0269211 0 0 0 0.05512 0.02226 -0.0297 -0.00136291   0.0127469    0.123881   0.0214728 -0.00603689  0.00912458  0.0247605 -0.0555513 -0.0734786  0.749778 -0.386657  -9.77266 
               151.7 -2.53384 0.128574  21.5522 -0.0419284   0.256718  0.0302866 0 0 0 0.05512 0.02226 -0.0297  0.138976 -0.121808  0.096702   0.0214617 -0.00617371  0.00910645  0.0246872 -0.0518917 -0.0717931  0.749842 -0.387221  -9.77263 
               151.8 -2.79782  0.33325  21.0403 -0.0414806   0.202378  0.0348147 0 0 0 0.05512 0.02226 -0.0297 0.139642 -0.40215 0.142918  0.0213648 -0.0061529 0.00901252  0.0290375 -0.0482284 -0.0709052  0.749213 -0.387878  -9.77265 
               151.9 -1.92235 0.542581  19.6935 -0.014117  0.190972 0.0190583 0 0 0 0.05512 0.02226 -0.0297   0.17645 -0.167165  0.206338    0.021358 -0.00613715  0.00906048  0.0276031  -0.049911 -0.0687581  0.749391 -0.387576  -9.77265 
             152.003 -0.990784   1.65646   18.5459 -0.00998516    0.216299 -0.00335525 0 0 0 0.05512 0.02226 -0.0297  0.0903571  0.0163669 -0.0285522   0.0215676 -0.00595214  0.00917462  0.0270434 -0.0521612 -0.0664677  0.749435 -0.387202  -9.77266 
             152.101 -0.715289  0.710594   18.2545 0.00800979   0.249612 -0.0246176 0 0 0 0.05512 0.02226 -0.0297  0.0326515   0.119528 -0.0276728   0.0213389 -0.00620757  0.00978588  0.0256531 -0.0535805 -0.0662603  0.749645 -0.386967  -9.77265 
               152.2 -1.53036 0.568748  18.5291  0.0125414   0.241072 -0.0189799 0 0 0 0.05512 0.02226 -0.0297 0.0506414 0.0741681 0.0191394  0.0211757 -0.0063929  0.0100563  0.0254995 -0.0518631 -0.0670784  0.749683 -0.387246  -9.77264 
               152.3 -1.51744 0.564955  18.3387  0.0266134   0.252507 -0.0286602 0 0 0 0.05512 0.02226 -0.0297  0.0881039  0.0989515 -0.0909286   0.0211211 -0.00651362   0.0104335  0.0257458 -0.0516815 -0.0665871  0.749638 -0.387272  -9.77264 
               152.4   -1.58574 -0.0586272    18.6579  0.0192482   0.241482 -0.0318188 0 0 0 0.05512 0.02226 -0.0297  0.0919629 -0.0403251 0.00566252   0.0210985 -0.00641488   0.0103787  0.0286819 -0.0501324 -0.0670603  0.749184 -0.387529  -9.77267 
             152.501 -1.53939 0.510652  18.7762  0.0166382   0.233014 -0.0323027 0 0 0 0.05512 0.02226 -0.0297  0.0718643 -0.0104112   0.249609   0.0211868 -0.00630568   0.0104553  0.0310729 -0.0503942 -0.0666244 0.748802 -0.38749  -9.7727 
               152.6 -0.954067   1.45394   19.0995 0.00277754   0.235664 -0.0580757 0 0 0 0.05512 0.02226 -0.0297 -0.0372684    0.06069  -0.352226   0.0216404 -0.00623888    0.010629  0.0339763 -0.0513789 -0.0607841   0.74827 -0.387298  -9.77275 
               152.7 -1.35632 0.489328  19.8832 0.00380429   0.240204  -0.053069 0 0 0 0.05512 0.02226 -0.0297 -0.022819 0.0548928 -0.353341   0.0215905 -0.00641726    0.010862  0.0333943 -0.0519539 -0.0642696  0.748405 -0.387233  -9.77274 
               152.8 -0.554292 -0.183242   19.5545  0.0131382   0.227346 -0.0936243 0 0 0 0.05512 0.02226 -0.0297 -0.0193055  -0.117547  -0.427885   0.0211741 -0.00606469   0.0110368  0.0320749 -0.0486567 -0.0684472  0.748679 -0.387784   -9.7727 
               152.9  -1.9669 0.620529  19.5088 -0.0131146   0.208404 -0.0523546 0 0 0 0.05512 0.02226 -0.0297 -0.175653 -0.173595 0.0254082   0.0211704 -0.00608889   0.0110173  0.0346108 -0.0484238 -0.0761247  0.748387 -0.387905  -9.77271 
             153.001  -2.4797 0.754601  19.3045 -0.0356785   0.212239 -0.0231273 0 0 0 0.05512 0.02226 -0.0297 -0.185713 -0.090014   0.14765   0.0211334 -0.00611175   0.0109814  0.0346153 -0.0488969 -0.0768598  0.748393 -0.387839  -9.77272 
               153.1 -2.87292  0.40218  19.2385 -0.0307752   0.229838 -0.0163046 0 0 0 0.05512 0.02226 -0.0297 -0.0774002 0.00913991   0.160508   0.0211288 -0.00611651   0.0109789   0.034358 -0.0491093 -0.0768319  0.748427 -0.387807  -9.77271 
               153.2 -3.04525 0.158366  19.3516 -0.0330629   0.236584 0.00253641 0 0 0 0.05512 0.02226 -0.0297   0.0109629 -0.00568618    0.115598   0.0211398 -0.00609446   0.0109822  0.0342457 -0.0492692 -0.0766977  0.748441 -0.387783  -9.77271 
               153.3 -2.55896 0.318033  19.3464 -0.0453815   0.242485 -0.0154208 0 0 0 0.05512 0.02226 -0.0297 -0.0307722  0.0253489  0.0353294    0.021268 -0.00605155   0.0109627  0.0348369 -0.0499481 -0.0754725   0.74834 -0.387685  -9.77273 
               153.4 -2.48193 0.479373  19.3388 -0.0377005   0.243144  -0.017292 0 0 0 0.05512 0.02226 -0.0297 -0.0247716  0.0150871  0.0548845   0.0213954 -0.00591364   0.0109759    0.03407 -0.0494481 -0.0745885  0.748445 -0.387753  -9.77271 
               153.5 -1.94624 0.977975  19.3484 -0.0321944   0.243209 -0.0184582 0 0 0 0.05512 0.02226 -0.0297 -0.0333856  0.0180274  0.0306216   0.0214828 -0.00580201   0.0110133  0.0327618 -0.0488174 -0.0735739  0.748629 -0.387835   -9.7727 
               153.6 -1.96375  1.10407  19.3919 -0.0268196    0.23751 -0.0223919 0 0 0 0.05512 0.02226 -0.0297  -0.0201184 -0.00944179   0.0780761   0.0215275 -0.00577842   0.0109624  0.0313766 -0.0470857 -0.0714069  0.748816 -0.388075  -9.77267 
             153.701 -2.25122 0.853215  19.3961 -0.0255607   0.237193 -0.0153505 0 0 0 0.05512 0.02226 -0.0297  0.0120909 -0.0239078  0.0736071   0.0215715 -0.00579731   0.0109226  0.0307731 -0.0470459 -0.0713993  0.748904 -0.388077  -9.77267 
               153.8 -2.38084 0.567879  19.3229 -0.0192286   0.234629 -0.0175014 0 0 0 0.05512 0.02226 -0.0297  0.0454713 -0.0336577  0.0676597 0.0215652 -0.005796 0.0109212 0.0299305  -0.04684  -0.06942  0.749003 -0.388094  -9.77266 
               153.9 -2.49172 0.647386  19.3505 -0.0151966   0.230386 -0.0418956 0 0 0 0.05512 0.02226 -0.0297  0.0480888 -0.0479408  -0.049771   0.0215755 -0.00581216   0.0109333  0.0300301 -0.0470115 -0.0668011  0.748955 -0.388058  -9.77266 
                 154 -2.49514 0.698649  19.3782 -0.0125057   0.228915 -0.0607866 0 0 0 0.05512 0.02226 -0.0297  0.0349721 -0.0386597 -0.0897737  0.0215945 -0.0058129  0.0108987  0.0300385 -0.0471788 -0.0660692  0.748944 -0.388031  -9.77267 
               154.1 -2.51127 0.659067  19.4052 -0.0125966   0.233933 -0.0675973 0 0 0 0.05512 0.02226 -0.0297  0.0281865 -0.0150408  -0.091321   0.0216219 -0.00574224   0.0108998   0.030013 -0.0477476 -0.0658985  0.748943 -0.387949  -9.77267 
               154.2 -2.54033  0.63172  19.3683 -0.00923985    0.231294  -0.0763655 0 0 0 0.05512 0.02226 -0.0297  0.0331696 -0.0252636 -0.0823518   0.0216431 -0.00571032   0.0109335  0.0299843 -0.0476363 -0.0658295  0.748946 -0.387964  -9.77267 
               154.3  -2.5965 0.610104  19.4383 -0.0119827   0.230657 -0.0820486 0 0 0 0.05512 0.02226 -0.0297  0.0125821 -0.0257667 -0.0650205   0.0216826 -0.00568108    0.010854  0.0307018 -0.0481997 -0.0660184  0.748844 -0.387889  -9.77268 
               154.4 -2.60136  0.58896  19.4341 -0.0115086   0.229242 -0.0805119 0 0 0 0.05512 0.02226 -0.0297 0.00623174 -0.0261748 -0.0131769   0.0216969 -0.00563268   0.0108534  0.0307341 -0.0486695  -0.067539  0.748854 -0.387826  -9.77268 
               154.5 -2.56722 0.617702  19.4449 -0.0176611    0.23069 -0.0677331 0 0 0 0.05512 0.02226 -0.0297 -0.0134616 -0.0206353  0.0369501   0.0216303 -0.00564451   0.0108256   0.031709 -0.0497578 -0.0701229  0.748738 -0.387684   -9.7727 
               154.6 -2.62722 0.635597  19.4458 -0.0175718   0.227763 -0.0612074 0 0 0 0.05512 0.02226 -0.0297 -0.0111009 -0.0264348  0.0568682   0.0217078 -0.00564949   0.0108271  0.0315017 -0.0494425 -0.0706669 0.748775 -0.38773 -9.77269 
               154.7 -2.69058  0.58158  19.4305 -0.0253413   0.221924 -0.0507395 0 0 0 0.05512 0.02226 -0.0297 -0.0329391  -0.043696  0.0820415   0.0217694 -0.00557599   0.0108447  0.0329911 -0.0491915 -0.0716576  0.748577 -0.387778   -9.7727 
               154.8 -2.66843 0.581107  19.4555 -0.0240887   0.223786  -0.051611 0 0 0 0.05512 0.02226 -0.0297 -0.0252397  -0.031438   0.076534   0.0217659 -0.00557477   0.0108418  0.0325093 -0.0495965 -0.0714135   0.74864 -0.387716   -9.7727 
               154.9 -2.65209 0.582728  19.4572 -0.0289066   0.220075 -0.0349525 0 0 0 0.05512 0.02226 -0.0297 -0.0285796 -0.0310232    0.10365   0.0217637 -0.00557439   0.0108413  0.0323065 -0.0499712 -0.0712692  0.748665 -0.387661   -9.7727 
             155.001 -2.68305 0.591787  19.5137 -0.0341265   0.230427 -0.0315189 0 0 0 0.05512 0.02226 -0.0297 -0.0442223   0.015673   0.103201    0.021739 -0.00557204   0.0108245  0.0323061 -0.0504992 -0.0712009  0.748661 -0.387587  -9.77271 
               155.1 -2.66687 0.557439  19.5391 -0.0377307   0.237201  -0.028103 0 0 0 0.05512 0.02226 -0.0297 -0.0384437  0.0237126  0.0849957   0.0216935 -0.00550367   0.0107961  0.0321211 -0.0506491 -0.0706723   0.74868 -0.387563   -9.7727 
             155.201 -2.59445 0.566025  19.5991 -0.0266406   0.245885 -0.0296228 0 0 0 0.05512 0.02226 -0.0297 0.00555891  0.0365851  0.0679487   0.0215827 -0.00533667   0.0107152  0.0309539 -0.0508459 -0.0699186   0.74883 -0.387527  -9.77269 
               155.3  -2.6409 0.578549  19.5469 -0.0151818   0.244654 -0.0177901 0 0 0 0.05512 0.02226 -0.0297 0.0363697 0.0189269 0.0982048   0.0216993 -0.00526032   0.0107782  0.0298533 -0.0498511 -0.0705066  0.748992 -0.387658  -9.77268 
               155.4 -2.68724 0.549465  19.5741 -0.00900358    0.235765  -0.0120874 0 0 0 0.05512 0.02226 -0.0297   0.040138 -0.0182013  0.0969977   0.0218121 -0.00522678   0.0107523  0.0299997 -0.0480708   -0.06952  0.748972 -0.387901  -9.77267 
