#0 building with "default" instance using docker driver

#1 [internal] load build definition from Dockerfile
#1 transferring dockerfile: 2.74kB 0.0s done
#1 DONE 0.1s

#2 [internal] load metadata for docker.io/dustynv/ros:humble-ros-base-l4t-r36.2.0
#2 DONE 4.5s

#3 [internal] load .dockerignore
#3 transferring context: 2B done
#3 DONE 0.1s

#4 [ 1/15] FROM docker.io/dustynv/ros:humble-ros-base-l4t-r36.2.0@sha256:deb93c6463f98442081ad5f81ff7fc816cc4374a6a36de818f7647e93fe07def
#4 DONE 0.0s

#5 [ 4/15] RUN apt-get install -y     wget     curl     git     usbutils     && apt-get clean && rm -rf /var/lib/apt/lists/*
#5 CACHED

#6 [ 2/15] RUN apt-get update 2>/dev/null || true &&     apt-get install -y curl gnupg2 || true &&     curl -sSL https://raw.githubusercontent.com/ros/rosdistro/master/ros.key -o /usr/share/keyrings/ros-archive-keyring.gpg &&     echo "deb [arch=$(dpkg --print-architecture) signed-by=/usr/share/keyrings/ros-archive-keyring.gpg] http://packages.ros.org/ros2/ubuntu $(. /etc/os-release && echo $UBUNTU_CODENAME) main" | tee /etc/apt/sources.list.d/ros2.list > /dev/null
#6 CACHED

#7 [ 3/15] RUN apt-get clean &&     rm -rf /var/lib/apt/lists/* &&     apt-get update
#7 CACHED

#8 [ 5/15] RUN apt-get update && apt-get install -y     cmake     build-essential     python3-pip     python3-colcon-common-extensions     && apt-get clean && rm -rf /var/lib/apt/lists/*
#8 CACHED

#9 [internal] load build context
#9 transferring context: 39B done
#9 DONE 0.1s

#10 [ 6/15] RUN apt-get update && apt-get install -y     ros-humble-image-transport     ros-humble-pcl-conversions     ros-humble-pcl-ros     ros-humble-tf2     ros-humble-tf2-ros     ros-humble-sensor-msgs     ros-humble-geometry-msgs     && apt-get clean && rm -rf /var/lib/apt/lists/*
#10 1.684 Get:1 http://ports.ubuntu.com/ubuntu-ports jammy InRelease [270 kB]
#10 2.088 Get:2 http://packages.ros.org/ros2/ubuntu jammy InRelease [4,682 B]
#10 2.592 Get:3 http://packages.ros.org/ros2/ubuntu jammy/main arm64 Packages [1,698 kB]
#10 3.895 Get:4 http://ports.ubuntu.com/ubuntu-ports jammy-updates InRelease [128 kB]
#10 4.388 Get:5 http://ports.ubuntu.com/ubuntu-ports jammy-backports InRelease [127 kB]
#10 4.890 Get:6 http://ports.ubuntu.com/ubuntu-ports jammy-security InRelease [129 kB]
#10 5.388 Get:7 http://ports.ubuntu.com/ubuntu-ports jammy/restricted arm64 Packages [24.2 kB]
#10 5.439 Get:8 http://ports.ubuntu.com/ubuntu-ports jammy/main arm64 Packages [1,758 kB]
#10 6.557 Get:9 http://ports.ubuntu.com/ubuntu-ports jammy/universe arm64 Packages [17.2 MB]
#10 9.989 Get:10 http://ports.ubuntu.com/ubuntu-ports jammy/multiverse arm64 Packages [224 kB]
#10 10.01 Get:11 http://ports.ubuntu.com/ubuntu-ports jammy-updates/main arm64 Packages [3,724 kB]
#10 11.55 Get:12 http://ports.ubuntu.com/ubuntu-ports jammy-updates/multiverse arm64 Packages [46.0 kB]
#10 11.55 Get:13 http://ports.ubuntu.com/ubuntu-ports jammy-updates/restricted arm64 Packages [6,078 kB]
#10 12.29 Get:14 http://ports.ubuntu.com/ubuntu-ports jammy-updates/universe arm64 Packages [1,633 kB]
#10 12.54 Get:15 http://ports.ubuntu.com/ubuntu-ports jammy-backports/universe arm64 Packages [35.3 kB]
#10 12.54 Get:16 http://ports.ubuntu.com/ubuntu-ports jammy-backports/main arm64 Packages [83.5 kB]
#10 12.55 Get:17 http://ports.ubuntu.com/ubuntu-ports jammy-security/main arm64 Packages [3,407 kB]
#10 13.03 Get:18 http://ports.ubuntu.com/ubuntu-ports jammy-security/restricted arm64 Packages [5,886 kB]
#10 13.92 Get:19 http://ports.ubuntu.com/ubuntu-ports jammy-security/universe arm64 Packages [1,330 kB]
#10 14.17 Get:20 http://ports.ubuntu.com/ubuntu-ports jammy-security/multiverse arm64 Packages [39.5 kB]
#10 14.58 Fetched 43.8 MB in 14s (3,163 kB/s)
#10 14.58 Reading package lists...
#10 17.44 Reading package lists...
#10 20.18 Building dependency tree...
#10 21.25 Reading state information...
#10 22.89 The following additional packages will be installed:
#10 22.89   alsa-topology-conf alsa-ucm-conf autoconf automake autotools-dev
#10 22.89   avahi-daemon bind9-host bind9-libs ca-certificates-java cpp-11 default-jdk
#10 22.89   default-jdk-headless default-jre default-jre-headless
#10 22.89   default-libmysqlclient-dev file fonts-dejavu-extra freeglut3 g++-11 gcc-11
#10 22.89   gcc-11-base gdal-data geoclue-2.0 gfortran gfortran-11 glib-networking
#10 22.89   glib-networking-common glib-networking-services gsettings-desktop-schemas
#10 22.89   hdf5-helpers ibverbs-providers icu-devtools iio-sensor-proxy java-common
#10 22.89   javascript-common libaec-dev libaec0 libaom-dev libaom3 libarmadillo-dev
#10 22.89   libarmadillo10 libarpack2 libarpack2-dev libasan6 libasound2 libasound2-data
#10 22.89   libatk-wrapper-java libatk-wrapper-java-jni libavahi-client3
#10 22.89   libavahi-common-data libavahi-common3 libavahi-core7 libavahi-glib1
#10 22.89   libavcodec-dev libavformat-dev libavutil-dev libblas-dev libblosc-dev
#10 22.90   libblosc1 libboost-all-dev libboost-atomic-dev libboost-atomic1.74-dev
#10 22.90   libboost-atomic1.74.0 libboost-chrono-dev libboost-chrono1.74-dev
#10 22.90   libboost-chrono1.74.0 libboost-container-dev libboost-container1.74-dev
#10 22.90   libboost-container1.74.0 libboost-context-dev libboost-context1.74-dev
#10 22.90   libboost-context1.74.0 libboost-coroutine-dev libboost-coroutine1.74-dev
#10 22.90   libboost-coroutine1.74.0 libboost-date-time-dev libboost-date-time1.74-dev
#10 22.90   libboost-date-time1.74.0 libboost-exception-dev libboost-exception1.74-dev
#10 22.90   libboost-fiber-dev libboost-fiber1.74-dev libboost-fiber1.74.0
#10 22.90   libboost-filesystem-dev libboost-filesystem1.74-dev
#10 22.90   libboost-filesystem1.74.0 libboost-graph-dev libboost-graph-parallel-dev
#10 22.90   libboost-graph-parallel1.74-dev libboost-graph-parallel1.74.0
#10 22.90   libboost-graph1.74-dev libboost-graph1.74.0 libboost-iostreams-dev
#10 22.90   libboost-iostreams1.74-dev libboost-iostreams1.74.0 libboost-locale-dev
#10 22.90   libboost-locale1.74-dev libboost-locale1.74.0 libboost-log-dev
#10 22.90   libboost-log1.74-dev libboost-log1.74.0 libboost-math-dev
#10 22.90   libboost-math1.74-dev libboost-math1.74.0 libboost-mpi-dev
#10 22.90   libboost-mpi-python-dev libboost-mpi-python1.74-dev
#10 22.90   libboost-mpi-python1.74.0 libboost-mpi1.74-dev libboost-mpi1.74.0
#10 22.90   libboost-nowide-dev libboost-nowide1.74-dev libboost-nowide1.74.0
#10 22.90   libboost-numpy-dev libboost-numpy1.74-dev libboost-numpy1.74.0
#10 22.90   libboost-program-options-dev libboost-program-options1.74-dev
#10 22.90   libboost-program-options1.74.0 libboost-random-dev libboost-random1.74-dev
#10 22.90   libboost-random1.74.0 libboost-regex-dev libboost-regex1.74-dev
#10 22.90   libboost-regex1.74.0 libboost-serialization-dev
#10 22.90   libboost-serialization1.74-dev libboost-serialization1.74.0
#10 22.90   libboost-stacktrace-dev libboost-stacktrace1.74-dev
#10 22.90   libboost-stacktrace1.74.0 libboost-system-dev libboost-system1.74-dev
#10 22.90   libboost-system1.74.0 libboost-test-dev libboost-test1.74-dev
#10 22.90   libboost-test1.74.0 libboost-thread-dev libboost-thread1.74-dev
#10 22.90   libboost-thread1.74.0 libboost-timer-dev libboost-timer1.74-dev
#10 22.90   libboost-timer1.74.0 libboost-tools-dev libboost-type-erasure-dev
#10 22.90   libboost-type-erasure1.74-dev libboost-type-erasure1.74.0 libboost-wave-dev
#10 22.90   libboost-wave1.74-dev libboost-wave1.74.0 libboost1.74-tools-dev
#10 22.90   libbrotli-dev libcaf-openmpi-3 libcbor0.8 libcfitsio-dev libcfitsio-doc
#10 22.90   libcfitsio9 libcharls-dev libcharls2 libclang1-14 libcoarrays-dev
#10 22.90   libcoarrays-openmpi-dev libcurl4-openssl-dev libdaemon0 libdav1d-dev
#10 22.90   libde265-0 libde265-dev libdeflate-dev libdouble-conversion-dev
#10 22.90   libdouble-conversion3 libdrm-amdgpu1 libdrm-nouveau2 libdrm-radeon1 libedit2
#10 22.90   libegl-dev libegl-mesa0 libegl1 libevdev2 libevent-2.1-7 libevent-core-2.1-7
#10 22.90   libevent-dev libevent-extra-2.1-7 libevent-openssl-2.1-7
#10 22.90   libevent-pthreads-2.1-7 libfabric1 libfido2-1 libflann-dev libflann1.9
#10 22.90   libfontconfig-dev libfontconfig1-dev libfontenc1 libfreetype-dev
#10 22.90   libfreetype6 libfreetype6-dev libfreexl-dev libfreexl1 libfyba-dev libfyba0
#10 22.90   libgbm1 libgcc-11-dev libgdal-dev libgdal30 libgeos-c1v5 libgeos-dev
#10 22.90   libgeos3.10.2 libgeotiff-dev libgeotiff5 libgfortran-11-dev libgif-dev
#10 22.90   libgif7 libgl-dev libgl1 libgl1-amber-dri libgl1-mesa-dev libgl1-mesa-dri
#10 22.90   libgl2ps-dev libgl2ps1.4 libglapi-mesa libgles-dev libgles1 libgles2
#10 22.90   libglew-dev libglew2.2 libglu1-mesa libglu1-mesa-dev libglvnd-core-dev
#10 22.90   libglvnd-dev libglvnd0 libglx-dev libglx-mesa0 libglx0 libgudev-1.0-0
#10 22.90   libhdf4-0-alt libhdf4-alt-dev libhdf5-103-1 libhdf5-cpp-103-1 libhdf5-dev
#10 22.90   libhdf5-fortran-102 libhdf5-hl-100 libhdf5-hl-cpp-100 libhdf5-hl-fortran-100
#10 22.90   libhdf5-mpi-dev libhdf5-openmpi-103-1 libhdf5-openmpi-cpp-103-1
#10 22.90   libhdf5-openmpi-dev libhdf5-openmpi-fortran-102 libhdf5-openmpi-hl-100
#10 22.90   libhdf5-openmpi-hl-cpp-100 libhdf5-openmpi-hl-fortran-100 libheif-dev
#10 22.90   libheif1 libhwloc-dev libhwloc-plugins libhwloc15 libhyphen0 libibverbs-dev
#10 22.90   libibverbs1 libice-dev libicu-dev libinput-bin libinput10 libjbig-dev
#10 22.90   libjpeg-dev libjpeg-turbo8-dev libjpeg8-dev libjs-jquery-ui libjson-c-dev
#10 22.90   libjson-glib-1.0-0 libjson-glib-1.0-common libjsoncpp-dev libkml-dev
#10 22.90   libkmlbase1 libkmlconvenience1 libkmldom1 libkmlengine1 libkmlregionator1
#10 22.90   libkmlxsd1 liblapack-dev libllvm14 libllvm15 liblmdb0 libltdl-dev liblz4-dev
#10 22.90   liblzma-dev libmagic-mgc libmagic1 libmaxminddb0 libmbim-glib4 libmbim-proxy
#10 22.90   libmd4c0 libminizip-dev libminizip1 libmm-glib0 libmtdev1 libmysqlclient-dev
#10 22.90   libmysqlclient21 libnetcdf-c++4 libnetcdf-cxx-legacy-dev libnetcdf-dev
#10 22.90   libnetcdf19 libnl-3-200 libnl-3-dev libnl-genl-3-200 libnl-route-3-200
#10 22.90   libnl-route-3-dev libnotify4 libnspr4 libnss-mdns libnss3 libnuma-dev
#10 22.90   libodbc2 libodbccr2 libodbcinst2 libogdi-dev libogdi4.1 libogg-dev
#10 22.90   libopengl-dev libopengl0 libopenjp2-7 libopenjp2-7-dev libopenmpi-dev
#10 22.90   libopenmpi3 libopenni-dev libopenni-sensor-pointclouds0 libopenni0
#10 22.90   libopenni2-0 libopenni2-dev libpam-systemd libpcap0.8 libpciaccess0
#10 22.90   libpcl-apps1.12 libpcl-common1.12 libpcl-dev libpcl-features1.12
#10 22.90   libpcl-filters1.12 libpcl-io1.12 libpcl-kdtree1.12 libpcl-keypoints1.12
#10 22.90   libpcl-ml1.12 libpcl-octree1.12 libpcl-outofcore1.12 libpcl-people1.12
#10 22.90   libpcl-recognition1.12 libpcl-registration1.12 libpcl-sample-consensus1.12
#10 22.90   libpcl-search1.12 libpcl-segmentation1.12 libpcl-stereo1.12
#10 22.90   libpcl-surface1.12 libpcl-tracking1.12 libpcl-visualization1.12
#10 22.90   libpcre2-16-0 libpcre2-32-0 libpcre2-dev libpcre2-posix3 libpcsclite1
#10 22.90   libpmix-dev libpmix2 libpng-dev libpng-tools libpng16-16 libpoppler-dev
#10 22.90   libpoppler-private-dev libpoppler118 libpq-dev libpq5 libproj-dev libproj22
#10 22.90   libproxy1v5 libpthread-stubs0-dev libqhull-dev libqhull-r8.0 libqhull8.0
#10 22.90   libqhullcpp8.0 libqmi-glib5 libqmi-proxy libqt5concurrent5 libqt5core5a
#10 22.90   libqt5dbus5 libqt5designer5 libqt5designercomponents5 libqt5gui5 libqt5help5
#10 22.90   libqt5network5 libqt5opengl5 libqt5opengl5-dev libqt5positioning5
#10 22.90   libqt5printsupport5 libqt5qml5 libqt5qmlmodels5 libqt5qmlworkerscript5
#10 22.90   libqt5quick5 libqt5quickparticles5 libqt5quickshapes5 libqt5quicktest5
#10 22.90   libqt5quickwidgets5 libqt5sensors5 libqt5sql5 libqt5sql5-sqlite libqt5svg5
#10 22.90   libqt5test5 libqt5webchannel5 libqt5webkit5 libqt5webkit5-dev libqt5widgets5
#10 22.90   libqt5xml5 librdmacm1 librttopo-dev librttopo1 libsensors-config libsensors5
#10 22.90   libsigsegv2 libsm-dev libsoup2.4-1 libsoup2.4-common libspatialite-dev
#10 22.90   libspatialite7 libstdc++-11-dev libsuperlu-dev libsuperlu5 libswresample-dev
#10 22.90   libswscale-dev libsystemd0 libsz2 libtbb-dev libtcl8.6 libtheora-dev
#10 22.90   libtiff-dev libtiff5 libtiffxx5 libtk8.6 libtool libtsan0 libucx0 libudev1
#10 22.90   liburiparser-dev liburiparser1 libusb-1.0-0-dev libusb-1.0-doc libutempter0
#10 22.90   libutfcpp-dev libuuid1 libvtk9-dev libvtk9-java libvtk9-qt-dev libvtk9.1
#10 22.90   libvtk9.1-qt libvulkan-dev libvulkan1 libwacom-bin libwacom-common libwacom9
#10 22.90   libwayland-server0 libwebp-dev libwebpdemux2 libwoff1 libx11-dev libx11-xcb1
#10 22.90   libx265-dev libxau-dev libxcb-dri2-0 libxcb-dri3-0 libxcb-glx0 libxcb-icccm4
#10 22.90   libxcb-image0 libxcb-keysyms1 libxcb-present0 libxcb-randr0
#10 22.90   libxcb-render-util0 libxcb-shape0 libxcb-sync1 libxcb-util1 libxcb-xfixes0
#10 22.90   libxcb-xinerama0 libxcb-xinput0 libxcb-xkb1 libxcb1-dev libxdmcp-dev
#10 22.90   libxerces-c-dev libxerces-c3.2 libxext-dev libxft-dev libxft2
#10 22.90   libxkbcommon-x11-0 libxkbfile1 libxml2 libxml2-dev libxmuu1 libxnvctrl0
#10 22.90   libxrender-dev libxshmfence1 libxss-dev libxss1 libxt-dev libxtst6 libxv1
#10 22.90   libxxf86dga1 libxxf86vm1 m4 mesa-vulkan-drivers modemmanager mpi-default-bin
#10 22.90   mpi-default-dev mysql-common openjdk-11-jdk openjdk-11-jdk-headless
#10 22.90   openjdk-11-jre openjdk-11-jre-headless openmpi-bin openmpi-common
#10 22.90   openni-utils openssh-client poppler-data proj-bin proj-data python3-mpi4py
#10 22.90   python3-vtk9 qdoc-qt5 qhelpgenerator-qt5 qt5-assistant qt5-gtk-platformtheme
#10 22.90   qt5-qmake qt5-qmake-bin qt5-qmltooling-plugins qtattributionsscanner-qt5
#10 22.90   qtbase5-dev qtbase5-dev-tools qtchooser qtdeclarative5-dev
#10 22.90   qtdeclarative5-dev-tools qttools5-dev qttools5-dev-tools
#10 22.90   qttools5-private-dev qttranslations5-l10n ros-humble-action-msgs
#10 22.90   ros-humble-ament-cmake ros-humble-ament-cmake-core
#10 22.90   ros-humble-ament-cmake-export-definitions
#10 22.90   ros-humble-ament-cmake-export-dependencies
#10 22.90   ros-humble-ament-cmake-export-include-directories
#10 22.90   ros-humble-ament-cmake-export-interfaces
#10 22.90   ros-humble-ament-cmake-export-libraries
#10 22.90   ros-humble-ament-cmake-export-link-flags
#10 22.90   ros-humble-ament-cmake-export-targets ros-humble-ament-cmake-gen-version-h
#10 22.90   ros-humble-ament-cmake-gmock ros-humble-ament-cmake-gtest
#10 22.90   ros-humble-ament-cmake-include-directories ros-humble-ament-cmake-libraries
#10 22.90   ros-humble-ament-cmake-pytest ros-humble-ament-cmake-python
#10 22.90   ros-humble-ament-cmake-ros ros-humble-ament-cmake-target-dependencies
#10 22.90   ros-humble-ament-cmake-test ros-humble-ament-cmake-version
#10 22.90   ros-humble-ament-index-cpp ros-humble-ament-index-python
#10 22.90   ros-humble-ament-package ros-humble-builtin-interfaces
#10 22.90   ros-humble-class-loader ros-humble-composition-interfaces
#10 22.90   ros-humble-console-bridge-vendor ros-humble-domain-coordinator
#10 22.90   ros-humble-eigen3-cmake-module ros-humble-fastcdr ros-humble-fastrtps
#10 22.90   ros-humble-fastrtps-cmake-module ros-humble-foonathan-memory-vendor
#10 22.90   ros-humble-gmock-vendor ros-humble-gtest-vendor
#10 22.90   ros-humble-libstatistics-collector ros-humble-libyaml-vendor
#10 22.90   ros-humble-lifecycle-msgs ros-humble-message-filters
#10 22.90   ros-humble-orocos-kdl-vendor ros-humble-pcl-msgs ros-humble-pluginlib
#10 22.90   ros-humble-python-cmake-module ros-humble-rcl ros-humble-rcl-action
#10 22.90   ros-humble-rcl-interfaces ros-humble-rcl-lifecycle
#10 22.90   ros-humble-rcl-logging-interface ros-humble-rcl-logging-spdlog
#10 22.90   ros-humble-rcl-yaml-param-parser ros-humble-rclcpp ros-humble-rclcpp-action
#10 22.90   ros-humble-rclcpp-components ros-humble-rclpy ros-humble-rcpputils
#10 22.90   ros-humble-rcutils ros-humble-rmw ros-humble-rmw-dds-common
#10 22.90   ros-humble-rmw-fastrtps-cpp ros-humble-rmw-fastrtps-shared-cpp
#10 22.90   ros-humble-rmw-implementation ros-humble-rmw-implementation-cmake
#10 22.90   ros-humble-ros-workspace ros-humble-rosgraph-msgs ros-humble-rosidl-adapter
#10 22.90   ros-humble-rosidl-cli ros-humble-rosidl-cmake
#10 22.90   ros-humble-rosidl-default-runtime ros-humble-rosidl-generator-c
#10 22.90   ros-humble-rosidl-generator-cpp ros-humble-rosidl-generator-py
#10 22.90   ros-humble-rosidl-parser ros-humble-rosidl-runtime-c
#10 22.90   ros-humble-rosidl-runtime-cpp ros-humble-rosidl-typesupport-c
#10 22.90   ros-humble-rosidl-typesupport-cpp ros-humble-rosidl-typesupport-fastrtps-c
#10 22.90   ros-humble-rosidl-typesupport-fastrtps-cpp
#10 22.90   ros-humble-rosidl-typesupport-interface
#10 22.90   ros-humble-rosidl-typesupport-introspection-c
#10 22.90   ros-humble-rosidl-typesupport-introspection-cpp ros-humble-rpyutils
#10 22.90   ros-humble-spdlog-vendor ros-humble-statistics-msgs ros-humble-std-msgs
#10 22.90   ros-humble-tf2-geometry-msgs ros-humble-tf2-msgs ros-humble-tf2-py
#10 22.90   ros-humble-tf2-ros-py ros-humble-tinyxml2-vendor ros-humble-tracetools
#10 22.90   ros-humble-unique-identifier-msgs session-migration systemd systemd-hwe-hwdb
#10 22.90   systemd-sysv tcl tcl-dev tcl8.6 tcl8.6-dev tk tk-dev tk8.6 tk8.6-dev udev
#10 22.90   unixodbc-common unixodbc-dev usb-modeswitch usb-modeswitch-data uuid-dev
#10 22.90   vtk9 wpasupplicant x11-utils x11proto-dev xauth xbitmaps xorg-sgml-doctools
#10 22.90   xterm xtrans-dev
#10 22.91 Suggested packages:
#10 22.91   autoconf-archive gnu-standards autoconf-doc gettext avahi-autoipd
#10 22.91   gcc-11-locales gcc-11-doc gfortran-doc gfortran-11-doc apache2 | lighttpd
#10 22.91   | httpd libitpp-dev libasound2-plugins alsa-utils liblapack-doc
#10 22.91   libboost1.74-doc xsltproc doxygen docbook-xml docbook-xsl fop libcurl4-doc
#10 22.91   libidn11-dev libkrb5-dev libldap2-dev librtmp-dev libssh2-1-dev
#10 22.91   freetype2-doc libgdal-doc libgeotiff-epsg geotiff-bin gdal-bin glew-utils
#10 22.91   libhdf4-doc hdf4-tools libhdf5-doc libice-doc icu-doc libjs-jquery-ui-docs
#10 22.91   libtool-doc liblzma-doc mmdb-bin netcdf-bin netcdf-doc gnome-shell
#10 22.91   | notification-daemon avahi-autoipd | zeroconf odbc-postgresql tdsodbc
#10 22.91   ogdi-bin openmpi-doc openni-doc openni2-doc pciutils libpcl-doc pcscd
#10 22.91   postgresql-doc-14 qt5-image-formats-plugins qtwayland5 lm-sensors libsm-doc
#10 22.91   libstdc++-11-doc libsuperlu-doc libtbb-doc gcj-jdk vtk9-doc vtk9-examples
#10 22.91   java-virtual-machine libx11-doc libx265-doc libxcb-doc libxerces-c-doc
#10 22.91   libxext-doc libxt-doc m4-doc openjdk-11-demo openjdk-11-source visualvm
#10 22.91   fonts-ipafont-gothic fonts-ipafont-mincho fonts-wqy-microhei
#10 22.91   | fonts-wqy-zenhei fonts-indic keychain libpam-ssh monkeysphere ssh-askpass
#10 22.91   poppler-utils ghostscript fonts-japanese-mincho | fonts-ipafont-mincho
#10 22.91   fonts-japanese-gothic | fonts-ipafont-gothic fonts-arphic-ukai
#10 22.91   fonts-arphic-uming fonts-nanum mayavi2 qt5-doc firebird-dev
#10 22.91   systemd-container libtss2-esys-3.0.2-0 libtss2-mu0 libtss2-rc0 tcl-doc
#10 22.91   tcl-tclreadline tcl8.6-doc tk-doc tk8.6-doc comgt wvdial wpagui
#10 22.91   libengine-pkcs11-openssl mesa-utils xfonts-cyrillic
#10 22.91 Recommended packages:
#10 22.91   uuid-runtime networkd-dispatcher systemd-timesyncd | time-daemon
#10 22.91   libnss-systemd
#10 26.79 The following NEW packages will be installed:
#10 26.79   alsa-topology-conf alsa-ucm-conf autoconf automake autotools-dev
#10 26.79   avahi-daemon bind9-host bind9-libs ca-certificates-java default-jdk
#10 26.79   default-jdk-headless default-jre default-jre-headless
#10 26.79   default-libmysqlclient-dev file fonts-dejavu-extra freeglut3 gdal-data
#10 26.79   geoclue-2.0 gfortran gfortran-11 glib-networking glib-networking-common
#10 26.79   glib-networking-services gsettings-desktop-schemas hdf5-helpers
#10 26.79   ibverbs-providers icu-devtools iio-sensor-proxy java-common
#10 26.79   javascript-common libaec-dev libaec0 libaom-dev libarmadillo-dev
#10 26.79   libarmadillo10 libarpack2 libarpack2-dev libasound2 libasound2-data
#10 26.79   libatk-wrapper-java libatk-wrapper-java-jni libavahi-core7 libavahi-glib1
#10 26.79   libavcodec-dev libavformat-dev libavutil-dev libblas-dev libblosc-dev
#10 26.79   libblosc1 libboost-all-dev libboost-atomic-dev libboost-atomic1.74-dev
#10 26.79   libboost-atomic1.74.0 libboost-chrono-dev libboost-chrono1.74-dev
#10 26.79   libboost-chrono1.74.0 libboost-container-dev libboost-container1.74-dev
#10 26.79   libboost-container1.74.0 libboost-context-dev libboost-context1.74-dev
#10 26.79   libboost-context1.74.0 libboost-coroutine-dev libboost-coroutine1.74-dev
#10 26.79   libboost-coroutine1.74.0 libboost-date-time-dev libboost-date-time1.74-dev
#10 26.79   libboost-date-time1.74.0 libboost-exception-dev libboost-exception1.74-dev
#10 26.79   libboost-fiber-dev libboost-fiber1.74-dev libboost-fiber1.74.0
#10 26.79   libboost-filesystem-dev libboost-filesystem1.74-dev
#10 26.79   libboost-filesystem1.74.0 libboost-graph-dev libboost-graph-parallel-dev
#10 26.79   libboost-graph-parallel1.74-dev libboost-graph-parallel1.74.0
#10 26.79   libboost-graph1.74-dev libboost-graph1.74.0 libboost-iostreams-dev
#10 26.79   libboost-iostreams1.74-dev libboost-iostreams1.74.0 libboost-locale-dev
#10 26.79   libboost-locale1.74-dev libboost-locale1.74.0 libboost-log-dev
#10 26.79   libboost-log1.74-dev libboost-log1.74.0 libboost-math-dev
#10 26.79   libboost-math1.74-dev libboost-math1.74.0 libboost-mpi-dev
#10 26.79   libboost-mpi-python-dev libboost-mpi-python1.74-dev
#10 26.79   libboost-mpi-python1.74.0 libboost-mpi1.74-dev libboost-mpi1.74.0
#10 26.79   libboost-nowide-dev libboost-nowide1.74-dev libboost-nowide1.74.0
#10 26.79   libboost-numpy-dev libboost-numpy1.74-dev libboost-numpy1.74.0
#10 26.79   libboost-program-options-dev libboost-program-options1.74-dev
#10 26.79   libboost-program-options1.74.0 libboost-random-dev libboost-random1.74-dev
#10 26.79   libboost-random1.74.0 libboost-regex-dev libboost-regex1.74-dev
#10 26.79   libboost-regex1.74.0 libboost-serialization-dev
#10 26.79   libboost-serialization1.74-dev libboost-serialization1.74.0
#10 26.79   libboost-stacktrace-dev libboost-stacktrace1.74-dev
#10 26.79   libboost-stacktrace1.74.0 libboost-system-dev libboost-system1.74-dev
#10 26.79   libboost-system1.74.0 libboost-test-dev libboost-test1.74-dev
#10 26.79   libboost-test1.74.0 libboost-thread-dev libboost-thread1.74-dev
#10 26.79   libboost-thread1.74.0 libboost-timer-dev libboost-timer1.74-dev
#10 26.79   libboost-timer1.74.0 libboost-tools-dev libboost-type-erasure-dev
#10 26.79   libboost-type-erasure1.74-dev libboost-type-erasure1.74.0 libboost-wave-dev
#10 26.79   libboost-wave1.74-dev libboost-wave1.74.0 libboost1.74-tools-dev
#10 26.79   libbrotli-dev libcaf-openmpi-3 libcbor0.8 libcfitsio-dev libcfitsio-doc
#10 26.79   libcfitsio9 libcharls-dev libcharls2 libclang1-14 libcoarrays-dev
#10 26.79   libcoarrays-openmpi-dev libcurl4-openssl-dev libdaemon0 libdav1d-dev
#10 26.79   libde265-0 libde265-dev libdeflate-dev libdouble-conversion-dev
#10 26.79   libdouble-conversion3 libdrm-amdgpu1 libdrm-nouveau2 libdrm-radeon1 libedit2
#10 26.79   libegl-dev libegl-mesa0 libegl1 libevdev2 libevent-2.1-7 libevent-core-2.1-7
#10 26.79   libevent-dev libevent-extra-2.1-7 libevent-openssl-2.1-7
#10 26.79   libevent-pthreads-2.1-7 libfabric1 libfido2-1 libflann-dev libflann1.9
#10 26.79   libfontconfig-dev libfontconfig1-dev libfontenc1 libfreetype-dev
#10 26.79   libfreetype6-dev libfreexl-dev libfreexl1 libfyba-dev libfyba0 libgbm1
#10 26.79   libgdal-dev libgdal30 libgeos-c1v5 libgeos-dev libgeos3.10.2 libgeotiff-dev
#10 26.79   libgeotiff5 libgfortran-11-dev libgif-dev libgl-dev libgl1 libgl1-amber-dri
#10 26.79   libgl1-mesa-dev libgl1-mesa-dri libgl2ps-dev libgl2ps1.4 libglapi-mesa
#10 26.79   libgles-dev libgles1 libgles2 libglew-dev libglew2.2 libglu1-mesa
#10 26.79   libglu1-mesa-dev libglvnd-core-dev libglvnd-dev libglvnd0 libglx-dev
#10 26.79   libglx-mesa0 libglx0 libgudev-1.0-0 libhdf4-0-alt libhdf4-alt-dev
#10 26.79   libhdf5-103-1 libhdf5-cpp-103-1 libhdf5-dev libhdf5-fortran-102
#10 26.79   libhdf5-hl-100 libhdf5-hl-cpp-100 libhdf5-hl-fortran-100 libhdf5-mpi-dev
#10 26.79   libhdf5-openmpi-103-1 libhdf5-openmpi-cpp-103-1 libhdf5-openmpi-dev
#10 26.79   libhdf5-openmpi-fortran-102 libhdf5-openmpi-hl-100
#10 26.79   libhdf5-openmpi-hl-cpp-100 libhdf5-openmpi-hl-fortran-100 libheif-dev
#10 26.79   libheif1 libhwloc-dev libhwloc-plugins libhwloc15 libhyphen0 libibverbs-dev
#10 26.79   libibverbs1 libice-dev libicu-dev libinput-bin libinput10 libjbig-dev
#10 26.80   libjpeg-dev libjpeg-turbo8-dev libjpeg8-dev libjs-jquery-ui libjson-c-dev
#10 26.80   libjson-glib-1.0-0 libjson-glib-1.0-common libjsoncpp-dev libkml-dev
#10 26.80   libkmlbase1 libkmlconvenience1 libkmldom1 libkmlengine1 libkmlregionator1
#10 26.80   libkmlxsd1 liblapack-dev libllvm14 libllvm15 liblmdb0 libltdl-dev liblz4-dev
#10 26.80   liblzma-dev libmagic-mgc libmagic1 libmaxminddb0 libmbim-glib4 libmbim-proxy
#10 26.80   libmd4c0 libminizip-dev libminizip1 libmm-glib0 libmtdev1 libmysqlclient-dev
#10 26.80   libmysqlclient21 libnetcdf-c++4 libnetcdf-cxx-legacy-dev libnetcdf-dev
#10 26.80   libnetcdf19 libnl-3-200 libnl-3-dev libnl-genl-3-200 libnl-route-3-200
#10 26.80   libnl-route-3-dev libnotify4 libnspr4 libnss-mdns libnss3 libnuma-dev
#10 26.80   libodbc2 libodbccr2 libodbcinst2 libogdi-dev libogdi4.1 libogg-dev
#10 26.80   libopengl-dev libopengl0 libopenjp2-7-dev libopenmpi-dev libopenmpi3
#10 26.80   libopenni-dev libopenni-sensor-pointclouds0 libopenni0 libopenni2-0
#10 26.80   libopenni2-dev libpcap0.8 libpciaccess0 libpcl-apps1.12 libpcl-common1.12
#10 26.80   libpcl-dev libpcl-features1.12 libpcl-filters1.12 libpcl-io1.12
#10 26.80   libpcl-kdtree1.12 libpcl-keypoints1.12 libpcl-ml1.12 libpcl-octree1.12
#10 26.80   libpcl-outofcore1.12 libpcl-people1.12 libpcl-recognition1.12
#10 26.80   libpcl-registration1.12 libpcl-sample-consensus1.12 libpcl-search1.12
#10 26.80   libpcl-segmentation1.12 libpcl-stereo1.12 libpcl-surface1.12
#10 26.80   libpcl-tracking1.12 libpcl-visualization1.12 libpcre2-16-0 libpcre2-32-0
#10 26.80   libpcre2-dev libpcre2-posix3 libpcsclite1 libpmix-dev libpmix2 libpng-dev
#10 26.80   libpng-tools libpoppler-dev libpoppler-private-dev libpoppler118 libpq-dev
#10 26.80   libpq5 libproj-dev libproj22 libproxy1v5 libpthread-stubs0-dev libqhull-dev
#10 26.80   libqhull-r8.0 libqhull8.0 libqhullcpp8.0 libqmi-glib5 libqmi-proxy
#10 26.80   libqt5concurrent5 libqt5core5a libqt5dbus5 libqt5designer5
#10 26.80   libqt5designercomponents5 libqt5gui5 libqt5help5 libqt5network5
#10 26.80   libqt5opengl5 libqt5opengl5-dev libqt5positioning5 libqt5printsupport5
#10 26.80   libqt5qml5 libqt5qmlmodels5 libqt5qmlworkerscript5 libqt5quick5
#10 26.80   libqt5quickparticles5 libqt5quickshapes5 libqt5quicktest5
#10 26.80   libqt5quickwidgets5 libqt5sensors5 libqt5sql5 libqt5sql5-sqlite libqt5svg5
#10 26.80   libqt5test5 libqt5webchannel5 libqt5webkit5 libqt5webkit5-dev libqt5widgets5
#10 26.80   libqt5xml5 librdmacm1 librttopo-dev librttopo1 libsensors-config libsensors5
#10 26.80   libsigsegv2 libsm-dev libsoup2.4-1 libsoup2.4-common libspatialite-dev
#10 26.80   libspatialite7 libsuperlu-dev libsuperlu5 libswresample-dev libswscale-dev
#10 26.80   libsz2 libtbb-dev libtcl8.6 libtheora-dev libtiff-dev libtiffxx5 libtk8.6
#10 26.80   libtool libucx0 liburiparser-dev liburiparser1 libusb-1.0-0-dev
#10 26.80   libusb-1.0-doc libutempter0 libutfcpp-dev libvtk9-dev libvtk9-java
#10 26.80   libvtk9-qt-dev libvtk9.1 libvtk9.1-qt libvulkan-dev libvulkan1 libwacom-bin
#10 26.80   libwacom-common libwacom9 libwayland-server0 libwebp-dev libwebpdemux2
#10 26.80   libwoff1 libx11-dev libx11-xcb1 libx265-dev libxau-dev libxcb-dri2-0
#10 26.80   libxcb-dri3-0 libxcb-glx0 libxcb-icccm4 libxcb-image0 libxcb-keysyms1
#10 26.80   libxcb-present0 libxcb-randr0 libxcb-render-util0 libxcb-shape0 libxcb-sync1
#10 26.80   libxcb-util1 libxcb-xfixes0 libxcb-xinerama0 libxcb-xinput0 libxcb-xkb1
#10 26.80   libxcb1-dev libxdmcp-dev libxerces-c-dev libxerces-c3.2 libxext-dev
#10 26.80   libxft-dev libxft2 libxkbcommon-x11-0 libxkbfile1 libxml2-dev libxmuu1
#10 26.80   libxnvctrl0 libxrender-dev libxshmfence1 libxss-dev libxss1 libxt-dev
#10 26.80   libxtst6 libxv1 libxxf86dga1 libxxf86vm1 m4 mesa-vulkan-drivers modemmanager
#10 26.80   mpi-default-bin mpi-default-dev mysql-common openjdk-11-jdk
#10 26.80   openjdk-11-jdk-headless openjdk-11-jre openjdk-11-jre-headless openmpi-bin
#10 26.80   openmpi-common openni-utils openssh-client poppler-data proj-bin proj-data
#10 26.80   python3-mpi4py python3-vtk9 qdoc-qt5 qhelpgenerator-qt5 qt5-assistant
#10 26.80   qt5-gtk-platformtheme qt5-qmake qt5-qmake-bin qt5-qmltooling-plugins
#10 26.80   qtattributionsscanner-qt5 qtbase5-dev qtbase5-dev-tools qtchooser
#10 26.80   qtdeclarative5-dev qtdeclarative5-dev-tools qttools5-dev qttools5-dev-tools
#10 26.80   qttools5-private-dev qttranslations5-l10n ros-humble-action-msgs
#10 26.80   ros-humble-ament-cmake ros-humble-ament-cmake-core
#10 26.80   ros-humble-ament-cmake-export-definitions
#10 26.80   ros-humble-ament-cmake-export-dependencies
#10 26.80   ros-humble-ament-cmake-export-include-directories
#10 26.80   ros-humble-ament-cmake-export-interfaces
#10 26.80   ros-humble-ament-cmake-export-libraries
#10 26.80   ros-humble-ament-cmake-export-link-flags
#10 26.80   ros-humble-ament-cmake-export-targets ros-humble-ament-cmake-gen-version-h
#10 26.80   ros-humble-ament-cmake-gmock ros-humble-ament-cmake-gtest
#10 26.80   ros-humble-ament-cmake-include-directories ros-humble-ament-cmake-libraries
#10 26.80   ros-humble-ament-cmake-pytest ros-humble-ament-cmake-python
#10 26.80   ros-humble-ament-cmake-ros ros-humble-ament-cmake-target-dependencies
#10 26.80   ros-humble-ament-cmake-test ros-humble-ament-cmake-version
#10 26.80   ros-humble-ament-index-cpp ros-humble-ament-index-python
#10 26.80   ros-humble-ament-package ros-humble-builtin-interfaces
#10 26.80   ros-humble-class-loader ros-humble-composition-interfaces
#10 26.80   ros-humble-console-bridge-vendor ros-humble-domain-coordinator
#10 26.80   ros-humble-eigen3-cmake-module ros-humble-fastcdr ros-humble-fastrtps
#10 26.80   ros-humble-fastrtps-cmake-module ros-humble-foonathan-memory-vendor
#10 26.80   ros-humble-geometry-msgs ros-humble-gmock-vendor ros-humble-gtest-vendor
#10 26.80   ros-humble-image-transport ros-humble-libstatistics-collector
#10 26.80   ros-humble-libyaml-vendor ros-humble-lifecycle-msgs
#10 26.80   ros-humble-message-filters ros-humble-orocos-kdl-vendor
#10 26.80   ros-humble-pcl-conversions ros-humble-pcl-msgs ros-humble-pcl-ros
#10 26.80   ros-humble-pluginlib ros-humble-python-cmake-module ros-humble-rcl
#10 26.80   ros-humble-rcl-action ros-humble-rcl-interfaces ros-humble-rcl-lifecycle
#10 26.80   ros-humble-rcl-logging-interface ros-humble-rcl-logging-spdlog
#10 26.80   ros-humble-rcl-yaml-param-parser ros-humble-rclcpp ros-humble-rclcpp-action
#10 26.80   ros-humble-rclcpp-components ros-humble-rclpy ros-humble-rcpputils
#10 26.80   ros-humble-rcutils ros-humble-rmw ros-humble-rmw-dds-common
#10 26.80   ros-humble-rmw-fastrtps-cpp ros-humble-rmw-fastrtps-shared-cpp
#10 26.80   ros-humble-rmw-implementation ros-humble-rmw-implementation-cmake
#10 26.80   ros-humble-ros-workspace ros-humble-rosgraph-msgs ros-humble-rosidl-adapter
#10 26.80   ros-humble-rosidl-cli ros-humble-rosidl-cmake
#10 26.80   ros-humble-rosidl-default-runtime ros-humble-rosidl-generator-c
#10 26.80   ros-humble-rosidl-generator-cpp ros-humble-rosidl-generator-py
#10 26.80   ros-humble-rosidl-parser ros-humble-rosidl-runtime-c
#10 26.80   ros-humble-rosidl-runtime-cpp ros-humble-rosidl-typesupport-c
#10 26.80   ros-humble-rosidl-typesupport-cpp ros-humble-rosidl-typesupport-fastrtps-c
#10 26.80   ros-humble-rosidl-typesupport-fastrtps-cpp
#10 26.80   ros-humble-rosidl-typesupport-interface
#10 26.80   ros-humble-rosidl-typesupport-introspection-c
#10 26.80   ros-humble-rosidl-typesupport-introspection-cpp ros-humble-rpyutils
#10 26.80   ros-humble-sensor-msgs ros-humble-spdlog-vendor ros-humble-statistics-msgs
#10 26.80   ros-humble-std-msgs ros-humble-tf2 ros-humble-tf2-geometry-msgs
#10 26.80   ros-humble-tf2-msgs ros-humble-tf2-py ros-humble-tf2-ros
#10 26.80   ros-humble-tf2-ros-py ros-humble-tinyxml2-vendor ros-humble-tracetools
#10 26.80   ros-humble-unique-identifier-msgs session-migration systemd-hwe-hwdb tcl
#10 26.80   tcl-dev tcl8.6 tcl8.6-dev tk tk-dev tk8.6 tk8.6-dev udev unixodbc-common
#10 26.80   unixodbc-dev usb-modeswitch usb-modeswitch-data uuid-dev vtk9 wpasupplicant
#10 26.80   x11-utils x11proto-dev xauth xbitmaps xorg-sgml-doctools xterm xtrans-dev
#10 26.81 The following packages will be upgraded:
#10 26.81   cpp-11 g++-11 gcc-11 gcc-11-base libaom3 libasan6 libavahi-client3
#10 26.81   libavahi-common-data libavahi-common3 libfreetype6 libgcc-11-dev libgif7
#10 26.81   libopenjp2-7 libpam-systemd libpng16-16 libstdc++-11-dev libsystemd0
#10 26.81   libtiff5 libtsan0 libudev1 libuuid1 libxml2 systemd systemd-sysv
#10 27.83 24 upgraded, 637 newly installed, 0 to remove and 177 not upgraded.
#10 27.83 Need to get 506 MB of archives.
#10 27.83 After this operation, 1,914 MB of additional disk space will be used.
#10 27.83 Get:1 http://packages.ros.org/ros2/ubuntu jammy/main arm64 ros-humble-ros-workspace arm64 1.0.2-2jammy.20250701.005917 [16.7 kB]
#10 27.86 Get:2 http://ports.ubuntu.com/ubuntu-ports jammy-updates/main arm64 systemd-sysv arm64 249.11-0ubuntu3.17 [10.5 kB]
#10 28.24 Get:3 http://ports.ubuntu.com/ubuntu-ports jammy-updates/main arm64 libpam-systemd arm64 249.11-0ubuntu3.17 [205 kB]
#10 28.50 Get:4 http://packages.ros.org/ros2/ubuntu jammy/main arm64 ros-humble-fastcdr arm64 1.0.29-1jammy.20251212.092505 [42.3 kB]
#10 28.84 Get:5 http://packages.ros.org/ros2/ubuntu jammy/main arm64 ros-humble-ament-package arm64 0.14.1-1jammy.20250522.030919 [23.7 kB]
#10 28.85 Get:6 http://packages.ros.org/ros2/ubuntu jammy/main arm64 ros-humble-ament-cmake-core arm64 1.3.12-1jammy.20250701.005458 [29.1 kB]
#10 29.18 Get:7 http://packages.ros.org/ros2/ubuntu jammy/main arm64 ros-humble-ament-cmake-export-definitions arm64 1.3.12-1jammy.20250701.012646 [7,532 B]
#10 29.18 Get:8 http://packages.ros.org/ros2/ubuntu jammy/main arm64 ros-humble-ament-cmake-libraries arm64 1.3.12-1jammy.20250701.012656 [7,194 B]
#10 29.19 Get:9 http://packages.ros.org/ros2/ubuntu jammy/main arm64 ros-humble-ament-cmake-export-dependencies arm64 1.3.12-1jammy.20250701.013152 [9,062 B]
#10 29.20 Get:10 http://packages.ros.org/ros2/ubuntu jammy/main arm64 ros-humble-ament-cmake-export-include-directories arm64 1.3.12-1jammy.20250701.012659 [7,868 B]
#10 29.20 Get:11 http://packages.ros.org/ros2/ubuntu jammy/main arm64 ros-humble-ament-cmake-export-libraries arm64 1.3.12-1jammy.20250701.012702 [10.6 kB]
#10 29.20 Get:12 http://packages.ros.org/ros2/ubuntu jammy/main arm64 ros-humble-ament-cmake-export-interfaces arm64 1.3.12-1jammy.20250701.013209 [8,272 B]
#10 29.52 Get:13 http://packages.ros.org/ros2/ubuntu jammy/main arm64 ros-humble-ament-cmake-export-link-flags arm64 1.3.12-1jammy.20250701.012703 [7,140 B]
#10 29.52 Get:14 http://packages.ros.org/ros2/ubuntu jammy/main arm64 ros-humble-ament-cmake-export-targets arm64 1.3.12-1jammy.20250701.013336 [8,072 B]
#10 29.54 Get:15 http://packages.ros.org/ros2/ubuntu jammy/main arm64 ros-humble-ament-cmake-gen-version-h arm64 1.3.12-1jammy.20250701.014830 [9,246 B]
#10 29.54 Get:16 http://packages.ros.org/ros2/ubuntu jammy/main arm64 ros-humble-ament-cmake-python arm64 1.3.12-1jammy.20250701.012821 [10.6 kB]
#10 29.55 Get:17 http://packages.ros.org/ros2/ubuntu jammy/main arm64 ros-humble-ament-cmake-include-directories arm64 1.3.12-1jammy.20250701.012701 [7,564 B]
#10 29.57 Get:18 http://ports.ubuntu.com/ubuntu-ports jammy-updates/main arm64 systemd arm64 249.11-0ubuntu3.17 [4,416 kB]
#10 29.86 Get:19 http://packages.ros.org/ros2/ubuntu jammy/main arm64 ros-humble-ament-cmake-target-dependencies arm64 1.3.12-1jammy.20250701.013402 [9,788 B]
#10 29.86 Get:20 http://packages.ros.org/ros2/ubuntu jammy/main arm64 ros-humble-ament-cmake-test arm64 1.3.12-1jammy.20250701.013421 [16.9 kB]
#10 29.87 Get:21 http://packages.ros.org/ros2/ubuntu jammy/main arm64 ros-humble-ament-cmake-version arm64 1.3.12-1jammy.20250701.012904 [7,338 B]
#10 29.87 Get:22 http://packages.ros.org/ros2/ubuntu jammy/main arm64 ros-humble-ament-cmake arm64 1.3.12-1jammy.20250701.015401 [7,680 B]
#10 29.87 Get:23 http://packages.ros.org/ros2/ubuntu jammy/main arm64 ros-humble-ament-index-python arm64 1.4.0-2jammy.20250718.234622 [12.3 kB]
#10 29.87 Get:24 http://packages.ros.org/ros2/ubuntu jammy/main arm64 ros-humble-python-cmake-module arm64 0.10.0-2jammy.20250719.010756 [8,010 B]
#10 29.91 Get:25 http://packages.ros.org/ros2/ubuntu jammy/main arm64 ros-humble-rcutils arm64 5.1.8-1jammy.20251217.161601 [89.0 kB]
#10 30.23 Get:26 http://packages.ros.org/ros2/ubuntu jammy/main arm64 ros-humble-rosidl-typesupport-interface arm64 3.1.8-1jammy.20251212.144222 [8,908 B]
#10 30.23 Get:27 http://packages.ros.org/ros2/ubuntu jammy/main arm64 ros-humble-rosidl-runtime-c arm64 3.1.8-1jammy.20251217.203216 [26.6 kB]
#10 30.23 Get:28 http://packages.ros.org/ros2/ubuntu jammy/main arm64 ros-humble-rmw arm64 6.1.2-1jammy.20251217.203858 [67.5 kB]
#10 30.24 Get:29 http://packages.ros.org/ros2/ubuntu jammy/main arm64 ros-humble-rosidl-cli arm64 3.1.8-1jammy.20251212.144205 [18.9 kB]
#10 30.24 Get:30 http://packages.ros.org/ros2/ubuntu jammy/main arm64 ros-humble-rosidl-adapter arm64 3.1.8-1jammy.20251212.145132 [19.4 kB]
#10 30.25 Get:31 http://packages.ros.org/ros2/ubuntu jammy/main arm64 ros-humble-rosidl-parser arm64 3.1.8-1jammy.20251212.150307 [19.5 kB]
#10 30.26 Get:32 http://packages.ros.org/ros2/ubuntu jammy/main arm64 ros-humble-rosidl-cmake arm64 3.1.8-1jammy.20251212.151053 [16.7 kB]
#10 30.59 Get:33 http://packages.ros.org/ros2/ubuntu jammy/main arm64 ros-humble-rosidl-generator-c arm64 3.1.8-1jammy.20251217.203927 [20.1 kB]
#10 30.59 Get:34 http://packages.ros.org/ros2/ubuntu jammy/main arm64 ros-humble-rcpputils arm64 2.4.6-1jammy.20251217.202936 [52.4 kB]
#10 30.59 Get:35 http://packages.ros.org/ros2/ubuntu jammy/main arm64 ros-humble-rosidl-typesupport-c arm64 2.0.2-1jammy.20251218.104326 [24.0 kB]
#10 30.59 Get:36 http://packages.ros.org/ros2/ubuntu jammy/main arm64 ros-humble-rpyutils arm64 0.2.2-1jammy.20250919.232447 [6,238 B]
#10 30.60 Get:37 http://packages.ros.org/ros2/ubuntu jammy/main arm64 ros-humble-rosidl-generator-py arm64 0.14.6-1jammy.20251219.040936 [29.6 kB]
#10 30.96 Get:38 http://packages.ros.org/ros2/ubuntu jammy/main arm64 ros-humble-rosidl-runtime-cpp arm64 3.1.8-1jammy.20251218.103608 [15.6 kB]
#10 30.96 Get:39 http://packages.ros.org/ros2/ubuntu jammy/main arm64 ros-humble-rosidl-typesupport-cpp arm64 2.0.2-1jammy.20251218.105614 [23.3 kB]
#10 31.05 Get:40 http://packages.ros.org/ros2/ubuntu jammy/main arm64 ros-humble-gtest-vendor arm64 1.10.9006-1jammy.20250701.013855 [175 kB]
#10 31.37 Get:41 http://ports.ubuntu.com/ubuntu-ports jammy-updates/main arm64 libsystemd0 arm64 249.11-0ubuntu3.17 [313 kB]
#10 31.41 Get:42 http://ports.ubuntu.com/ubuntu-ports jammy-updates/main arm64 libavahi-client3 arm64 0.8-5ubuntu5.4 [27.4 kB]
#10 31.43 Get:43 http://ports.ubuntu.com/ubuntu-ports jammy-updates/main arm64 libavahi-common3 arm64 0.8-5ubuntu5.4 [23.4 kB]
#10 31.44 Get:44 http://ports.ubuntu.com/ubuntu-ports jammy-updates/main arm64 libavahi-common-data arm64 0.8-5ubuntu5.4 [24.0 kB]
#10 31.44 Get:45 http://packages.ros.org/ros2/ubuntu jammy/main arm64 ros-humble-ament-cmake-gtest arm64 1.3.12-1jammy.20250701.014335 [11.6 kB]
#10 31.44 Get:46 http://packages.ros.org/ros2/ubuntu jammy/main arm64 ros-humble-gmock-vendor arm64 1.10.9006-1jammy.20250701.014458 [93.5 kB]
#10 31.45 Get:47 http://packages.ros.org/ros2/ubuntu jammy/main arm64 ros-humble-ament-cmake-gmock arm64 1.3.12-1jammy.20250701.014927 [10.5 kB]
#10 31.45 Get:48 http://packages.ros.org/ros2/ubuntu jammy/main arm64 ros-humble-ament-cmake-pytest arm64 1.3.12-1jammy.20250701.014401 [9,956 B]
#10 31.45 Get:49 http://packages.ros.org/ros2/ubuntu jammy/main arm64 ros-humble-domain-coordinator arm64 0.10.0-3jammy.20250718.233247 [5,424 B]
#10 31.45 Get:50 http://ports.ubuntu.com/ubuntu-ports jammy-updates/main arm64 libavahi-core7 arm64 0.8-5ubuntu5.4 [86.7 kB]
#10 31.46 Get:51 http://packages.ros.org/ros2/ubuntu jammy/main arm64 ros-humble-ament-cmake-ros arm64 0.10.0-3jammy.20250719.004624 [8,160 B]
#10 31.46 Get:52 http://packages.ros.org/ros2/ubuntu jammy/main arm64 ros-humble-fastrtps-cmake-module arm64 2.2.4-1jammy.20251124.174104 [7,188 B]
#10 31.47 Get:53 http://ports.ubuntu.com/ubuntu-ports jammy/main arm64 libdaemon0 arm64 0.14-7.1ubuntu3 [14.1 kB]
#10 31.47 Get:54 http://ports.ubuntu.com/ubuntu-ports jammy/main arm64 libedit2 arm64 3.1-20210910-1build1 [96.0 kB]
#10 31.47 Get:55 http://ports.ubuntu.com/ubuntu-ports jammy/main arm64 liblmdb0 arm64 0.9.24-1build2 [49.0 kB]
#10 31.48 Get:56 http://ports.ubuntu.com/ubuntu-ports jammy/main arm64 libmaxminddb0 arm64 1.5.2-1build2 [24.9 kB]
#10 31.73 Get:57 http://ports.ubuntu.com/ubuntu-ports jammy-updates/main arm64 libxml2 arm64 2.9.13+dfsg-1ubuntu0.10 [728 kB]
#10 31.85 Get:58 http://packages.ros.org/ros2/ubuntu jammy/main arm64 ros-humble-rosidl-generator-cpp arm64 3.1.8-1jammy.20251218.104310 [22.5 kB]
#10 31.86 Get:59 http://packages.ros.org/ros2/ubuntu jammy/main arm64 ros-humble-rosidl-typesupport-fastrtps-cpp arm64 2.2.4-1jammy.20251218.105705 [25.8 kB]
#10 31.86 Get:60 http://packages.ros.org/ros2/ubuntu jammy/main arm64 ros-humble-rosidl-typesupport-fastrtps-c arm64 2.2.4-1jammy.20251218.111310 [24.2 kB]
#10 31.86 Get:61 http://packages.ros.org/ros2/ubuntu jammy/main arm64 ros-humble-rosidl-typesupport-introspection-c arm64 3.1.8-1jammy.20251218.103811 [22.7 kB]
#10 31.86 Get:62 http://packages.ros.org/ros2/ubuntu jammy/main arm64 ros-humble-rosidl-typesupport-introspection-cpp arm64 3.1.8-1jammy.20251218.104345 [22.9 kB]
#10 31.87 Get:63 http://packages.ros.org/ros2/ubuntu jammy/main arm64 ros-humble-rosidl-default-runtime arm64 1.2.0-2jammy.20251219.041625 [6,476 B]
#10 31.87 Get:64 http://packages.ros.org/ros2/ubuntu jammy/main arm64 ros-humble-builtin-interfaces arm64 1.2.2-1jammy.20251219.042407 [41.9 kB]
#10 31.88 Get:65 http://ports.ubuntu.com/ubuntu-ports jammy-updates/main arm64 bind9-libs arm64 1:9.18.39-0ubuntu0.22.04.2 [1,218 kB]
#10 32.08 Get:66 http://ports.ubuntu.com/ubuntu-ports jammy-updates/main arm64 bind9-host arm64 1:9.18.39-0ubuntu0.22.04.2 [52.1 kB]
#10 32.10 Get:67 http://ports.ubuntu.com/ubuntu-ports jammy-updates/main arm64 avahi-daemon arm64 0.8-5ubuntu5.4 [68.4 kB]
#10 32.10 Get:68 http://ports.ubuntu.com/ubuntu-ports jammy/universe arm64 libdouble-conversion3 arm64 3.1.7-4 [37.0 kB]
#10 32.12 Get:69 http://ports.ubuntu.com/ubuntu-ports jammy-updates/main arm64 libpcre2-16-0 arm64 10.39-3ubuntu0.1 [185 kB]
#10 32.17 Get:70 http://ports.ubuntu.com/ubuntu-ports jammy-updates/universe arm64 libqt5core5a arm64 5.15.3+dfsg-2ubuntu0.2 [1,925 kB]
#10 32.44 Get:71 http://packages.ros.org/ros2/ubuntu jammy/main arm64 ros-humble-unique-identifier-msgs arm64 2.2.1-3jammy.20251219.045056 [37.7 kB]
#10 32.44 Get:72 http://packages.ros.org/ros2/ubuntu jammy/main arm64 ros-humble-action-msgs arm64 1.2.2-1jammy.20251219.045637 [69.8 kB]
#10 32.46 Get:73 http://packages.ros.org/ros2/ubuntu jammy/main arm64 ros-humble-ament-index-cpp arm64 1.4.0-2jammy.20250719.005004 [22.3 kB]
#10 32.47 Get:74 http://packages.ros.org/ros2/ubuntu jammy/main arm64 ros-humble-console-bridge-vendor arm64 1.4.1-1jammy.20250719.012940 [5,378 B]
#10 32.47 Get:75 http://packages.ros.org/ros2/ubuntu jammy/main arm64 ros-humble-class-loader arm64 2.2.0-3jammy.20251217.204028 [45.8 kB]
#10 32.58 Get:76 http://ports.ubuntu.com/ubuntu-ports jammy/main arm64 libglvnd0 arm64 1.4.0-1 [61.0 kB]
#10 32.59 Get:77 http://ports.ubuntu.com/ubuntu-ports jammy-updates/main arm64 libwayland-server0 arm64 1.20.0-1ubuntu0.1 [34.1 kB]
#10 32.60 Get:78 http://ports.ubuntu.com/ubuntu-ports jammy/main arm64 libxcb-randr0 arm64 1.14-3ubuntu3 [18.4 kB]
#10 32.60 Get:79 http://ports.ubuntu.com/ubuntu-ports jammy-updates/main arm64 libgbm1 arm64 23.2.1-1ubuntu3.1~22.04.3 [33.7 kB]
#10 32.61 Get:80 http://ports.ubuntu.com/ubuntu-ports jammy-updates/main arm64 libglapi-mesa arm64 23.2.1-1ubuntu3.1~22.04.3 [52.2 kB]
#10 32.61 Get:81 http://ports.ubuntu.com/ubuntu-ports jammy-updates/main arm64 libx11-xcb1 arm64 2:1.7.5-1ubuntu0.3 [7,822 B]
#10 32.61 Get:82 http://ports.ubuntu.com/ubuntu-ports jammy/main arm64 libxcb-dri2-0 arm64 1.14-3ubuntu3 [7,242 B]
#10 32.78 Get:83 http://packages.ros.org/ros2/ubuntu jammy/main arm64 ros-humble-rcl-interfaces arm64 1.2.2-1jammy.20251219.043558 [221 kB]
#10 32.95 Get:84 http://ports.ubuntu.com/ubuntu-ports jammy/main arm64 libxcb-dri3-0 arm64 1.14-3ubuntu3 [6,922 B]
#10 32.96 Get:85 http://ports.ubuntu.com/ubuntu-ports jammy/main arm64 libxcb-present0 arm64 1.14-3ubuntu3 [5,724 B]
#10 32.96 Get:86 http://ports.ubuntu.com/ubuntu-ports jammy/main arm64 libxcb-sync1 arm64 1.14-3ubuntu3 [9,312 B]
#10 33.14 Get:87 http://packages.ros.org/ros2/ubuntu jammy/main arm64 ros-humble-composition-interfaces arm64 1.2.2-1jammy.20251219.044403 [90.0 kB]
#10 33.19 Get:88 http://packages.ros.org/ros2/ubuntu jammy/main arm64 ros-humble-eigen3-cmake-module arm64 0.1.1-4jammy.20250719.001118 [5,946 B]
#10 33.19 Get:89 http://packages.ros.org/ros2/ubuntu jammy/main arm64 ros-humble-foonathan-memory-vendor arm64 1.2.0-3jammy.20250719.002738 [764 kB]
#10 33.31 Get:90 http://ports.ubuntu.com/ubuntu-ports jammy/main arm64 libxcb-xfixes0 arm64 1.14-3ubuntu3 [10.0 kB]
#10 33.32 Get:91 http://ports.ubuntu.com/ubuntu-ports jammy/main arm64 libxshmfence1 arm64 1.3-1build4 [5,444 B]
#10 33.32 Get:92 http://ports.ubuntu.com/ubuntu-ports jammy-updates/main arm64 libegl-mesa0 arm64 23.2.1-1ubuntu3.1~22.04.3 [117 kB]
#10 33.35 Get:93 http://ports.ubuntu.com/ubuntu-ports jammy/main arm64 libegl1 arm64 1.4.0-1 [28.8 kB]
#10 33.35 Get:94 http://ports.ubuntu.com/ubuntu-ports jammy-updates/main arm64 libpng16-16 arm64 1.6.37-3ubuntu0.3 [190 kB]
#10 33.40 Get:95 http://ports.ubuntu.com/ubuntu-ports jammy-updates/main arm64 libfreetype6 arm64 2.11.1+dfsg-1ubuntu0.3 [382 kB]
#10 33.47 Get:96 http://ports.ubuntu.com/ubuntu-ports jammy/main arm64 libxcb-glx0 arm64 1.14-3ubuntu3 [26.1 kB]
#10 33.68 Get:97 http://packages.ros.org/ros2/ubuntu jammy/main arm64 ros-humble-fastrtps arm64 2.6.11-1jammy.20251222.183944 [2,722 kB]
#10 33.88 Get:98 http://ports.ubuntu.com/ubuntu-ports jammy/main arm64 libxxf86vm1 arm64 1:1.1.4-1build3 [10.3 kB]
#10 33.88 Get:99 http://ports.ubuntu.com/ubuntu-ports jammy-updates/main arm64 libdrm-amdgpu1 arm64 2.4.113-2~ubuntu0.22.04.1 [19.8 kB]
#10 33.89 Get:100 http://ports.ubuntu.com/ubuntu-ports jammy-updates/main arm64 libdrm-nouveau2 arm64 2.4.113-2~ubuntu0.22.04.1 [17.5 kB]
#10 34.20 Get:101 http://packages.ros.org/ros2/ubuntu jammy/main arm64 ros-humble-std-msgs arm64 4.9.0-1jammy.20251219.044450 [190 kB]
#10 34.21 Get:102 http://packages.ros.org/ros2/ubuntu jammy/main arm64 ros-humble-geometry-msgs arm64 4.9.0-1jammy.20251219.053203 [209 kB]
#10 34.25 Get:103 http://packages.ros.org/ros2/ubuntu jammy/main arm64 ros-humble-rcl-logging-interface arm64 2.3.1-1jammy.20251217.203813 [12.8 kB]
#10 34.25 Get:104 http://packages.ros.org/ros2/ubuntu jammy/main arm64 ros-humble-spdlog-vendor arm64 1.3.1-1jammy.20250719.011935 [6,238 B]
#10 34.25 Get:105 http://packages.ros.org/ros2/ubuntu jammy/main arm64 ros-humble-rcl-logging-spdlog arm64 2.3.1-1jammy.20251217.204457 [17.5 kB]
#10 34.25 Get:106 http://packages.ros.org/ros2/ubuntu jammy/main arm64 ros-humble-libyaml-vendor arm64 1.2.2-2jammy.20251217.204731 [67.7 kB]
#10 34.26 Get:107 http://packages.ros.org/ros2/ubuntu jammy/main arm64 ros-humble-rcl-yaml-param-parser arm64 5.3.11-1jammy.20251218.103429 [29.9 kB]
#10 34.27 Get:108 http://packages.ros.org/ros2/ubuntu jammy/main arm64 ros-humble-rmw-implementation-cmake arm64 6.1.2-1jammy.20250719.011039 [8,876 B]
#10 34.27 Get:109 http://ports.ubuntu.com/ubuntu-ports jammy-updates/main arm64 libdrm-radeon1 arm64 2.4.113-2~ubuntu0.22.04.1 [21.2 kB]
#10 34.27 Get:110 http://ports.ubuntu.com/ubuntu-ports jammy-updates/main arm64 libllvm15 arm64 1:15.0.7-0ubuntu0.22.04.3 [24.2 MB]
#10 34.30 Get:111 http://packages.ros.org/ros2/ubuntu jammy/main arm64 ros-humble-rmw-dds-common arm64 1.6.0-2jammy.20251219.094327 [94.0 kB]
#10 34.76 Get:112 http://packages.ros.org/ros2/ubuntu jammy/main arm64 ros-humble-tracetools arm64 4.1.1-1jammy.20250719.005538 [18.0 kB]
#10 34.76 Get:113 http://packages.ros.org/ros2/ubuntu jammy/main arm64 ros-humble-rmw-fastrtps-shared-cpp arm64 6.2.9-1jammy.20251222.190313 [158 kB]
#10 34.77 Get:114 http://packages.ros.org/ros2/ubuntu jammy/main arm64 ros-humble-rmw-fastrtps-cpp arm64 6.2.9-1jammy.20251222.191135 [91.7 kB]
#10 34.79 Get:115 http://packages.ros.org/ros2/ubuntu jammy/main arm64 ros-humble-rmw-implementation arm64 2.8.5-1jammy.20251222.191806 [25.3 kB]
#10 34.79 Get:116 http://packages.ros.org/ros2/ubuntu jammy/main arm64 ros-humble-rcl arm64 5.3.11-1jammy.20251222.192257 [144 kB]
#10 34.81 Get:117 http://packages.ros.org/ros2/ubuntu jammy/main arm64 ros-humble-statistics-msgs arm64 1.2.2-1jammy.20251219.044502 [58.3 kB]
#10 34.81 Get:118 http://packages.ros.org/ros2/ubuntu jammy/main arm64 ros-humble-libstatistics-collector arm64 1.3.4-1jammy.20251222.193516 [25.0 kB]
#10 34.83 Get:119 http://packages.ros.org/ros2/ubuntu jammy/main arm64 ros-humble-rosgraph-msgs arm64 1.2.2-1jammy.20251219.044342 [36.2 kB]
#10 34.83 Get:120 http://packages.ros.org/ros2/ubuntu jammy/main arm64 ros-humble-rclcpp arm64 16.0.17-1jammy.20251227.170147 [608 kB]
#10 35.24 Get:121 http://packages.ros.org/ros2/ubuntu jammy/main arm64 ros-humble-rcl-action arm64 5.3.11-1jammy.20251222.193516 [47.6 kB]
#10 35.25 Get:122 http://packages.ros.org/ros2/ubuntu jammy/main arm64 ros-humble-lifecycle-msgs arm64 1.2.2-1jammy.20251219.042736 [110 kB]
#10 35.25 Get:123 http://packages.ros.org/ros2/ubuntu jammy/main arm64 ros-humble-rcl-lifecycle arm64 5.3.11-1jammy.20251222.193511 [28.2 kB]
#10 35.25 Get:124 http://packages.ros.org/ros2/ubuntu jammy/main arm64 ros-humble-rclpy arm64 3.3.19-1jammy.20251222.195020 [330 kB]
#10 35.29 Get:125 http://packages.ros.org/ros2/ubuntu jammy/main arm64 ros-humble-message-filters arm64 4.3.11-1jammy.20251229.055731 [42.8 kB]
#10 35.29 Get:126 http://packages.ros.org/ros2/ubuntu jammy/main arm64 ros-humble-tinyxml2-vendor arm64 0.7.7-1jammy.20251120.082935 [6,758 B]
#10 35.29 Get:127 http://packages.ros.org/ros2/ubuntu jammy/main arm64 ros-humble-pluginlib arm64 5.1.3-1jammy.20251218.103539 [95.7 kB]
#10 35.72 Get:128 http://packages.ros.org/ros2/ubuntu jammy/main arm64 ros-humble-sensor-msgs arm64 4.9.0-1jammy.20251219.060939 [304 kB]
#10 35.79 Get:129 http://packages.ros.org/ros2/ubuntu jammy/main arm64 ros-humble-image-transport arm64 3.1.12-1jammy.20251229.060859 [376 kB]
#10 35.82 Get:130 http://packages.ros.org/ros2/ubuntu jammy/main arm64 ros-humble-orocos-kdl-vendor arm64 0.2.5-1jammy.20250719.005636 [6,372 B]
#10 35.83 Get:131 http://packages.ros.org/ros2/ubuntu jammy/main arm64 ros-humble-pcl-msgs arm64 1.0.0-7jammy.20251219.063351 [81.7 kB]
#10 35.84 Get:132 http://packages.ros.org/ros2/ubuntu jammy/main arm64 ros-humble-pcl-conversions arm64 2.4.5-2jammy.20251229.060905 [13.2 kB]
#10 35.84 Get:133 http://packages.ros.org/ros2/ubuntu jammy/main arm64 ros-humble-rclcpp-components arm64 16.0.17-1jammy.20251229.045302 [82.0 kB]
#10 35.86 Get:134 http://packages.ros.org/ros2/ubuntu jammy/main arm64 ros-humble-tf2 arm64 0.25.18-1jammy.20251219.093700 [93.5 kB]
#10 35.87 Get:135 http://packages.ros.org/ros2/ubuntu jammy/main arm64 ros-humble-rclcpp-action arm64 16.0.17-1jammy.20251229.044403 [66.0 kB]
#10 35.89 Get:136 http://packages.ros.org/ros2/ubuntu jammy/main arm64 ros-humble-tf2-msgs arm64 0.25.18-1jammy.20251219.054717 [107 kB]
#10 36.31 Get:137 http://packages.ros.org/ros2/ubuntu jammy/main arm64 ros-humble-tf2-ros arm64 0.25.18-1jammy.20251229.060849 [296 kB]
#10 36.69 Get:138 http://packages.ros.org/ros2/ubuntu jammy/main arm64 ros-humble-tf2-py arm64 0.25.18-1jammy.20251222.202634 [27.5 kB]
#10 36.71 Get:139 http://packages.ros.org/ros2/ubuntu jammy/main arm64 ros-humble-tf2-ros-py arm64 0.25.18-1jammy.20251222.203202 [21.3 kB]
#10 36.72 Get:140 http://packages.ros.org/ros2/ubuntu jammy/main arm64 ros-humble-tf2-geometry-msgs arm64 0.25.18-1jammy.20251229.063927 [21.4 kB]
#10 36.72 Get:141 http://packages.ros.org/ros2/ubuntu jammy/main arm64 ros-humble-pcl-ros arm64 2.4.5-2jammy.20251229.105850 [120 kB]
#10 38.21 Get:142 http://ports.ubuntu.com/ubuntu-ports jammy/main arm64 libsensors-config all 1:3.6.0-7ubuntu1 [5,274 B]
#10 38.21 Get:143 http://ports.ubuntu.com/ubuntu-ports jammy/main arm64 libsensors5 arm64 1:3.6.0-7ubuntu1 [26.1 kB]
#10 38.21 Get:144 http://ports.ubuntu.com/ubuntu-ports jammy-updates/main arm64 libgl1-mesa-dri arm64 23.2.1-1ubuntu3.1~22.04.3 [8,091 kB]
#10 39.79 Get:145 http://ports.ubuntu.com/ubuntu-ports jammy-updates/main arm64 libglx-mesa0 arm64 23.2.1-1ubuntu3.1~22.04.3 [165 kB]
#10 39.79 Get:146 http://ports.ubuntu.com/ubuntu-ports jammy/main arm64 libglx0 arm64 1.4.0-1 [37.1 kB]
#10 39.80 Get:147 http://ports.ubuntu.com/ubuntu-ports jammy/main arm64 libgl1 arm64 1.4.0-1 [114 kB]
#10 39.85 Get:148 http://ports.ubuntu.com/ubuntu-ports jammy/main arm64 libevdev2 arm64 1.12.1+dfsg-1 [39.0 kB]
#10 39.86 Get:149 http://ports.ubuntu.com/ubuntu-ports jammy/main arm64 libmtdev1 arm64 1.1.6-1build4 [14.4 kB]
#10 39.86 Get:150 http://ports.ubuntu.com/ubuntu-ports jammy-updates/main arm64 libudev1 arm64 249.11-0ubuntu3.17 [74.5 kB]
#10 39.87 Get:151 http://ports.ubuntu.com/ubuntu-ports jammy/main arm64 libgudev-1.0-0 arm64 1:237-2build1 [15.3 kB]
#10 39.87 Get:152 http://ports.ubuntu.com/ubuntu-ports jammy/main arm64 libwacom-common all 2.2.0-1 [54.3 kB]
#10 39.87 Get:153 http://ports.ubuntu.com/ubuntu-ports jammy/main arm64 libwacom9 arm64 2.2.0-1 [21.9 kB]
#10 40.14 Get:154 http://ports.ubuntu.com/ubuntu-ports jammy-updates/main arm64 libinput-bin arm64 1.20.0-1ubuntu0.3 [19.6 kB]
#10 40.23 Get:155 http://ports.ubuntu.com/ubuntu-ports jammy-updates/main arm64 libinput10 arm64 1.20.0-1ubuntu0.3 [126 kB]
#10 40.26 Get:156 http://ports.ubuntu.com/ubuntu-ports jammy/universe arm64 libmd4c0 arm64 0.4.8-1 [41.2 kB]
#10 40.26 Get:157 http://ports.ubuntu.com/ubuntu-ports jammy-updates/universe arm64 libqt5dbus5 arm64 5.15.3+dfsg-2ubuntu0.2 [224 kB]
#10 40.29 Get:158 http://ports.ubuntu.com/ubuntu-ports jammy-updates/universe arm64 libqt5network5 arm64 5.15.3+dfsg-2ubuntu0.2 [743 kB]
#10 41.26 Get:159 http://ports.ubuntu.com/ubuntu-ports jammy/main arm64 libxcb-icccm4 arm64 0.4.1-1.1build2 [11.0 kB]
#10 41.26 Get:160 http://ports.ubuntu.com/ubuntu-ports jammy/main arm64 libxcb-util1 arm64 0.4.0-1build2 [11.2 kB]
#10 41.26 Get:161 http://ports.ubuntu.com/ubuntu-ports jammy/main arm64 libxcb-image0 arm64 0.4.0-2 [11.1 kB]
#10 41.26 Get:162 http://ports.ubuntu.com/ubuntu-ports jammy/main arm64 libxcb-keysyms1 arm64 0.4.0-1build3 [8,606 B]
#10 41.26 Get:163 http://ports.ubuntu.com/ubuntu-ports jammy/main arm64 libxcb-render-util0 arm64 0.3.9-1build3 [10.2 kB]
#10 41.26 Get:164 http://ports.ubuntu.com/ubuntu-ports jammy/main arm64 libxcb-shape0 arm64 1.14-3ubuntu3 [6,092 B]
#10 41.26 Get:165 http://ports.ubuntu.com/ubuntu-ports jammy/main arm64 libxcb-xinerama0 arm64 1.14-3ubuntu3 [5,404 B]
#10 41.27 Get:166 http://ports.ubuntu.com/ubuntu-ports jammy/main arm64 libxcb-xinput0 arm64 1.14-3ubuntu3 [34.8 kB]
#10 41.27 Get:167 http://ports.ubuntu.com/ubuntu-ports jammy/main arm64 libxcb-xkb1 arm64 1.14-3ubuntu3 [32.8 kB]
#10 41.61 Get:168 http://ports.ubuntu.com/ubuntu-ports jammy/main arm64 libxkbcommon-x11-0 arm64 1.4.0-1 [13.6 kB]
#10 41.61 Get:169 http://ports.ubuntu.com/ubuntu-ports jammy-updates/universe arm64 libqt5gui5 arm64 5.15.3+dfsg-2ubuntu0.2 [3,504 kB]
#10 42.06 Get:170 http://ports.ubuntu.com/ubuntu-ports jammy-updates/universe arm64 libqt5widgets5 arm64 5.15.3+dfsg-2ubuntu0.2 [2,551 kB]
#10 42.31 Get:171 http://ports.ubuntu.com/ubuntu-ports jammy/universe arm64 libqt5svg5 arm64 5.15.3-1 [147 kB]
#10 42.32 Get:172 http://ports.ubuntu.com/ubuntu-ports jammy/main arm64 libhyphen0 arm64 2.8.8-7build2 [28.0 kB]
#10 42.33 Get:173 http://ports.ubuntu.com/ubuntu-ports jammy/universe arm64 libqt5positioning5 arm64 5.15.3+dfsg-3 [219 kB]
#10 42.38 Get:174 http://ports.ubuntu.com/ubuntu-ports jammy-updates/universe arm64 libqt5printsupport5 arm64 5.15.3+dfsg-2ubuntu0.2 [213 kB]
#10 42.41 Get:175 http://ports.ubuntu.com/ubuntu-ports jammy/universe arm64 libqt5qml5 arm64 5.15.3+dfsg-1 [1,483 kB]
#10 42.58 Get:176 http://ports.ubuntu.com/ubuntu-ports jammy/universe arm64 libqt5qmlmodels5 arm64 5.15.3+dfsg-1 [208 kB]
#10 42.59 Get:177 http://ports.ubuntu.com/ubuntu-ports jammy/universe arm64 libqt5quick5 arm64 5.15.3+dfsg-1 [1,719 kB]
#10 42.82 Get:178 http://ports.ubuntu.com/ubuntu-ports jammy/universe arm64 libqt5sensors5 arm64 5.15.3-1 [122 kB]
#10 42.88 Get:179 http://ports.ubuntu.com/ubuntu-ports jammy/universe arm64 libqt5webchannel5 arm64 5.15.3-1 [63.2 kB]
#10 42.88 Get:180 http://ports.ubuntu.com/ubuntu-ports jammy/main arm64 libwoff1 arm64 1.0.2-1build4 [43.7 kB]
#10 43.05 Get:181 http://ports.ubuntu.com/ubuntu-ports jammy/universe arm64 libqt5webkit5 arm64 5.212.0~alpha4-15ubuntu1 [11.7 MB]
#10 44.46 Get:182 http://ports.ubuntu.com/ubuntu-ports jammy/main arm64 xorg-sgml-doctools all 1:1.11-1.1 [10.9 kB]
#10 44.46 Get:183 http://ports.ubuntu.com/ubuntu-ports jammy/main arm64 x11proto-dev all 2021.5-1 [604 kB]
#10 44.50 Get:184 http://ports.ubuntu.com/ubuntu-ports jammy/main arm64 libxau-dev arm64 1:1.0.9-1build5 [10.1 kB]
#10 44.50 Get:185 http://ports.ubuntu.com/ubuntu-ports jammy/main arm64 libxdmcp-dev arm64 1:1.1.3-0ubuntu5 [26.4 kB]
#10 44.50 Get:186 http://ports.ubuntu.com/ubuntu-ports jammy/main arm64 xtrans-dev all 1.4.0-1 [68.9 kB]
#10 44.51 Get:187 http://ports.ubuntu.com/ubuntu-ports jammy/main arm64 libpthread-stubs0-dev arm64 0.4-1build2 [5,496 B]
#10 44.51 Get:188 http://ports.ubuntu.com/ubuntu-ports jammy/main arm64 libxcb1-dev arm64 1.14-3ubuntu3 [90.6 kB]
#10 44.52 Get:189 http://ports.ubuntu.com/ubuntu-ports jammy-updates/main arm64 libx11-dev arm64 2:1.7.5-1ubuntu0.3 [746 kB]
#10 44.65 Get:190 http://ports.ubuntu.com/ubuntu-ports jammy/main arm64 libglx-dev arm64 1.4.0-1 [14.1 kB]
#10 44.83 Get:191 http://ports.ubuntu.com/ubuntu-ports jammy/main arm64 libgl-dev arm64 1.4.0-1 [102 kB]
#10 44.88 Get:192 http://ports.ubuntu.com/ubuntu-ports jammy/main arm64 libegl-dev arm64 1.4.0-1 [18.0 kB]
#10 45.01 Get:193 http://ports.ubuntu.com/ubuntu-ports jammy/main arm64 libopengl0 arm64 1.4.0-1 [38.6 kB]
#10 45.02 Get:194 http://ports.ubuntu.com/ubuntu-ports jammy/main arm64 libglu1-mesa arm64 9.0.2-1 [132 kB]
#10 45.06 Get:195 http://ports.ubuntu.com/ubuntu-ports jammy/main arm64 libglu1-mesa-dev arm64 9.0.2-1 [217 kB]
#10 45.07 Get:196 http://ports.ubuntu.com/ubuntu-ports jammy-updates/universe arm64 libqt5concurrent5 arm64 5.15.3+dfsg-2ubuntu0.2 [36.0 kB]
#10 45.07 Get:197 http://ports.ubuntu.com/ubuntu-ports jammy-updates/universe arm64 libqt5sql5 arm64 5.15.3+dfsg-2ubuntu0.2 [124 kB]
#10 45.21 Get:198 http://ports.ubuntu.com/ubuntu-ports jammy-updates/universe arm64 libqt5test5 arm64 5.15.3+dfsg-2ubuntu0.2 [144 kB]
#10 45.24 Get:199 http://ports.ubuntu.com/ubuntu-ports jammy-updates/universe arm64 libqt5xml5 arm64 5.15.3+dfsg-2ubuntu0.2 [126 kB]
#10 45.25 Get:200 http://ports.ubuntu.com/ubuntu-ports jammy/main arm64 libvulkan1 arm64 1.3.204.1-2 [136 kB]
#10 47.58 Get:201 http://ports.ubuntu.com/ubuntu-ports jammy/main arm64 libvulkan-dev arm64 1.3.204.1-2 [892 kB]
#10 48.28 Get:202 http://ports.ubuntu.com/ubuntu-ports jammy/main arm64 libxext-dev arm64 2:1.3.4-1build1 [85.5 kB]
#10 49.41 Get:203 http://ports.ubuntu.com/ubuntu-ports jammy-updates/universe arm64 qt5-qmake-bin arm64 5.15.3+dfsg-2ubuntu0.2 [1,047 kB]
#10 50.55 Get:204 http://ports.ubuntu.com/ubuntu-ports jammy/universe arm64 qtchooser arm64 66-2build1 [23.2 kB]
#10 50.55 Get:205 http://ports.ubuntu.com/ubuntu-ports jammy-updates/universe arm64 qt5-qmake arm64 5.15.3+dfsg-2ubuntu0.2 [208 kB]
#10 50.62 Get:206 http://ports.ubuntu.com/ubuntu-ports jammy-updates/universe arm64 qtbase5-dev-tools arm64 5.15.3+dfsg-2ubuntu0.2 [826 kB]
#10 50.80 Get:207 http://ports.ubuntu.com/ubuntu-ports jammy-updates/universe arm64 qtbase5-dev arm64 5.15.3+dfsg-2ubuntu0.2 [1,131 kB]
#10 50.99 Get:208 http://ports.ubuntu.com/ubuntu-ports jammy/universe arm64 libqt5qmlworkerscript5 arm64 5.15.3+dfsg-1 [34.2 kB]
#10 51.00 Get:209 http://ports.ubuntu.com/ubuntu-ports jammy/universe arm64 libqt5quickparticles5 arm64 5.15.3+dfsg-1 [218 kB]
#10 51.02 Get:210 http://ports.ubuntu.com/ubuntu-ports jammy/universe arm64 libqt5quickshapes5 arm64 5.15.3+dfsg-1 [99.5 kB]
#10 51.03 Get:211 http://ports.ubuntu.com/ubuntu-ports jammy/universe arm64 libqt5quicktest5 arm64 5.15.3+dfsg-1 [57.5 kB]
#10 51.04 Get:212 http://ports.ubuntu.com/ubuntu-ports jammy/universe arm64 libqt5quickwidgets5 arm64 5.15.3+dfsg-1 [39.5 kB]
#10 51.04 Get:213 http://ports.ubuntu.com/ubuntu-ports jammy/universe arm64 qt5-qmltooling-plugins arm64 5.15.3+dfsg-1 [196 kB]
#10 51.07 Get:214 http://ports.ubuntu.com/ubuntu-ports jammy/universe arm64 qtdeclarative5-dev-tools arm64 5.15.3+dfsg-1 [701 kB]
#10 51.17 Get:215 http://ports.ubuntu.com/ubuntu-ports jammy/universe arm64 qtdeclarative5-dev arm64 5.15.3+dfsg-1 [511 kB]
#10 51.25 Get:216 http://ports.ubuntu.com/ubuntu-ports jammy/universe arm64 libqt5webkit5-dev arm64 5.212.0~alpha4-15ubuntu1 [54.7 kB]
#10 51.41 Get:217 http://ports.ubuntu.com/ubuntu-ports jammy/main arm64 poppler-data all 0.4.11-1 [2,171 kB]
#10 51.68 Get:218 http://ports.ubuntu.com/ubuntu-ports jammy-updates/main arm64 libuuid1 arm64 2.37.2-4ubuntu3.4 [23.8 kB]
#10 51.68 Get:219 http://ports.ubuntu.com/ubuntu-ports jammy-updates/main arm64 udev arm64 249.11-0ubuntu3.17 [1,540 kB]
#10 51.85 Get:220 http://ports.ubuntu.com/ubuntu-ports jammy-updates/main arm64 libmagic-mgc arm64 1:5.41-3ubuntu0.1 [257 kB]
#10 51.88 Get:221 http://ports.ubuntu.com/ubuntu-ports jammy-updates/main arm64 libmagic1 arm64 1:5.41-3ubuntu0.1 [85.0 kB]
#10 51.89 Get:222 http://ports.ubuntu.com/ubuntu-ports jammy-updates/main arm64 file arm64 1:5.41-3ubuntu0.1 [21.6 kB]
#10 51.89 Get:223 http://ports.ubuntu.com/ubuntu-ports jammy/main arm64 libcbor0.8 arm64 0.8.0-2ubuntu1 [24.3 kB]
#10 51.89 Get:224 http://ports.ubuntu.com/ubuntu-ports jammy/main arm64 libfido2-1 arm64 1.10.0-1 [81.8 kB]
#10 51.90 Get:225 http://ports.ubuntu.com/ubuntu-ports jammy-updates/main arm64 libpcap0.8 arm64 1.10.1-4ubuntu1.22.04.1 [141 kB]
#10 51.91 Get:226 http://ports.ubuntu.com/ubuntu-ports jammy/main arm64 libxmuu1 arm64 2:1.1.3-3 [10.4 kB]
#10 52.04 Get:227 http://ports.ubuntu.com/ubuntu-ports jammy-updates/main arm64 openssh-client arm64 1:8.9p1-3ubuntu0.13 [861 kB]
#10 52.12 Get:228 http://ports.ubuntu.com/ubuntu-ports jammy/main arm64 xauth arm64 1:1.1-1build2 [26.8 kB]
#10 52.32 Get:229 http://ports.ubuntu.com/ubuntu-ports jammy/main arm64 alsa-topology-conf all 1.2.5.1-2 [15.5 kB]
#10 52.33 Get:230 http://ports.ubuntu.com/ubuntu-ports jammy/main arm64 libasound2-data all 1.2.6.1-1ubuntu1 [19.1 kB]
#10 52.33 Get:231 http://ports.ubuntu.com/ubuntu-ports jammy/main arm64 libasound2 arm64 1.2.6.1-1ubuntu1 [378 kB]
#10 52.37 Get:232 http://ports.ubuntu.com/ubuntu-ports jammy-updates/main arm64 alsa-ucm-conf all 1.2.6.3-1ubuntu1.12 [43.5 kB]
#10 52.37 Get:233 http://ports.ubuntu.com/ubuntu-ports jammy/main arm64 libsigsegv2 arm64 2.13-1ubuntu3 [14.5 kB]
#10 52.37 Get:234 http://ports.ubuntu.com/ubuntu-ports jammy/main arm64 m4 arm64 1.4.18-5ubuntu2 [196 kB]
#10 52.39 Get:235 http://ports.ubuntu.com/ubuntu-ports jammy/main arm64 autoconf all 2.71-2 [338 kB]
#10 52.44 Get:236 http://ports.ubuntu.com/ubuntu-ports jammy/main arm64 autotools-dev all 20220109.1 [44.9 kB]
#10 52.59 Get:237 http://ports.ubuntu.com/ubuntu-ports jammy/main arm64 automake all 1:1.16.5-1.3 [558 kB]
#10 52.64 Get:238 http://ports.ubuntu.com/ubuntu-ports jammy/main arm64 java-common all 0.72build2 [6,782 B]
#10 52.72 Get:239 http://ports.ubuntu.com/ubuntu-ports jammy-updates/main arm64 libnspr4 arm64 2:4.35-0ubuntu0.22.04.1 [116 kB]
#10 52.74 Get:240 http://ports.ubuntu.com/ubuntu-ports jammy-updates/main arm64 libnss3 arm64 2:3.98-0ubuntu0.22.04.2 [1,239 kB]
#10 52.83 Get:241 http://ports.ubuntu.com/ubuntu-ports jammy-updates/main arm64 libpcsclite1 arm64 1.9.5-3ubuntu1 [20.0 kB]
#10 52.84 Get:242 http://ports.ubuntu.com/ubuntu-ports jammy-updates/main arm64 openjdk-11-jre-headless arm64 11.0.29+7-1ubuntu1~22.04 [41.9 MB]
#10 57.88 Get:243 http://ports.ubuntu.com/ubuntu-ports jammy/main arm64 default-jre-headless arm64 2:1.11-72build2 [3,044 B]
#10 57.88 Get:244 http://ports.ubuntu.com/ubuntu-ports jammy-updates/main arm64 ca-certificates-java all 20190909ubuntu1.2 [12.1 kB]
#10 57.88 Get:245 http://ports.ubuntu.com/ubuntu-ports jammy-updates/main arm64 g++-11 arm64 11.4.0-1ubuntu1~22.04.2 [11.2 MB]
#10 61.57 Get:246 http://ports.ubuntu.com/ubuntu-ports jammy-updates/main arm64 libstdc++-11-dev arm64 11.4.0-1ubuntu1~22.04.2 [2,088 kB]
#10 61.63 Get:247 http://ports.ubuntu.com/ubuntu-ports jammy-updates/main arm64 libasan6 arm64 11.4.0-1ubuntu1~22.04.2 [2,236 kB]
#10 62.15 Get:248 http://ports.ubuntu.com/ubuntu-ports jammy-updates/main arm64 gcc-11 arm64 11.4.0-1ubuntu1~22.04.2 [19.5 MB]
#10 65.24 Get:249 http://ports.ubuntu.com/ubuntu-ports jammy-updates/main arm64 libgcc-11-dev arm64 11.4.0-1ubuntu1~22.04.2 [1,145 kB]
#10 65.51 Get:250 http://ports.ubuntu.com/ubuntu-ports jammy-updates/main arm64 libtsan0 arm64 11.4.0-1ubuntu1~22.04.2 [2,239 kB]
#10 66.62 Get:251 http://ports.ubuntu.com/ubuntu-ports jammy-updates/main arm64 cpp-11 arm64 11.4.0-1ubuntu1~22.04.2 [9,717 kB]
#10 67.49 Get:252 http://ports.ubuntu.com/ubuntu-ports jammy-updates/main arm64 gcc-11-base arm64 11.4.0-1ubuntu1~22.04.2 [20.8 kB]
#10 67.49 Get:253 http://ports.ubuntu.com/ubuntu-ports jammy-updates/main arm64 libgif7 arm64 5.1.9-2ubuntu0.1 [34.2 kB]
#10 67.50 Get:254 http://ports.ubuntu.com/ubuntu-ports jammy/main arm64 libxtst6 arm64 2:1.2.3-1build4 [13.3 kB]
#10 67.50 Get:255 http://ports.ubuntu.com/ubuntu-ports jammy-updates/main arm64 openjdk-11-jre arm64 11.0.29+7-1ubuntu1~22.04 [213 kB]
#10 67.53 Get:256 http://ports.ubuntu.com/ubuntu-ports jammy/main arm64 default-jre arm64 2:1.11-72build2 [896 B]
#10 67.53 Get:257 http://ports.ubuntu.com/ubuntu-ports jammy-updates/main arm64 openjdk-11-jdk-headless arm64 11.0.29+7-1ubuntu1~22.04 [72.9 MB]
#10 79.99 Get:258 http://ports.ubuntu.com/ubuntu-ports jammy/main arm64 default-jdk-headless arm64 2:1.11-72build2 [942 B]
#10 79.99 Get:259 http://ports.ubuntu.com/ubuntu-ports jammy-updates/main arm64 openjdk-11-jdk arm64 11.0.29+7-1ubuntu1~22.04 [2,969 kB]
#10 80.72 Get:260 http://ports.ubuntu.com/ubuntu-ports jammy/main arm64 default-jdk arm64 2:1.11-72build2 [908 B]
#10 80.72 Get:261 http://ports.ubuntu.com/ubuntu-ports jammy/main arm64 mysql-common all 5.8+1.0.8 [7,212 B]
#10 80.72 Get:262 http://ports.ubuntu.com/ubuntu-ports jammy-updates/main arm64 libmysqlclient21 arm64 8.0.44-0ubuntu0.22.04.2 [1,313 kB]
#10 80.75 Get:263 http://ports.ubuntu.com/ubuntu-ports jammy-updates/main arm64 libmysqlclient-dev arm64 8.0.44-0ubuntu0.22.04.2 [1,705 kB]
#10 80.78 Get:264 http://ports.ubuntu.com/ubuntu-ports jammy/main arm64 default-libmysqlclient-dev arm64 1.0.8 [3,588 B]
#10 80.78 Get:265 http://ports.ubuntu.com/ubuntu-ports jammy/main arm64 fonts-dejavu-extra all 2.37-2build1 [2,041 kB]
#10 86.56 Get:266 http://ports.ubuntu.com/ubuntu-ports jammy/universe arm64 freeglut3 arm64 2.8.1-6 [68.7 kB]
#10 86.56 Get:267 http://ports.ubuntu.com/ubuntu-ports jammy/universe arm64 gdal-data all 3.4.1+dfsg-1build4 [216 kB]
#10 86.57 Get:268 http://ports.ubuntu.com/ubuntu-ports jammy-updates/main arm64 libavahi-glib1 arm64 0.8-5ubuntu5.4 [7,750 B]
#10 86.57 Get:269 http://ports.ubuntu.com/ubuntu-ports jammy/main arm64 libjson-glib-1.0-common all 1.6.6-1build1 [4,432 B]
#10 86.57 Get:270 http://ports.ubuntu.com/ubuntu-ports jammy/main arm64 libjson-glib-1.0-0 arm64 1.6.6-1build1 [66.0 kB]
#10 86.57 Get:271 http://ports.ubuntu.com/ubuntu-ports jammy-updates/main arm64 libmm-glib0 arm64 1.20.0-1~ubuntu22.04.4 [257 kB]
#10 89.37 Get:272 http://ports.ubuntu.com/ubuntu-ports jammy-updates/main arm64 libnotify4 arm64 0.7.9-3ubuntu5.22.04.1 [19.6 kB]
#10 89.37 Get:273 http://ports.ubuntu.com/ubuntu-ports jammy/main arm64 libproxy1v5 arm64 0.4.17-2 [48.7 kB]
#10 89.37 Get:274 http://ports.ubuntu.com/ubuntu-ports jammy/main arm64 glib-networking-common all 2.72.0-1 [3,718 B]
#10 90.49 Get:275 http://ports.ubuntu.com/ubuntu-ports jammy/main arm64 glib-networking-services arm64 2.72.0-1 [9,548 B]
#10 90.49 Get:276 http://ports.ubuntu.com/ubuntu-ports jammy/main arm64 session-migration arm64 0.3.6 [9,512 B]
#10 90.91 Get:277 http://ports.ubuntu.com/ubuntu-ports jammy/main arm64 gsettings-desktop-schemas all 42.0-1ubuntu1 [31.1 kB]
#10 91.46 Get:278 http://ports.ubuntu.com/ubuntu-ports jammy/main arm64 glib-networking arm64 2.72.0-1 [67.3 kB]
#10 92.04 Get:279 http://ports.ubuntu.com/ubuntu-ports jammy-updates/main arm64 libsoup2.4-common all 2.74.2-3ubuntu0.6 [4,778 B]
#10 92.06 Get:280 http://ports.ubuntu.com/ubuntu-ports jammy-updates/main arm64 libsoup2.4-1 arm64 2.74.2-3ubuntu0.6 [281 kB]
#10 92.83 Get:281 http://ports.ubuntu.com/ubuntu-ports jammy/main arm64 geoclue-2.0 arm64 2.5.7-3ubuntu3 [108 kB]
#10 92.95 Get:282 http://ports.ubuntu.com/ubuntu-ports jammy-updates/main arm64 libgfortran-11-dev arm64 11.4.0-1ubuntu1~22.04.2 [466 kB]
#10 93.29 Get:283 http://ports.ubuntu.com/ubuntu-ports jammy-updates/main arm64 gfortran-11 arm64 11.4.0-1ubuntu1~22.04.2 [11.0 MB]
#10 95.28 Get:284 http://ports.ubuntu.com/ubuntu-ports jammy/main arm64 gfortran arm64 4:11.2.0-1ubuntu1 [1,168 B]
#10 95.28 Get:285 http://ports.ubuntu.com/ubuntu-ports jammy/universe arm64 hdf5-helpers arm64 1.10.7+repack-4ubuntu2 [14.2 kB]
#10 95.29 Get:286 http://ports.ubuntu.com/ubuntu-ports jammy/main arm64 libnl-3-200 arm64 3.5.0-0.1 [58.1 kB]
#10 95.29 Get:287 http://ports.ubuntu.com/ubuntu-ports jammy/main arm64 libnl-route-3-200 arm64 3.5.0-0.1 [173 kB]
#10 95.30 Get:288 http://ports.ubuntu.com/ubuntu-ports jammy/main arm64 libibverbs1 arm64 39.0-1 [66.3 kB]
#10 95.32 Get:289 http://ports.ubuntu.com/ubuntu-ports jammy/main arm64 ibverbs-providers arm64 39.0-1 [334 kB]
#10 95.41 Get:290 http://ports.ubuntu.com/ubuntu-ports jammy/main arm64 icu-devtools arm64 70.1-2 [193 kB]
#10 95.49 Get:291 http://ports.ubuntu.com/ubuntu-ports jammy/main arm64 iio-sensor-proxy arm64 3.3-0ubuntu6 [33.6 kB]
#10 95.62 Get:292 http://ports.ubuntu.com/ubuntu-ports jammy/main arm64 javascript-common all 11+nmu1 [5,936 B]
#10 95.66 Get:293 http://ports.ubuntu.com/ubuntu-ports jammy/universe arm64 libaec0 arm64 1.0.6-1 [19.5 kB]
#10 95.68 Get:294 http://ports.ubuntu.com/ubuntu-ports jammy-updates/universe arm64 libaom3 arm64 3.3.0-1ubuntu0.1 [1,415 kB]
#10 95.82 Get:295 http://ports.ubuntu.com/ubuntu-ports jammy-updates/universe arm64 libaom-dev arm64 3.3.0-1ubuntu0.1 [1,725 kB]
#10 96.05 Get:296 http://ports.ubuntu.com/ubuntu-ports jammy/universe arm64 libarpack2 arm64 3.8.0-1 [73.3 kB]
#10 96.05 Get:297 http://ports.ubuntu.com/ubuntu-ports jammy/universe arm64 libsuperlu5 arm64 5.3.0+dfsg1-2 [158 kB]
#10 96.06 Get:298 http://ports.ubuntu.com/ubuntu-ports jammy/universe arm64 libarmadillo10 arm64 1:10.8.2+dfsg-1 [103 kB]
#10 96.07 Get:299 http://ports.ubuntu.com/ubuntu-ports jammy/main arm64 libblas-dev arm64 3.10.0-2ubuntu1 [110 kB]
#10 96.09 Get:300 http://ports.ubuntu.com/ubuntu-ports jammy/main arm64 liblapack-dev arm64 3.10.0-2ubuntu1 [3,386 kB]
#10 96.69 Get:301 http://ports.ubuntu.com/ubuntu-ports jammy/universe arm64 libarpack2-dev arm64 3.8.0-1 [88.8 kB]
#10 96.69 Get:302 http://ports.ubuntu.com/ubuntu-ports jammy/universe arm64 libsz2 arm64 1.0.6-1 [5,144 B]
#10 96.69 Get:303 http://ports.ubuntu.com/ubuntu-ports jammy/universe arm64 libhdf5-103-1 arm64 1.10.7+repack-4ubuntu2 [1,207 kB]
#10 96.90 Get:304 http://ports.ubuntu.com/ubuntu-ports jammy/universe arm64 libhdf5-fortran-102 arm64 1.10.7+repack-4ubuntu2 [89.7 kB]
#10 96.96 Get:305 http://ports.ubuntu.com/ubuntu-ports jammy/universe arm64 libhdf5-hl-100 arm64 1.10.7+repack-4ubuntu2 [58.4 kB]
#10 96.97 Get:306 http://ports.ubuntu.com/ubuntu-ports jammy/universe arm64 libhdf5-hl-fortran-100 arm64 1.10.7+repack-4ubuntu2 [31.7 kB]
#10 96.97 Get:307 http://ports.ubuntu.com/ubuntu-ports jammy/universe arm64 libhdf5-cpp-103-1 arm64 1.10.7+repack-4ubuntu2 [121 kB]
#10 97.30 Get:308 http://ports.ubuntu.com/ubuntu-ports jammy/universe arm64 libhdf5-hl-cpp-100 arm64 1.10.7+repack-4ubuntu2 [10.4 kB]
#10 97.31 Get:309 http://ports.ubuntu.com/ubuntu-ports jammy/main arm64 libjpeg-turbo8-dev arm64 2.1.2-0ubuntu1 [246 kB]
#10 97.32 Get:310 http://ports.ubuntu.com/ubuntu-ports jammy/main arm64 libjpeg8-dev arm64 8c-2ubuntu10 [1,476 B]
#10 97.32 Get:311 http://ports.ubuntu.com/ubuntu-ports jammy/main arm64 libjpeg-dev arm64 8c-2ubuntu10 [1,474 B]
#10 97.32 Get:312 http://ports.ubuntu.com/ubuntu-ports jammy/universe arm64 libaec-dev arm64 1.0.6-1 [17.5 kB]
#10 97.32 Get:313 http://ports.ubuntu.com/ubuntu-ports jammy-updates/main arm64 libcurl4-openssl-dev arm64 7.81.0-1ubuntu1.21 [392 kB]
#10 97.35 Get:314 http://ports.ubuntu.com/ubuntu-ports jammy/universe arm64 libhdf5-dev arm64 1.10.7+repack-4ubuntu2 [2,941 kB]
#10 98.08 Get:315 http://ports.ubuntu.com/ubuntu-ports jammy/universe arm64 libsuperlu-dev arm64 5.3.0+dfsg1-2 [20.0 kB]
#10 98.08 Get:316 http://ports.ubuntu.com/ubuntu-ports jammy/universe arm64 libarmadillo-dev arm64 1:10.8.2+dfsg-1 [399 kB]
#10 98.09 Get:317 http://ports.ubuntu.com/ubuntu-ports jammy/main arm64 libfontenc1 arm64 1:1.1.4-1build3 [14.1 kB]
#10 98.09 Get:318 http://ports.ubuntu.com/ubuntu-ports jammy/main arm64 libxft2 arm64 2.3.4-1 [40.9 kB]
#10 98.10 Get:319 http://ports.ubuntu.com/ubuntu-ports jammy/main arm64 libxkbfile1 arm64 1:1.1.0-1build3 [71.2 kB]
#10 98.42 Get:320 http://ports.ubuntu.com/ubuntu-ports jammy/main arm64 libxv1 arm64 2:1.0.11-1build2 [11.0 kB]
#10 98.42 Get:321 http://ports.ubuntu.com/ubuntu-ports jammy/main arm64 libxxf86dga1 arm64 2:1.1.5-0ubuntu3 [12.2 kB]
#10 98.43 Get:322 http://ports.ubuntu.com/ubuntu-ports jammy/main arm64 x11-utils arm64 7.7+5build2 [205 kB]
#10 98.79 Get:323 http://ports.ubuntu.com/ubuntu-ports jammy/main arm64 libatk-wrapper-java all 0.38.0-5build1 [53.1 kB]
#10 98.81 Get:324 http://ports.ubuntu.com/ubuntu-ports jammy/main arm64 libatk-wrapper-java-jni arm64 0.38.0-5build1 [45.5 kB]
#10 98.83 Get:325 http://ports.ubuntu.com/ubuntu-ports jammy-updates/universe arm64 libavutil-dev arm64 7:4.4.2-0ubuntu0.22.04.1 [429 kB]
#10 98.88 Get:326 http://ports.ubuntu.com/ubuntu-ports jammy-updates/universe arm64 libswresample-dev arm64 7:4.4.2-0ubuntu0.22.04.1 [68.0 kB]
#10 98.89 Get:327 http://ports.ubuntu.com/ubuntu-ports jammy-updates/universe arm64 libavcodec-dev arm64 7:4.4.2-0ubuntu0.22.04.1 [6,083 kB]
#10 100.3 Get:328 http://ports.ubuntu.com/ubuntu-ports jammy-updates/universe arm64 libavformat-dev arm64 7:4.4.2-0ubuntu0.22.04.1 [1,395 kB]
#10 100.3 Get:329 http://ports.ubuntu.com/ubuntu-ports jammy/universe arm64 libblosc1 arm64 1.21.1+ds2-2 [24.8 kB]
#10 100.3 Get:330 http://ports.ubuntu.com/ubuntu-ports jammy/universe arm64 libblosc-dev arm64 1.21.1+ds2-2 [32.6 kB]
#10 100.3 Get:331 http://ports.ubuntu.com/ubuntu-ports jammy/main arm64 libboost1.74-tools-dev arm64 1.74.0-14ubuntu3 [1,324 kB]
#10 101.4 Get:332 http://ports.ubuntu.com/ubuntu-ports jammy/universe arm64 libboost-tools-dev arm64 1.74.0.3ubuntu7 [3,428 B]
#10 101.4 Get:333 http://ports.ubuntu.com/ubuntu-ports jammy/main arm64 libboost-atomic1.74.0 arm64 1.74.0-14ubuntu3 [224 kB]
#10 101.4 Get:334 http://ports.ubuntu.com/ubuntu-ports jammy/main arm64 libboost-atomic1.74-dev arm64 1.74.0-14ubuntu3 [222 kB]
#10 101.4 Get:335 http://ports.ubuntu.com/ubuntu-ports jammy/universe arm64 libboost-atomic-dev arm64 1.74.0.3ubuntu7 [3,546 B]
#10 101.4 Get:336 http://ports.ubuntu.com/ubuntu-ports jammy/main arm64 libboost-chrono1.74.0 arm64 1.74.0-14ubuntu3 [232 kB]
#10 101.4 Get:337 http://ports.ubuntu.com/ubuntu-ports jammy/main arm64 libboost-chrono1.74-dev arm64 1.74.0-14ubuntu3 [239 kB]
#10 101.4 Get:338 http://ports.ubuntu.com/ubuntu-ports jammy/universe arm64 libboost-chrono-dev arm64 1.74.0.3ubuntu7 [3,854 B]
#10 101.4 Get:339 http://ports.ubuntu.com/ubuntu-ports jammy/universe arm64 libboost-container1.74.0 arm64 1.74.0-14ubuntu3 [245 kB]
#10 101.4 Get:340 http://ports.ubuntu.com/ubuntu-ports jammy/universe arm64 libboost-container1.74-dev arm64 1.74.0-14ubuntu3 [257 kB]
#10 101.7 Get:341 http://ports.ubuntu.com/ubuntu-ports jammy/universe arm64 libboost-container-dev arm64 1.74.0.3ubuntu7 [3,712 B]
#10 101.7 Get:342 http://ports.ubuntu.com/ubuntu-ports jammy/main arm64 libboost-date-time1.74.0 arm64 1.74.0-14ubuntu3 [221 kB]
#10 101.9 Get:343 http://ports.ubuntu.com/ubuntu-ports jammy/main arm64 libboost-serialization1.74.0 arm64 1.74.0-14ubuntu3 [319 kB]
#10 102.4 Get:344 http://ports.ubuntu.com/ubuntu-ports jammy/main arm64 libboost-serialization1.74-dev arm64 1.74.0-14ubuntu3 [374 kB]
#10 102.4 Get:345 http://ports.ubuntu.com/ubuntu-ports jammy/main arm64 libboost-date-time1.74-dev arm64 1.74.0-14ubuntu3 [226 kB]
#10 102.4 Get:346 http://ports.ubuntu.com/ubuntu-ports jammy/main arm64 libboost-system1.74.0 arm64 1.74.0-14ubuntu3 [221 kB]
#10 102.5 Get:347 http://ports.ubuntu.com/ubuntu-ports jammy/main arm64 libboost-system1.74-dev arm64 1.74.0-14ubuntu3 [218 kB]
#10 102.5 Get:348 http://ports.ubuntu.com/ubuntu-ports jammy/main arm64 libboost-thread1.74.0 arm64 1.74.0-14ubuntu3 [260 kB]
#10 102.5 Get:349 http://ports.ubuntu.com/ubuntu-ports jammy/main arm64 libboost-thread1.74-dev arm64 1.74.0-14ubuntu3 [274 kB]
#10 102.5 Get:350 http://ports.ubuntu.com/ubuntu-ports jammy/main arm64 libboost-context1.74.0 arm64 1.74.0-14ubuntu3 [222 kB]
#10 102.5 Get:351 http://ports.ubuntu.com/ubuntu-ports jammy/universe arm64 libboost-context1.74-dev arm64 1.74.0-14ubuntu3 [220 kB]
#10 102.5 Get:352 http://ports.ubuntu.com/ubuntu-ports jammy/universe arm64 libboost-context-dev arm64 1.74.0.3ubuntu7 [3,456 B]
#10 102.7 Get:353 http://ports.ubuntu.com/ubuntu-ports jammy/universe arm64 libboost-coroutine1.74.0 arm64 1.74.0-14ubuntu3 [235 kB]
#10 102.8 Get:354 http://ports.ubuntu.com/ubuntu-ports jammy/universe arm64 libboost-coroutine1.74-dev arm64 1.74.0-14ubuntu3 [247 kB]
#10 102.9 Get:355 http://ports.ubuntu.com/ubuntu-ports jammy/universe arm64 libboost-coroutine-dev arm64 1.74.0.3ubuntu7 [3,520 B]
#10 102.9 Get:356 http://ports.ubuntu.com/ubuntu-ports jammy/universe arm64 libboost-date-time-dev arm64 1.74.0.3ubuntu7 [3,248 B]
#10 102.9 Get:357 http://ports.ubuntu.com/ubuntu-ports jammy/universe arm64 libboost-exception1.74-dev arm64 1.74.0-14ubuntu3 [216 kB]
#10 102.9 Get:358 http://ports.ubuntu.com/ubuntu-ports jammy/universe arm64 libboost-exception-dev arm64 1.74.0.3ubuntu7 [3,250 B]
#10 102.9 Get:359 http://ports.ubuntu.com/ubuntu-ports jammy/main arm64 libboost-filesystem1.74.0 arm64 1.74.0-14ubuntu3 [262 kB]
#10 103.1 Get:360 http://ports.ubuntu.com/ubuntu-ports jammy/main arm64 libboost-filesystem1.74-dev arm64 1.74.0-14ubuntu3 [288 kB]
#10 103.1 Get:361 http://ports.ubuntu.com/ubuntu-ports jammy/universe arm64 libboost-fiber1.74.0 arm64 1.74.0-14ubuntu3 [241 kB]
#10 103.1 Get:362 http://ports.ubuntu.com/ubuntu-ports jammy/universe arm64 libboost-fiber1.74-dev arm64 1.74.0-14ubuntu3 [256 kB]
#10 103.4 Get:363 http://ports.ubuntu.com/ubuntu-ports jammy/universe arm64 libboost-fiber-dev arm64 1.74.0.3ubuntu7 [3,676 B]
#10 103.4 Get:364 http://ports.ubuntu.com/ubuntu-ports jammy/main arm64 libboost-filesystem-dev arm64 1.74.0.3ubuntu7 [3,280 B]
#10 103.4 Get:365 http://ports.ubuntu.com/ubuntu-ports jammy/main arm64 libboost-regex1.74.0 arm64 1.74.0-14ubuntu3 [488 kB]
#10 103.5 Get:366 http://ports.ubuntu.com/ubuntu-ports jammy/universe arm64 libboost-graph1.74.0 arm64 1.74.0-14ubuntu3 [300 kB]
#10 103.7 Get:367 http://ports.ubuntu.com/ubuntu-ports jammy/main arm64 libicu-dev arm64 70.1-2 [11.6 MB]
#10 105.9 Get:368 http://ports.ubuntu.com/ubuntu-ports jammy/main arm64 libboost-regex1.74-dev arm64 1.74.0-14ubuntu3 [577 kB]
#10 105.9 Get:369 http://ports.ubuntu.com/ubuntu-ports jammy/universe arm64 libboost-test1.74.0 arm64 1.74.0-14ubuntu3 [430 kB]
#10 106.2 Get:370 http://ports.ubuntu.com/ubuntu-ports jammy/universe arm64 libboost-test1.74-dev arm64 1.74.0-14ubuntu3 [566 kB]
#10 106.3 Get:371 http://ports.ubuntu.com/ubuntu-ports jammy/universe arm64 libboost-graph1.74-dev arm64 1.74.0-14ubuntu3 [335 kB]
#10 106.3 Get:372 http://ports.ubuntu.com/ubuntu-ports jammy/universe arm64 libboost-graph-dev arm64 1.74.0.3ubuntu7 [3,348 B]
#10 106.3 Get:373 http://ports.ubuntu.com/ubuntu-ports jammy/main arm64 libevent-core-2.1-7 arm64 2.1.12-stable-1build3 [91.1 kB]
#10 106.3 Get:374 http://ports.ubuntu.com/ubuntu-ports jammy/main arm64 libevent-pthreads-2.1-7 arm64 2.1.12-stable-1build3 [7,588 B]
#10 106.3 Get:375 http://ports.ubuntu.com/ubuntu-ports jammy/main arm64 librdmacm1 arm64 39.0-1 [70.4 kB]
#10 107.4 Get:376 http://ports.ubuntu.com/ubuntu-ports jammy/universe arm64 libfabric1 arm64 1.11.0-3 [436 kB]
#10 110.7 Get:377 http://ports.ubuntu.com/ubuntu-ports jammy-updates/universe arm64 libhwloc15 arm64 2.7.0-2ubuntu1 [148 kB]
#10 111.1 Get:378 http://ports.ubuntu.com/ubuntu-ports jammy/main arm64 libpciaccess0 arm64 0.16-3 [18.8 kB]
#10 111.1 Get:379 http://ports.ubuntu.com/ubuntu-ports jammy/main arm64 libxnvctrl0 arm64 510.47.03-0ubuntu1 [11.1 kB]
#10 111.1 Get:380 http://ports.ubuntu.com/ubuntu-ports jammy-updates/universe arm64 libhwloc-plugins arm64 2.7.0-2ubuntu1 [15.6 kB]
#10 111.1 Get:381 http://ports.ubuntu.com/ubuntu-ports jammy/universe arm64 libpmix2 arm64 4.1.2-2ubuntu1 [598 kB]
#10 111.7 Get:382 http://ports.ubuntu.com/ubuntu-ports jammy/universe arm64 libucx0 arm64 1.12.1~rc2-1 [818 kB]
#10 112.1 Get:383 http://ports.ubuntu.com/ubuntu-ports jammy/universe arm64 libopenmpi3 arm64 4.1.2-2ubuntu1 [2,468 kB]
#10 112.9 Get:384 http://ports.ubuntu.com/ubuntu-ports jammy/universe arm64 libboost-mpi1.74.0 arm64 1.74.0-14ubuntu3 [255 kB]
#10 112.9 Get:385 http://ports.ubuntu.com/ubuntu-ports jammy/universe arm64 libboost-graph-parallel1.74.0 arm64 1.74.0-14ubuntu3 [263 kB]
#10 112.9 Get:386 http://ports.ubuntu.com/ubuntu-ports jammy/universe arm64 libboost-graph-parallel1.74-dev arm64 1.74.0-14ubuntu3 [278 kB]
#10 112.9 Get:387 http://ports.ubuntu.com/ubuntu-ports jammy/universe arm64 libboost-graph-parallel-dev arm64 1.74.0.3ubuntu7 [3,384 B]
#10 112.9 Get:388 http://ports.ubuntu.com/ubuntu-ports jammy/main arm64 libboost-iostreams1.74.0 arm64 1.74.0-14ubuntu3 [243 kB]
#10 112.9 Get:389 http://ports.ubuntu.com/ubuntu-ports jammy/universe arm64 libboost-iostreams1.74-dev arm64 1.74.0-14ubuntu3 [253 kB]
#10 112.9 Get:390 http://ports.ubuntu.com/ubuntu-ports jammy/universe arm64 libboost-iostreams-dev arm64 1.74.0.3ubuntu7 [3,236 B]
#10 112.9 Get:391 http://ports.ubuntu.com/ubuntu-ports jammy/main arm64 libboost-locale1.74.0 arm64 1.74.0-14ubuntu3 [399 kB]
#10 112.9 Get:392 http://ports.ubuntu.com/ubuntu-ports jammy/universe arm64 libboost-locale1.74-dev arm64 1.74.0-14ubuntu3 [596 kB]
#10 113.2 Get:393 http://ports.ubuntu.com/ubuntu-ports jammy/universe arm64 libboost-locale-dev arm64 1.74.0.3ubuntu7 [3,572 B]
#10 113.2 Get:394 http://ports.ubuntu.com/ubuntu-ports jammy/universe arm64 libboost-log1.74.0 arm64 1.74.0-14ubuntu3 [563 kB]
#10 113.3 Get:395 http://ports.ubuntu.com/ubuntu-ports jammy/universe arm64 libboost-log1.74-dev arm64 1.74.0-14ubuntu3 [861 kB]
#10 113.4 Get:396 http://ports.ubuntu.com/ubuntu-ports jammy/universe arm64 libboost-log-dev arm64 1.74.0.3ubuntu7 [3,448 B]
#10 113.4 Get:397 http://ports.ubuntu.com/ubuntu-ports jammy/universe arm64 libboost-math1.74.0 arm64 1.74.0-14ubuntu3 [420 kB]
#10 113.6 Get:398 http://ports.ubuntu.com/ubuntu-ports jammy/universe arm64 libboost-math1.74-dev arm64 1.74.0-14ubuntu3 [617 kB]
#10 113.7 Get:399 http://ports.ubuntu.com/ubuntu-ports jammy/universe arm64 libboost-math-dev arm64 1.74.0.3ubuntu7 [3,454 B]
#10 113.7 Get:400 http://ports.ubuntu.com/ubuntu-ports jammy/universe arm64 openmpi-common all 4.1.2-2ubuntu1 [162 kB]
#10 113.7 Get:401 http://ports.ubuntu.com/ubuntu-ports jammy/main arm64 libnl-3-dev arm64 3.5.0-0.1 [105 kB]
#10 113.7 Get:402 http://ports.ubuntu.com/ubuntu-ports jammy/main arm64 libnl-route-3-dev arm64 3.5.0-0.1 [209 kB]
#10 113.9 Get:403 http://ports.ubuntu.com/ubuntu-ports jammy/main arm64 libibverbs-dev arm64 39.0-1 [627 kB]
#10 114.0 Get:404 http://ports.ubuntu.com/ubuntu-ports jammy/main arm64 libnuma-dev arm64 2.0.14-3ubuntu2 [37.4 kB]
#10 114.1 Get:405 http://ports.ubuntu.com/ubuntu-ports jammy/main arm64 libltdl-dev arm64 2.4.6-15build2 [170 kB]
#10 114.1 Get:406 http://ports.ubuntu.com/ubuntu-ports jammy-updates/universe arm64 libhwloc-dev arm64 2.7.0-2ubuntu1 [249 kB]
#10 114.5 Get:407 http://ports.ubuntu.com/ubuntu-ports jammy/main arm64 libevent-2.1-7 arm64 2.1.12-stable-1build3 [141 kB]
#10 114.5 Get:408 http://ports.ubuntu.com/ubuntu-ports jammy/main arm64 libevent-extra-2.1-7 arm64 2.1.12-stable-1build3 [62.1 kB]
#10 114.5 Get:409 http://ports.ubuntu.com/ubuntu-ports jammy/main arm64 libevent-openssl-2.1-7 arm64 2.1.12-stable-1build3 [14.5 kB]
#10 114.5 Get:410 http://ports.ubuntu.com/ubuntu-ports jammy/main arm64 libevent-dev arm64 2.1.12-stable-1build3 [285 kB]
#10 114.5 Get:411 http://ports.ubuntu.com/ubuntu-ports jammy/universe arm64 libpmix-dev arm64 4.1.2-2ubuntu1 [828 kB]
#10 114.5 Get:412 http://ports.ubuntu.com/ubuntu-ports jammy/universe arm64 libjs-jquery-ui all 1.13.1+dfsg-1 [253 kB]
#10 114.7 Get:413 http://ports.ubuntu.com/ubuntu-ports jammy/universe arm64 openmpi-bin arm64 4.1.2-2ubuntu1 [116 kB]
#10 114.7 Get:414 http://ports.ubuntu.com/ubuntu-ports jammy/universe arm64 libopenmpi-dev arm64 4.1.2-2ubuntu1 [867 kB]
#10 114.8 Get:415 http://ports.ubuntu.com/ubuntu-ports jammy/universe arm64 mpi-default-dev arm64 1.14 [3,698 B]
#10 115.0 Get:416 http://ports.ubuntu.com/ubuntu-ports jammy/universe arm64 libboost-mpi1.74-dev arm64 1.74.0-14ubuntu3 [287 kB]
#10 115.1 Get:417 http://ports.ubuntu.com/ubuntu-ports jammy/universe arm64 libboost-mpi-dev arm64 1.74.0.3ubuntu7 [3,328 B]
#10 115.1 Get:418 http://ports.ubuntu.com/ubuntu-ports jammy/universe arm64 mpi-default-bin arm64 1.14 [2,896 B]
#10 115.1 Get:419 http://ports.ubuntu.com/ubuntu-ports jammy/universe arm64 libboost-mpi-python1.74.0 arm64 1.74.0-14ubuntu3 [343 kB]
#10 115.1 Get:420 http://ports.ubuntu.com/ubuntu-ports jammy/universe arm64 libboost-mpi-python1.74-dev arm64 1.74.0-14ubuntu3 [225 kB]
#10 115.1 Get:421 http://ports.ubuntu.com/ubuntu-ports jammy/universe arm64 libboost-mpi-python-dev arm64 1.74.0.3ubuntu7 [3,382 B]
#10 115.1 Get:422 http://ports.ubuntu.com/ubuntu-ports jammy/universe arm64 libboost-numpy1.74.0 arm64 1.74.0-14ubuntu3 [229 kB]
#10 115.4 Get:423 http://ports.ubuntu.com/ubuntu-ports jammy/universe arm64 libboost-numpy1.74-dev arm64 1.74.0-14ubuntu3 [234 kB]
#10 115.5 Get:424 http://ports.ubuntu.com/ubuntu-ports jammy/universe arm64 libboost-numpy-dev arm64 1.74.0.3ubuntu7 [3,286 B]
#10 115.5 Get:425 http://ports.ubuntu.com/ubuntu-ports jammy/main arm64 libboost-program-options1.74.0 arm64 1.74.0-14ubuntu3 [305 kB]
#10 115.7 Get:426 http://ports.ubuntu.com/ubuntu-ports jammy/main arm64 libboost-program-options1.74-dev arm64 1.74.0-14ubuntu3 [382 kB]
#10 115.8 Get:427 http://ports.ubuntu.com/ubuntu-ports jammy/main arm64 libboost-program-options-dev arm64 1.74.0.3ubuntu7 [3,266 B]
#10 115.8 Get:428 http://ports.ubuntu.com/ubuntu-ports jammy/universe arm64 libboost-random1.74.0 arm64 1.74.0-14ubuntu3 [231 kB]
#10 115.8 Get:429 http://ports.ubuntu.com/ubuntu-ports jammy/universe arm64 libboost-random1.74-dev arm64 1.74.0-14ubuntu3 [232 kB]
#10 115.8 Get:430 http://ports.ubuntu.com/ubuntu-ports jammy/universe arm64 libboost-random-dev arm64 1.74.0.3ubuntu7 [3,258 B]
#10 115.8 Get:431 http://ports.ubuntu.com/ubuntu-ports jammy/main arm64 libboost-regex-dev arm64 1.74.0.3ubuntu7 [3,508 B]
#10 115.8 Get:432 http://ports.ubuntu.com/ubuntu-ports jammy/universe arm64 libboost-serialization-dev arm64 1.74.0.3ubuntu7 [3,468 B]
#10 116.1 Get:433 http://ports.ubuntu.com/ubuntu-ports jammy/universe arm64 libboost-stacktrace1.74.0 arm64 1.74.0-14ubuntu3 [265 kB]
#10 116.2 Get:434 http://ports.ubuntu.com/ubuntu-ports jammy/universe arm64 libboost-stacktrace1.74-dev arm64 1.74.0-14ubuntu3 [232 kB]
#10 116.2 Get:435 http://ports.ubuntu.com/ubuntu-ports jammy/universe arm64 libboost-stacktrace-dev arm64 1.74.0.3ubuntu7 [3,258 B]
#10 116.7 Get:436 http://ports.ubuntu.com/ubuntu-ports jammy/main arm64 libboost-system-dev arm64 1.74.0.3ubuntu7 [3,390 B]
#10 116.7 Get:437 http://ports.ubuntu.com/ubuntu-ports jammy/universe arm64 libboost-test-dev arm64 1.74.0.3ubuntu7 [3,274 B]
#10 116.7 Get:438 http://ports.ubuntu.com/ubuntu-ports jammy/main arm64 libboost-thread-dev arm64 1.74.0.3ubuntu7 [3,264 B]
#10 116.7 Get:439 http://ports.ubuntu.com/ubuntu-ports jammy/universe arm64 libboost-timer1.74.0 arm64 1.74.0-14ubuntu3 [228 kB]
#10 116.8 Get:440 http://ports.ubuntu.com/ubuntu-ports jammy/universe arm64 libboost-timer1.74-dev arm64 1.74.0-14ubuntu3 [232 kB]
#10 116.8 Get:441 http://ports.ubuntu.com/ubuntu-ports jammy/universe arm64 libboost-timer-dev arm64 1.74.0.3ubuntu7 [3,380 B]
#10 116.8 Get:442 http://ports.ubuntu.com/ubuntu-ports jammy/universe arm64 libboost-type-erasure1.74.0 arm64 1.74.0-14ubuntu3 [232 kB]
#10 117.1 Get:443 http://ports.ubuntu.com/ubuntu-ports jammy/universe arm64 libboost-type-erasure1.74-dev arm64 1.74.0-14ubuntu3 [239 kB]
#10 117.5 Get:444 http://ports.ubuntu.com/ubuntu-ports jammy/universe arm64 libboost-type-erasure-dev arm64 1.74.0.3ubuntu7 [3,344 B]
#10 117.5 Get:445 http://ports.ubuntu.com/ubuntu-ports jammy/universe arm64 libboost-wave1.74.0 arm64 1.74.0-14ubuntu3 [433 kB]
#10 117.5 Get:446 http://ports.ubuntu.com/ubuntu-ports jammy/universe arm64 libboost-wave1.74-dev arm64 1.74.0-14ubuntu3 [507 kB]
#10 117.6 Get:447 http://ports.ubuntu.com/ubuntu-ports jammy/universe arm64 libboost-wave-dev arm64 1.74.0.3ubuntu7 [3,292 B]
#10 117.6 Get:448 http://ports.ubuntu.com/ubuntu-ports jammy/universe arm64 libboost-nowide1.74.0 arm64 1.74.0-14ubuntu3 [222 kB]
#10 117.6 Get:449 http://ports.ubuntu.com/ubuntu-ports jammy/universe arm64 libboost-nowide1.74-dev arm64 1.74.0-14ubuntu3 [220 kB]
#10 117.6 Get:450 http://ports.ubuntu.com/ubuntu-ports jammy/universe arm64 libboost-nowide-dev arm64 1.74.0.3ubuntu7 [3,322 B]
#10 117.6 Get:451 http://ports.ubuntu.com/ubuntu-ports jammy/universe arm64 libboost-all-dev arm64 1.74.0.3ubuntu7 [2,268 B]
#10 117.6 Get:452 http://ports.ubuntu.com/ubuntu-ports jammy/main arm64 libbrotli-dev arm64 1.0.9-2build6 [336 kB]
#10 117.9 Get:453 http://ports.ubuntu.com/ubuntu-ports jammy/universe arm64 libcaf-openmpi-3 arm64 2.9.2-3 [32.8 kB]
#10 118.2 Get:454 http://ports.ubuntu.com/ubuntu-ports jammy/universe arm64 libcfitsio9 arm64 4.0.0-1 [497 kB]
#10 118.2 Get:455 http://ports.ubuntu.com/ubuntu-ports jammy/universe arm64 libcfitsio-dev arm64 4.0.0-1 [575 kB]
#10 118.3 Get:456 http://ports.ubuntu.com/ubuntu-ports jammy/universe arm64 libcfitsio-doc all 4.0.0-1 [2,053 kB]
#10 118.6 Get:457 http://ports.ubuntu.com/ubuntu-ports jammy/universe arm64 libcharls2 arm64 2.3.4-1 [80.0 kB]
#10 118.6 Get:458 http://ports.ubuntu.com/ubuntu-ports jammy/universe arm64 libcharls-dev arm64 2.3.4-1 [22.4 kB]
#10 119.0 Get:459 http://ports.ubuntu.com/ubuntu-ports jammy-updates/main arm64 libllvm14 arm64 1:14.0.0-1ubuntu1.1 [22.6 MB]
#10 122.6 Get:460 http://ports.ubuntu.com/ubuntu-ports jammy-updates/universe arm64 libclang1-14 arm64 1:14.0.0-1ubuntu1.1 [6,470 kB]
#10 123.7 Get:461 http://ports.ubuntu.com/ubuntu-ports jammy/universe arm64 libcoarrays-dev arm64 2.9.2-3 [40.5 kB]
#10 123.7 Get:462 http://ports.ubuntu.com/ubuntu-ports jammy/universe arm64 libcoarrays-openmpi-dev arm64 2.9.2-3 [363 kB]
#10 123.8 Get:463 http://ports.ubuntu.com/ubuntu-ports jammy/universe arm64 libdav1d-dev arm64 0.9.2-1 [24.2 kB]
#10 123.8 Get:464 http://ports.ubuntu.com/ubuntu-ports jammy-updates/universe arm64 libde265-0 arm64 1.0.8-1ubuntu0.3 [264 kB]
#10 123.8 Get:465 http://ports.ubuntu.com/ubuntu-ports jammy-updates/universe arm64 libde265-dev arm64 1.0.8-1ubuntu0.3 [12.3 kB]
#10 123.8 Get:466 http://ports.ubuntu.com/ubuntu-ports jammy/main arm64 libdeflate-dev arm64 1.10-2 [56.1 kB]
#10 123.8 Get:467 http://ports.ubuntu.com/ubuntu-ports jammy/universe arm64 libflann1.9 arm64 1.9.1+dfsg-11 [623 kB]
#10 123.8 Get:468 http://ports.ubuntu.com/ubuntu-ports jammy/universe arm64 libhdf5-openmpi-103-1 arm64 1.10.7+repack-4ubuntu2 [1,249 kB]
#10 124.2 Get:469 http://ports.ubuntu.com/ubuntu-ports jammy/universe arm64 libhdf5-openmpi-fortran-102 arm64 1.10.7+repack-4ubuntu2 [90.5 kB]
#10 124.2 Get:470 http://ports.ubuntu.com/ubuntu-ports jammy/universe arm64 libhdf5-openmpi-hl-100 arm64 1.10.7+repack-4ubuntu2 [58.4 kB]
#10 124.2 Get:471 http://ports.ubuntu.com/ubuntu-ports jammy/universe arm64 libhdf5-openmpi-hl-fortran-100 arm64 1.10.7+repack-4ubuntu2 [31.7 kB]
#10 124.5 Get:472 http://ports.ubuntu.com/ubuntu-ports jammy/universe arm64 libhdf5-openmpi-cpp-103-1 arm64 1.10.7+repack-4ubuntu2 [122 kB]
#10 124.6 Get:473 http://ports.ubuntu.com/ubuntu-ports jammy/universe arm64 libhdf5-openmpi-hl-cpp-100 arm64 1.10.7+repack-4ubuntu2 [10.5 kB]
#10 124.6 Get:474 http://ports.ubuntu.com/ubuntu-ports jammy/universe arm64 libhdf5-openmpi-dev arm64 1.10.7+repack-4ubuntu2 [3,026 kB]
#10 125.2 Get:475 http://ports.ubuntu.com/ubuntu-ports jammy/universe arm64 libhdf5-mpi-dev arm64 1.10.7+repack-4ubuntu2 [4,610 B]
#10 125.2 Get:476 http://ports.ubuntu.com/ubuntu-ports jammy/main arm64 liblz4-dev arm64 1.9.3-2build2 [82.1 kB]
#10 126.1 Get:477 http://ports.ubuntu.com/ubuntu-ports jammy/universe arm64 libflann-dev arm64 1.9.1+dfsg-11 [750 kB]
#10 128.7 Get:478 http://ports.ubuntu.com/ubuntu-ports jammy-updates/main arm64 libpng-dev arm64 1.6.37-3ubuntu0.3 [195 kB]
#10 128.8 Get:479 http://ports.ubuntu.com/ubuntu-ports jammy-updates/main arm64 libfreetype-dev arm64 2.11.1+dfsg-1ubuntu0.3 [556 kB]
#10 129.2 Get:480 http://ports.ubuntu.com/ubuntu-ports jammy-updates/main arm64 libfreetype6-dev arm64 2.11.1+dfsg-1ubuntu0.3 [8,298 B]
#10 129.2 Get:481 http://ports.ubuntu.com/ubuntu-ports jammy-updates/main arm64 uuid-dev arm64 2.37.2-4ubuntu3.4 [33.9 kB]
#10 129.2 Get:482 http://ports.ubuntu.com/ubuntu-ports jammy/main arm64 libfontconfig-dev arm64 2.13.1-4.2ubuntu5 [154 kB]
#10 129.2 Get:483 http://ports.ubuntu.com/ubuntu-ports jammy/main arm64 libfontconfig1-dev arm64 2.13.1-4.2ubuntu5 [1,836 B]
#10 129.2 Get:484 http://ports.ubuntu.com/ubuntu-ports jammy/universe arm64 libfyba0 arm64 4.1.1-7 [105 kB]
#10 129.2 Get:485 http://ports.ubuntu.com/ubuntu-ports jammy/universe arm64 libfyba-dev arm64 4.1.1-7 [166 kB]
#10 129.6 Get:486 http://ports.ubuntu.com/ubuntu-ports jammy/universe arm64 libfreexl1 arm64 1.0.6-1 [32.7 kB]
#10 129.6 Get:487 http://ports.ubuntu.com/ubuntu-ports jammy/universe arm64 libgeos3.10.2 arm64 3.10.2-1 [678 kB]
#10 129.6 Get:488 http://ports.ubuntu.com/ubuntu-ports jammy/universe arm64 libgeos-c1v5 arm64 3.10.2-1 [76.8 kB]
#10 129.8 Get:489 http://ports.ubuntu.com/ubuntu-ports jammy/universe arm64 proj-data all 8.2.1-1 [10.0 MB]
#10 132.2 Get:490 http://ports.ubuntu.com/ubuntu-ports jammy-updates/main arm64 libtiff5 arm64 4.3.0-6ubuntu0.12 [181 kB]
#10 132.2 Get:491 http://ports.ubuntu.com/ubuntu-ports jammy/universe arm64 libproj22 arm64 8.2.1-1 [1,164 kB]
#10 132.5 Get:492 http://ports.ubuntu.com/ubuntu-ports jammy/universe arm64 libgeotiff5 arm64 1.7.0-2build1 [62.6 kB]
#10 132.5 Get:493 http://ports.ubuntu.com/ubuntu-ports jammy/universe arm64 libhdf4-0-alt arm64 4.2.15-4 [279 kB]
#10 132.6 Get:494 http://ports.ubuntu.com/ubuntu-ports jammy/universe arm64 libheif1 arm64 1.12.0-2build1 [184 kB]
#10 132.6 Get:495 http://ports.ubuntu.com/ubuntu-ports jammy/universe arm64 libminizip1 arm64 1.1-8build1 [17.5 kB]
#10 132.6 Get:496 http://ports.ubuntu.com/ubuntu-ports jammy/universe arm64 liburiparser1 arm64 0.9.6+dfsg-1 [34.7 kB]
#10 132.6 Get:497 http://ports.ubuntu.com/ubuntu-ports jammy/universe arm64 libkmlbase1 arm64 1.3.0-9 [42.1 kB]
#10 132.6 Get:498 http://ports.ubuntu.com/ubuntu-ports jammy/universe arm64 libkmldom1 arm64 1.3.0-9 [137 kB]
#10 132.6 Get:499 http://ports.ubuntu.com/ubuntu-ports jammy/universe arm64 libkmlengine1 arm64 1.3.0-9 [65.2 kB]
#10 132.9 Get:500 http://ports.ubuntu.com/ubuntu-ports jammy/universe arm64 libnetcdf19 arm64 1:4.8.1-1 [456 kB]
#10 133.0 Get:501 http://ports.ubuntu.com/ubuntu-ports jammy-updates/main arm64 libodbc2 arm64 2.3.9-5ubuntu0.1 [145 kB]
#10 133.0 Get:502 http://ports.ubuntu.com/ubuntu-ports jammy-updates/main arm64 unixodbc-common all 2.3.9-5ubuntu0.1 [9,256 B]
#10 133.0 Get:503 http://ports.ubuntu.com/ubuntu-ports jammy-updates/main arm64 libodbcinst2 arm64 2.3.9-5ubuntu0.1 [30.2 kB]
#10 133.0 Get:504 http://ports.ubuntu.com/ubuntu-ports jammy/universe arm64 libogdi4.1 arm64 4.1.0+ds-5 [174 kB]
#10 133.0 Get:505 http://ports.ubuntu.com/ubuntu-ports jammy-updates/main arm64 libopenjp2-7 arm64 2.4.0-6ubuntu0.4 [155 kB]
#10 133.3 Get:506 http://ports.ubuntu.com/ubuntu-ports jammy-updates/main arm64 libpoppler118 arm64 22.02.0-2ubuntu0.12 [1,041 kB]
#10 133.7 Get:507 http://ports.ubuntu.com/ubuntu-ports jammy-updates/main arm64 libpq5 arm64 14.20-0ubuntu0.22.04.1 [148 kB]
#10 133.7 Get:508 http://ports.ubuntu.com/ubuntu-ports jammy/universe arm64 libqhull-r8.0 arm64 2020.2-4 [189 kB]
#10 133.7 Get:509 http://ports.ubuntu.com/ubuntu-ports jammy/universe arm64 librttopo1 arm64 1.1.0-2 [162 kB]
#10 133.7 Get:510 http://ports.ubuntu.com/ubuntu-ports jammy/universe arm64 libspatialite7 arm64 5.0.1-2build2 [1,852 kB]
#10 134.1 Get:511 http://ports.ubuntu.com/ubuntu-ports jammy-updates/universe arm64 libxerces-c3.2 arm64 3.2.3+debian-3ubuntu0.1 [867 kB]
#10 134.2 Get:512 http://ports.ubuntu.com/ubuntu-ports jammy/universe arm64 libgdal30 arm64 3.4.1+dfsg-1build4 [7,163 kB]
#10 135.0 Get:513 http://ports.ubuntu.com/ubuntu-ports jammy/universe arm64 libgeos-dev arm64 3.10.2-1 [46.6 kB]
#10 135.0 Get:514 http://ports.ubuntu.com/ubuntu-ports jammy-updates/main arm64 libgif-dev arm64 5.1.9-2ubuntu0.1 [22.9 kB]
#10 135.0 Get:515 http://ports.ubuntu.com/ubuntu-ports jammy-updates/main arm64 libgl1-amber-dri arm64 21.3.9-0ubuntu1~22.04.1 [1,850 kB]
#10 135.3 Get:516 http://ports.ubuntu.com/ubuntu-ports jammy/universe arm64 libgl2ps1.4 arm64 1.4.2+dfsg1-2 [41.5 kB]
#10 135.3 Get:517 http://ports.ubuntu.com/ubuntu-ports jammy/universe arm64 libgl2ps-dev arm64 1.4.2+dfsg1-2 [22.5 kB]
#10 135.4 Get:518 http://ports.ubuntu.com/ubuntu-ports jammy/main arm64 libgles1 arm64 1.4.0-1 [11.8 kB]
#10 135.4 Get:519 http://ports.ubuntu.com/ubuntu-ports jammy/main arm64 libgles2 arm64 1.4.0-1 [18.8 kB]
#10 135.4 Get:520 http://ports.ubuntu.com/ubuntu-ports jammy/main arm64 libgles-dev arm64 1.4.0-1 [49.4 kB]
#10 135.4 Get:521 http://ports.ubuntu.com/ubuntu-ports jammy/main arm64 libglvnd-core-dev arm64 1.4.0-1 [12.7 kB]
#10 135.4 Get:522 http://ports.ubuntu.com/ubuntu-ports jammy/main arm64 libopengl-dev arm64 1.4.0-1 [3,400 B]
#10 135.7 Get:523 http://ports.ubuntu.com/ubuntu-ports jammy/main arm64 libglvnd-dev arm64 1.4.0-1 [3,164 B]
#10 135.7 Get:524 http://ports.ubuntu.com/ubuntu-ports jammy-updates/main arm64 libgl1-mesa-dev arm64 23.2.1-1ubuntu3.1~22.04.3 [6,848 B]
#10 135.7 Get:525 http://ports.ubuntu.com/ubuntu-ports jammy/universe arm64 libglew2.2 arm64 2.2.0-4 [200 kB]
#10 135.8 Get:526 http://ports.ubuntu.com/ubuntu-ports jammy/universe arm64 libglew-dev arm64 2.2.0-4 [308 kB]
#10 135.8 Get:527 http://ports.ubuntu.com/ubuntu-ports jammy/universe arm64 libx265-dev arm64 3.5-2 [684 kB]
#10 135.8 Get:528 http://ports.ubuntu.com/ubuntu-ports jammy/universe arm64 libheif-dev arm64 1.12.0-2build1 [26.4 kB]
#10 135.8 Get:529 http://ports.ubuntu.com/ubuntu-ports jammy/main arm64 libice-dev arm64 2:1.0.10-1build2 [52.1 kB]
#10 135.8 Get:530 http://ports.ubuntu.com/ubuntu-ports jammy/universe arm64 libkmlconvenience1 arm64 1.3.0-9 [41.7 kB]
#10 135.9 Get:531 http://ports.ubuntu.com/ubuntu-ports jammy/universe arm64 libkmlregionator1 arm64 1.3.0-9 [18.3 kB]
#10 136.2 Get:532 http://ports.ubuntu.com/ubuntu-ports jammy/universe arm64 libkmlxsd1 arm64 1.3.0-9 [25.0 kB]
#10 136.2 Get:533 http://ports.ubuntu.com/ubuntu-ports jammy-updates/main arm64 libmbim-glib4 arm64 1.28.0-1~ubuntu20.04.2 [187 kB]
#10 136.2 Get:534 http://ports.ubuntu.com/ubuntu-ports jammy-updates/main arm64 libmbim-proxy arm64 1.28.0-1~ubuntu20.04.2 [5,906 B]
#10 136.5 Get:535 http://ports.ubuntu.com/ubuntu-ports jammy/universe arm64 libminizip-dev arm64 1.1-8build1 [24.7 kB]
#10 136.5 Get:536 http://ports.ubuntu.com/ubuntu-ports jammy/universe arm64 libnetcdf-c++4 arm64 4.2-12build1 [35.8 kB]
#10 136.6 Get:537 http://ports.ubuntu.com/ubuntu-ports jammy/universe arm64 libnetcdf-dev arm64 1:4.8.1-1 [50.3 kB]
#10 136.6 Get:538 http://ports.ubuntu.com/ubuntu-ports jammy/universe arm64 libnetcdf-cxx-legacy-dev arm64 4.2-12build1 [62.7 kB]
#10 136.6 Get:539 http://ports.ubuntu.com/ubuntu-ports jammy/main arm64 libnl-genl-3-200 arm64 3.5.0-0.1 [12.1 kB]
#10 136.6 Get:540 http://ports.ubuntu.com/ubuntu-ports jammy/main arm64 libnss-mdns arm64 0.15.1-1ubuntu1 [26.6 kB]
#10 136.6 Get:541 http://ports.ubuntu.com/ubuntu-ports jammy-updates/main arm64 libodbccr2 arm64 2.3.9-5ubuntu0.1 [15.6 kB]
#10 136.9 Get:542 http://ports.ubuntu.com/ubuntu-ports jammy/universe arm64 libogdi-dev arm64 4.1.0+ds-5 [22.1 kB]
#10 136.9 Get:543 http://ports.ubuntu.com/ubuntu-ports jammy/main arm64 libogg-dev arm64 1.3.5-0ubuntu3 [161 kB]
#10 136.9 Get:544 http://ports.ubuntu.com/ubuntu-ports jammy/universe arm64 libopenni0 arm64 1.5.4.0+dfsg-5 [288 kB]
#10 137.2 Get:545 http://ports.ubuntu.com/ubuntu-ports jammy/universe arm64 libopenni-dev arm64 1.5.4.0+dfsg-5 [139 kB]
#10 137.3 Get:546 http://ports.ubuntu.com/ubuntu-ports jammy/universe arm64 openni-utils arm64 1.5.4.0+dfsg-5 [108 kB]
#10 137.4 Get:547 http://ports.ubuntu.com/ubuntu-ports jammy/universe arm64 libopenni-sensor-pointclouds0 arm64 5.1.0.41.9-4 [304 kB]
#10 137.4 Get:548 http://ports.ubuntu.com/ubuntu-ports jammy/universe arm64 libopenni2-0 arm64 2.2.0.33+dfsg-15 [361 kB]
#10 137.4 Get:549 http://ports.ubuntu.com/ubuntu-ports jammy/universe arm64 libopenni2-dev arm64 2.2.0.33+dfsg-15 [53.8 kB]
#10 137.4 Get:550 http://ports.ubuntu.com/ubuntu-ports jammy/universe arm64 libpcl-common1.12 arm64 1.12.1+dfsg-3build1 [172 kB]
#10 137.4 Get:551 http://ports.ubuntu.com/ubuntu-ports jammy/universe arm64 libpcl-kdtree1.12 arm64 1.12.1+dfsg-3build1 [210 kB]
#10 137.6 Get:552 http://ports.ubuntu.com/ubuntu-ports jammy/universe arm64 libpcl-octree1.12 arm64 1.12.1+dfsg-3build1 [227 kB]
#10 137.7 Get:553 http://ports.ubuntu.com/ubuntu-ports jammy/universe arm64 libpcl-sample-consensus1.12 arm64 1.12.1+dfsg-3build1 [1,261 kB]
#10 137.8 Get:554 http://ports.ubuntu.com/ubuntu-ports jammy/universe arm64 libpcl-search1.12 arm64 1.12.1+dfsg-3build1 [242 kB]
#10 138.0 Get:555 http://ports.ubuntu.com/ubuntu-ports jammy/universe arm64 libpcl-filters1.12 arm64 1.12.1+dfsg-3build1 [942 kB]
#10 138.1 Get:556 http://ports.ubuntu.com/ubuntu-ports jammy/universe arm64 libpcl-features1.12 arm64 1.12.1+dfsg-3build1 [3,839 kB]
#10 138.6 Get:557 http://ports.ubuntu.com/ubuntu-ports jammy/universe arm64 libpcl-ml1.12 arm64 1.12.1+dfsg-3build1 [65.6 kB]
#10 138.6 Get:558 http://ports.ubuntu.com/ubuntu-ports jammy/universe arm64 libpcl-segmentation1.12 arm64 1.12.1+dfsg-3build1 [1,337 kB]
#10 139.4 Get:559 http://ports.ubuntu.com/ubuntu-ports jammy/main arm64 libtcl8.6 arm64 8.6.12+dfsg-1build1 [987 kB]
#10 139.6 Get:560 http://ports.ubuntu.com/ubuntu-ports jammy/main arm64 libxss1 arm64 1:1.2.3-1build2 [8,252 B]
#10 139.6 Get:561 http://ports.ubuntu.com/ubuntu-ports jammy/main arm64 libtk8.6 arm64 8.6.12-1build1 [777 kB]
#10 140.0 Get:562 http://ports.ubuntu.com/ubuntu-ports jammy/universe arm64 libvtk9.1 arm64 9.1.0+really9.1.0+dfsg2-3build1 [18.9 MB]
#10 142.6 Get:563 http://ports.ubuntu.com/ubuntu-ports jammy/universe arm64 libpcl-surface1.12 arm64 1.12.1+dfsg-3build1 [1,544 kB]
#10 142.7 Get:564 http://ports.ubuntu.com/ubuntu-ports jammy/universe arm64 libpcl-apps1.12 arm64 1.12.1+dfsg-3build1 [210 kB]
#10 143.0 Get:565 http://ports.ubuntu.com/ubuntu-ports jammy/universe arm64 libpcl-io1.12 arm64 1.12.1+dfsg-3build1 [533 kB]
#10 143.0 Get:566 http://ports.ubuntu.com/ubuntu-ports jammy/universe arm64 libpcl-keypoints1.12 arm64 1.12.1+dfsg-3build1 [251 kB]
#10 143.1 Get:567 http://ports.ubuntu.com/ubuntu-ports jammy/universe arm64 libpcl-outofcore1.12 arm64 1.12.1+dfsg-3build1 [38.0 kB]
#10 143.1 Get:568 http://ports.ubuntu.com/ubuntu-ports jammy/universe arm64 libpcl-people1.12 arm64 1.12.1+dfsg-3build1 [19.9 kB]
#10 143.1 Get:569 http://ports.ubuntu.com/ubuntu-ports jammy/universe arm64 libpcl-recognition1.12 arm64 1.12.1+dfsg-3build1 [665 kB]
#10 143.2 Get:570 http://ports.ubuntu.com/ubuntu-ports jammy/universe arm64 libpcl-registration1.12 arm64 1.12.1+dfsg-3build1 [327 kB]
#10 143.2 Get:571 http://ports.ubuntu.com/ubuntu-ports jammy/universe arm64 libpcl-stereo1.12 arm64 1.12.1+dfsg-3build1 [58.3 kB]
#10 143.2 Get:572 http://ports.ubuntu.com/ubuntu-ports jammy/universe arm64 libpcl-tracking1.12 arm64 1.12.1+dfsg-3build1 [370 kB]
#10 143.4 Get:573 http://ports.ubuntu.com/ubuntu-ports jammy/universe arm64 libpcl-visualization1.12 arm64 1.12.1+dfsg-3build1 [267 kB]
#10 143.5 Get:574 http://ports.ubuntu.com/ubuntu-ports jammy-updates/main arm64 libpcre2-32-0 arm64 10.39-3ubuntu0.1 [177 kB]
#10 143.7 Get:575 http://ports.ubuntu.com/ubuntu-ports jammy-updates/main arm64 libpcre2-posix3 arm64 10.39-3ubuntu0.1 [5,968 B]
#10 143.7 Get:576 http://ports.ubuntu.com/ubuntu-ports jammy-updates/main arm64 libpcre2-dev arm64 10.39-3ubuntu0.1 [663 kB]
#10 144.1 Get:577 http://ports.ubuntu.com/ubuntu-ports jammy-updates/main arm64 libpng-tools arm64 1.6.37-3ubuntu0.3 [28.5 kB]
#10 144.9 Get:578 http://ports.ubuntu.com/ubuntu-ports jammy-updates/main arm64 libpoppler-dev arm64 22.02.0-2ubuntu0.12 [5,182 B]
#10 145.2 Get:579 http://ports.ubuntu.com/ubuntu-ports jammy-updates/main arm64 libpoppler-private-dev arm64 22.02.0-2ubuntu0.12 [199 kB]
#10 146.5 Get:580 http://ports.ubuntu.com/ubuntu-ports jammy-updates/main arm64 libpq-dev arm64 14.20-0ubuntu0.22.04.1 [149 kB]
#10 146.8 Get:581 http://ports.ubuntu.com/ubuntu-ports jammy/universe arm64 libqhull8.0 arm64 2020.2-4 [194 kB]
#10 147.0 Get:582 http://ports.ubuntu.com/ubuntu-ports jammy/universe arm64 libqhullcpp8.0 arm64 2020.2-4 [50.7 kB]
#10 147.0 Get:583 http://ports.ubuntu.com/ubuntu-ports jammy/universe arm64 libqhull-dev arm64 2020.2-4 [499 kB]
#10 147.3 Get:584 http://ports.ubuntu.com/ubuntu-ports jammy-updates/main arm64 libqmi-glib5 arm64 1.32.0-1ubuntu0.22.04.1 [735 kB]
#10 147.6 Get:585 http://ports.ubuntu.com/ubuntu-ports jammy-updates/main arm64 libqmi-proxy arm64 1.32.0-1ubuntu0.22.04.1 [5,900 B]
#10 147.6 Get:586 http://ports.ubuntu.com/ubuntu-ports jammy/universe arm64 libqt5designer5 arm64 5.15.3-1 [2,847 kB]
#10 148.1 Get:587 http://ports.ubuntu.com/ubuntu-ports jammy/universe arm64 libqt5designercomponents5 arm64 5.15.3-1 [799 kB]
#10 148.3 Get:588 http://ports.ubuntu.com/ubuntu-ports jammy/universe arm64 libqt5help5 arm64 5.15.3-1 [165 kB]
#10 148.3 Get:589 http://ports.ubuntu.com/ubuntu-ports jammy-updates/universe arm64 libqt5opengl5 arm64 5.15.3+dfsg-2ubuntu0.2 [150 kB]
#10 148.3 Get:590 http://ports.ubuntu.com/ubuntu-ports jammy-updates/universe arm64 libqt5opengl5-dev arm64 5.15.3+dfsg-2ubuntu0.2 [42.2 kB]
#10 148.3 Get:591 http://ports.ubuntu.com/ubuntu-ports jammy-updates/universe arm64 libqt5sql5-sqlite arm64 5.15.3+dfsg-2ubuntu0.2 [52.6 kB]
#10 148.3 Get:592 http://ports.ubuntu.com/ubuntu-ports jammy/universe arm64 librttopo-dev arm64 1.1.0-2 [206 kB]
#10 148.3 Get:593 http://ports.ubuntu.com/ubuntu-ports jammy/main arm64 libsm-dev arm64 2:1.2.3-1build2 [18.2 kB]
#10 148.3 Get:594 http://ports.ubuntu.com/ubuntu-ports jammy-updates/universe arm64 libswscale-dev arm64 7:4.4.2-0ubuntu0.22.04.1 [183 kB]
#10 148.4 Get:595 http://ports.ubuntu.com/ubuntu-ports jammy/main arm64 libtheora-dev arm64 1.1.1+dfsg.1-15ubuntu4 [186 kB]
#10 148.7 Get:596 http://ports.ubuntu.com/ubuntu-ports jammy-updates/main arm64 libjbig-dev arm64 2.1-3.1ubuntu0.22.04.1 [27.4 kB]
#10 148.7 Get:597 http://ports.ubuntu.com/ubuntu-ports jammy/main arm64 liblzma-dev arm64 5.2.5-2ubuntu1 [159 kB]
#10 148.7 Get:598 http://ports.ubuntu.com/ubuntu-ports jammy-updates/main arm64 libtiffxx5 arm64 4.3.0-6ubuntu0.12 [5,604 B]
#10 148.7 Get:599 http://ports.ubuntu.com/ubuntu-ports jammy-updates/main arm64 libtiff-dev arm64 4.3.0-6ubuntu0.12 [314 kB]
#10 148.8 Get:600 http://ports.ubuntu.com/ubuntu-ports jammy/main arm64 libtool all 2.4.6-15build2 [164 kB]
#10 148.8 Get:601 http://ports.ubuntu.com/ubuntu-ports jammy/universe arm64 liburiparser-dev arm64 0.9.6+dfsg-1 [12.2 kB]
#10 148.8 Get:602 http://ports.ubuntu.com/ubuntu-ports jammy-updates/main arm64 libusb-1.0-0-dev arm64 2:1.0.25-1ubuntu2 [77.5 kB]
#10 149.0 Get:603 http://ports.ubuntu.com/ubuntu-ports jammy-updates/main arm64 libusb-1.0-doc all 2:1.0.25-1ubuntu2 [183 kB]
#10 149.0 Get:604 http://ports.ubuntu.com/ubuntu-ports jammy/main arm64 libutempter0 arm64 1.2.1-2build2 [8,774 B]
#10 149.0 Get:605 http://ports.ubuntu.com/ubuntu-ports jammy/universe arm64 libutfcpp-dev arm64 3.2.1-2 [10.2 kB]
#10 149.4 Get:606 http://ports.ubuntu.com/ubuntu-ports jammy/universe arm64 libdouble-conversion-dev arm64 3.1.7-4 [58.6 kB]
#10 149.4 Get:607 http://ports.ubuntu.com/ubuntu-ports jammy/universe arm64 libfreexl-dev arm64 1.0.6-1 [30.3 kB]
#10 149.4 Get:608 http://ports.ubuntu.com/ubuntu-ports jammy/universe arm64 libproj-dev arm64 8.2.1-1 [1,555 kB]
#10 149.5 Get:609 http://ports.ubuntu.com/ubuntu-ports jammy/universe arm64 libgeotiff-dev arm64 1.7.0-2build1 [92.6 kB]
#10 149.5 Get:610 http://ports.ubuntu.com/ubuntu-ports jammy/universe arm64 libhdf4-alt-dev arm64 4.2.15-4 [422 kB]
#10 149.6 Get:611 http://ports.ubuntu.com/ubuntu-ports jammy-updates/main arm64 libjson-c-dev arm64 0.15-3~ubuntu1.22.04.2 [60.2 kB]
#10 149.6 Get:612 http://ports.ubuntu.com/ubuntu-ports jammy/universe arm64 libkml-dev arm64 1.3.0-9 [933 kB]
#10 149.8 Get:613 http://ports.ubuntu.com/ubuntu-ports jammy-updates/main arm64 libopenjp2-7-dev arm64 2.4.0-6ubuntu0.4 [248 kB]
#10 149.8 Get:614 http://ports.ubuntu.com/ubuntu-ports jammy-updates/main arm64 libxml2-dev arm64 2.9.13+dfsg-1ubuntu0.10 [805 kB]
#10 150.2 Get:615 http://ports.ubuntu.com/ubuntu-ports jammy/universe arm64 libspatialite-dev arm64 5.0.1-2build2 [2,298 kB]
#10 150.2 Get:616 http://ports.ubuntu.com/ubuntu-ports jammy-updates/main arm64 libwebpdemux2 arm64 1.2.2-2ubuntu0.22.04.2 [10.0 kB]
#10 150.2 Get:617 http://ports.ubuntu.com/ubuntu-ports jammy-updates/main arm64 libwebp-dev arm64 1.2.2-2ubuntu0.22.04.2 [287 kB]
#10 150.5 Get:618 http://ports.ubuntu.com/ubuntu-ports jammy-updates/universe arm64 libxerces-c-dev arm64 3.2.3+debian-3ubuntu0.1 [1,790 kB]
#10 150.6 Get:619 http://ports.ubuntu.com/ubuntu-ports jammy-updates/main arm64 unixodbc-dev arm64 2.3.9-5ubuntu0.1 [234 kB]
#10 150.7 Get:620 http://ports.ubuntu.com/ubuntu-ports jammy/universe arm64 libgdal-dev arm64 3.4.1+dfsg-1build4 [10.2 MB]
#10 152.0 Get:621 http://ports.ubuntu.com/ubuntu-ports jammy/main arm64 libjsoncpp-dev arm64 1.9.5-3 [22.9 kB]
#10 152.0 Get:622 http://ports.ubuntu.com/ubuntu-ports jammy/universe arm64 libtbb-dev arm64 2021.5.0-7ubuntu2 [191 kB]
#10 152.0 Get:623 http://ports.ubuntu.com/ubuntu-ports jammy/universe arm64 libvtk9.1-qt arm64 9.1.0+really9.1.0+dfsg2-3build1 [175 kB]
#10 152.1 Get:624 http://ports.ubuntu.com/ubuntu-ports jammy/universe arm64 libvtk9-java arm64 9.1.0+really9.1.0+dfsg2-3build1 [6,310 kB]
#10 152.8 Get:625 http://ports.ubuntu.com/ubuntu-ports jammy/main arm64 libxrender-dev arm64 1:0.9.10-1build4 [26.4 kB]
#10 152.8 Get:626 http://ports.ubuntu.com/ubuntu-ports jammy/main arm64 libxft-dev arm64 2.3.4-1 [53.4 kB]
#10 152.8 Get:627 http://ports.ubuntu.com/ubuntu-ports jammy/main arm64 libxss-dev arm64 1:1.2.3-1build2 [12.3 kB]
#10 152.8 Get:628 http://ports.ubuntu.com/ubuntu-ports jammy/main arm64 libxt-dev arm64 1:1.2.1-1 [403 kB]
#10 152.8 Get:629 http://ports.ubuntu.com/ubuntu-ports jammy/universe arm64 python3-mpi4py arm64 3.1.3-1build2 [446 kB]
#10 152.9 Get:630 http://ports.ubuntu.com/ubuntu-ports jammy/universe arm64 python3-vtk9 arm64 9.1.0+really9.1.0+dfsg2-3build1 [7,527 kB]
#10 153.9 Get:631 http://ports.ubuntu.com/ubuntu-ports jammy/main arm64 tcl8.6 arm64 8.6.12+dfsg-1build1 [15.0 kB]
#10 153.9 Get:632 http://ports.ubuntu.com/ubuntu-ports jammy/main arm64 tcl8.6-dev arm64 8.6.12+dfsg-1build1 [1,028 kB]
#10 154.0 Get:633 http://ports.ubuntu.com/ubuntu-ports jammy/main arm64 tcl arm64 8.6.11+1build2 [4,678 B]
#10 154.0 Get:634 http://ports.ubuntu.com/ubuntu-ports jammy/main arm64 tcl-dev arm64 8.6.11+1build2 [5,750 B]
#10 154.0 Get:635 http://ports.ubuntu.com/ubuntu-ports jammy/main arm64 tk8.6 arm64 8.6.12-1build1 [12.7 kB]
#10 154.0 Get:636 http://ports.ubuntu.com/ubuntu-ports jammy/main arm64 tk8.6-dev arm64 8.6.12-1build1 [813 kB]
#10 154.1 Get:637 http://ports.ubuntu.com/ubuntu-ports jammy/main arm64 tk arm64 8.6.11+1build2 [3,058 B]
#10 154.1 Get:638 http://ports.ubuntu.com/ubuntu-ports jammy/main arm64 tk-dev arm64 8.6.11+1build2 [2,890 B]
#10 154.1 Get:639 http://ports.ubuntu.com/ubuntu-ports jammy/universe arm64 vtk9 arm64 9.1.0+really9.1.0+dfsg2-3build1 [15.9 kB]
#10 154.2 Get:640 http://ports.ubuntu.com/ubuntu-ports jammy/universe arm64 libvtk9-dev arm64 9.1.0+really9.1.0+dfsg2-3build1 [2,768 kB]
#10 154.6 Get:641 http://ports.ubuntu.com/ubuntu-ports jammy/universe arm64 qdoc-qt5 arm64 5.15.3-1 [644 kB]
#10 154.7 Get:642 http://ports.ubuntu.com/ubuntu-ports jammy/universe arm64 qhelpgenerator-qt5 arm64 5.15.3-1 [62.0 kB]
#10 154.7 Get:643 http://ports.ubuntu.com/ubuntu-ports jammy/universe arm64 qt5-assistant arm64 5.15.3-1 [377 kB]
#10 155.1 Get:644 http://ports.ubuntu.com/ubuntu-ports jammy/universe arm64 qtattributionsscanner-qt5 arm64 5.15.3-1 [33.1 kB]
#10 155.1 Get:645 http://ports.ubuntu.com/ubuntu-ports jammy/universe arm64 qttools5-dev-tools arm64 5.15.3-1 [1,175 kB]
#10 155.1 Get:646 http://ports.ubuntu.com/ubuntu-ports jammy/universe arm64 qttools5-dev arm64 5.15.3-1 [218 kB]
#10 155.1 Get:647 http://ports.ubuntu.com/ubuntu-ports jammy/universe arm64 qttools5-private-dev arm64 5.15.3-1 [71.6 kB]
#10 155.1 Get:648 http://ports.ubuntu.com/ubuntu-ports jammy/universe arm64 libvtk9-qt-dev arm64 9.1.0+really9.1.0+dfsg2-3build1 [28.6 kB]
#10 155.1 Get:649 http://ports.ubuntu.com/ubuntu-ports jammy/main arm64 libwacom-bin arm64 2.2.0-1 [13.3 kB]
#10 155.1 Get:650 http://ports.ubuntu.com/ubuntu-ports jammy-updates/main arm64 mesa-vulkan-drivers arm64 23.2.1-1ubuntu3.1~22.04.3 [5,608 kB]
#10 156.1 Get:651 http://ports.ubuntu.com/ubuntu-ports jammy-updates/main arm64 modemmanager arm64 1.20.0-1~ubuntu22.04.4 [1,046 kB]
#10 156.2 Get:652 http://ports.ubuntu.com/ubuntu-ports jammy-updates/universe arm64 qt5-gtk-platformtheme arm64 5.15.3+dfsg-2ubuntu0.2 [129 kB]
#10 156.3 Get:653 http://ports.ubuntu.com/ubuntu-ports jammy/universe arm64 qttranslations5-l10n all 5.15.3-1 [1,983 kB]
#10 156.9 Get:654 http://ports.ubuntu.com/ubuntu-ports jammy/universe arm64 libpcl-dev arm64 1.12.1+dfsg-3build1 [1,125 kB]
#10 156.9 Get:655 http://ports.ubuntu.com/ubuntu-ports jammy-updates/main arm64 systemd-hwe-hwdb all 249.11.6 [3,668 B]
#10 156.9 Get:656 http://ports.ubuntu.com/ubuntu-ports jammy-updates/main arm64 wpasupplicant arm64 2:2.10-6ubuntu2.3 [1,450 kB]
#10 156.9 Get:657 http://ports.ubuntu.com/ubuntu-ports jammy/main arm64 xbitmaps all 1.1.1-2.1ubuntu1 [23.4 kB]
#10 156.9 Get:658 http://ports.ubuntu.com/ubuntu-ports jammy/universe arm64 xterm arm64 372-1ubuntu1 [858 kB]
#10 157.3 Get:659 http://ports.ubuntu.com/ubuntu-ports jammy/universe arm64 proj-bin arm64 8.2.1-1 [147 kB]
#10 157.3 Get:660 http://ports.ubuntu.com/ubuntu-ports jammy/main arm64 usb-modeswitch-data all 20191128-4 [33.2 kB]
#10 157.3 Get:661 http://ports.ubuntu.com/ubuntu-ports jammy/main arm64 usb-modeswitch arm64 2.6.1-3ubuntu2 [45.1 kB]
#10 158.2 debconf: delaying package configuration, since apt-utils is not installed
#10 158.5 Fetched 506 MB in 2min 10s (3,882 kB/s)
#10 158.6 (Reading database ... (Reading database ... 5%(Reading database ... 10%(Reading database ... 15%(Reading database ... 20%(Reading database ... 25%(Reading database ... 30%(Reading database ... 35%(Reading database ... 40%(Reading database ... 45%(Reading database ... 50%(Reading database ... 55%(Reading database ... 60%(Reading database ... 65%(Reading database ... 70%(Reading database ... 75%(Reading database ... 80%(Reading database ... 85%(Reading database ... 90%(Reading database ... 95%(Reading database ... 100%(Reading database ... 67570 files and directories currently installed.)
#10 158.8 Preparing to unpack .../systemd-sysv_249.11-0ubuntu3.17_arm64.deb ...
#10 158.9 Unpacking systemd-sysv (249.11-0ubuntu3.17) over (249.11-0ubuntu3.11) ...
#10 159.1 Preparing to unpack .../libpam-systemd_249.11-0ubuntu3.17_arm64.deb ...
#10 159.1 Unpacking libpam-systemd:arm64 (249.11-0ubuntu3.17) over (249.11-0ubuntu3.11) ...
#10 159.5 Preparing to unpack .../systemd_249.11-0ubuntu3.17_arm64.deb ...
#10 159.6 Unpacking systemd (249.11-0ubuntu3.17) over (249.11-0ubuntu3.11) ...
#10 168.3 Preparing to unpack .../libsystemd0_249.11-0ubuntu3.17_arm64.deb ...
#10 168.3 Unpacking libsystemd0:arm64 (249.11-0ubuntu3.17) over (249.11-0ubuntu3.11) ...
#10 168.9 Setting up libsystemd0:arm64 (249.11-0ubuntu3.17) ...
#10 169.1 (Reading database ... (Reading database ... 5%(Reading database ... 10%(Reading database ... 15%(Reading database ... 20%(Reading database ... 25%(Reading database ... 30%(Reading database ... 35%(Reading database ... 40%(Reading database ... 45%(Reading database ... 50%(Reading database ... 55%(Reading database ... 60%(Reading database ... 65%(Reading database ... 70%(Reading database ... 75%(Reading database ... 80%(Reading database ... 85%(Reading database ... 90%(Reading database ... 95%(Reading database ... 100%(Reading database ... 67570 files and directories currently installed.)
#10 169.3 Preparing to unpack .../00-libavahi-client3_0.8-5ubuntu5.4_arm64.deb ...
#10 169.3 Unpacking libavahi-client3:arm64 (0.8-5ubuntu5.4) over (0.8-5ubuntu5.2) ...
#10 169.5 Preparing to unpack .../01-libavahi-common3_0.8-5ubuntu5.4_arm64.deb ...
#10 169.6 Unpacking libavahi-common3:arm64 (0.8-5ubuntu5.4) over (0.8-5ubuntu5.2) ...
#10 169.8 Preparing to unpack .../02-libavahi-common-data_0.8-5ubuntu5.4_arm64.deb ...
#10 169.9 Unpacking libavahi-common-data:arm64 (0.8-5ubuntu5.4) over (0.8-5ubuntu5.2) ...
#10 170.1 Selecting previously unselected package libavahi-core7:arm64.
#10 170.1 Preparing to unpack .../03-libavahi-core7_0.8-5ubuntu5.4_arm64.deb ...
#10 170.1 Unpacking libavahi-core7:arm64 (0.8-5ubuntu5.4) ...
#10 170.2 Selecting previously unselected package libdaemon0:arm64.
#10 170.3 Preparing to unpack .../04-libdaemon0_0.14-7.1ubuntu3_arm64.deb ...
#10 170.3 Unpacking libdaemon0:arm64 (0.14-7.1ubuntu3) ...
#10 170.5 Selecting previously unselected package libedit2:arm64.
#10 170.5 Preparing to unpack .../05-libedit2_3.1-20210910-1build1_arm64.deb ...
#10 170.5 Unpacking libedit2:arm64 (3.1-20210910-1build1) ...
#10 170.7 Selecting previously unselected package liblmdb0:arm64.
#10 170.7 Preparing to unpack .../06-liblmdb0_0.9.24-1build2_arm64.deb ...
#10 170.7 Unpacking liblmdb0:arm64 (0.9.24-1build2) ...
#10 170.9 Selecting previously unselected package libmaxminddb0:arm64.
#10 170.9 Preparing to unpack .../07-libmaxminddb0_1.5.2-1build2_arm64.deb ...
#10 171.0 Unpacking libmaxminddb0:arm64 (1.5.2-1build2) ...
#10 171.1 Preparing to unpack .../08-libxml2_2.9.13+dfsg-1ubuntu0.10_arm64.deb ...
#10 171.2 Unpacking libxml2:arm64 (2.9.13+dfsg-1ubuntu0.10) over (2.9.13+dfsg-1ubuntu0.3) ...
#10 171.8 Selecting previously unselected package bind9-libs:arm64.
#10 171.8 Preparing to unpack .../09-bind9-libs_1%3a9.18.39-0ubuntu0.22.04.2_arm64.deb ...
#10 171.8 Unpacking bind9-libs:arm64 (1:9.18.39-0ubuntu0.22.04.2) ...
#10 172.0 Selecting previously unselected package bind9-host.
#10 172.1 Preparing to unpack .../10-bind9-host_1%3a9.18.39-0ubuntu0.22.04.2_arm64.deb ...
#10 172.1 Unpacking bind9-host (1:9.18.39-0ubuntu0.22.04.2) ...
#10 172.3 Selecting previously unselected package avahi-daemon.
#10 172.3 Preparing to unpack .../11-avahi-daemon_0.8-5ubuntu5.4_arm64.deb ...
#10 172.3 Unpacking avahi-daemon (0.8-5ubuntu5.4) ...
#10 172.5 Selecting previously unselected package libdouble-conversion3:arm64.
#10 172.6 Preparing to unpack .../12-libdouble-conversion3_3.1.7-4_arm64.deb ...
#10 172.6 Unpacking libdouble-conversion3:arm64 (3.1.7-4) ...
#10 172.7 Selecting previously unselected package libpcre2-16-0:arm64.
#10 172.7 Preparing to unpack .../13-libpcre2-16-0_10.39-3ubuntu0.1_arm64.deb ...
#10 172.8 Unpacking libpcre2-16-0:arm64 (10.39-3ubuntu0.1) ...
#10 173.0 Selecting previously unselected package libqt5core5a:arm64.
#10 173.0 Preparing to unpack .../14-libqt5core5a_5.15.3+dfsg-2ubuntu0.2_arm64.deb ...
#10 173.0 Unpacking libqt5core5a:arm64 (5.15.3+dfsg-2ubuntu0.2) ...
#10 173.2 Selecting previously unselected package libglvnd0:arm64.
#10 173.3 Preparing to unpack .../15-libglvnd0_1.4.0-1_arm64.deb ...
#10 173.3 Unpacking libglvnd0:arm64 (1.4.0-1) ...
#10 173.5 Selecting previously unselected package libwayland-server0:arm64.
#10 173.5 Preparing to unpack .../16-libwayland-server0_1.20.0-1ubuntu0.1_arm64.deb ...
#10 173.5 Unpacking libwayland-server0:arm64 (1.20.0-1ubuntu0.1) ...
#10 173.7 Selecting previously unselected package libxcb-randr0:arm64.
#10 173.7 Preparing to unpack .../17-libxcb-randr0_1.14-3ubuntu3_arm64.deb ...
#10 173.7 Unpacking libxcb-randr0:arm64 (1.14-3ubuntu3) ...
#10 173.9 Selecting previously unselected package libgbm1:arm64.
#10 173.9 Preparing to unpack .../18-libgbm1_23.2.1-1ubuntu3.1~22.04.3_arm64.deb ...
#10 174.0 Unpacking libgbm1:arm64 (23.2.1-1ubuntu3.1~22.04.3) ...
#10 174.1 Selecting previously unselected package libglapi-mesa:arm64.
#10 174.1 Preparing to unpack .../19-libglapi-mesa_23.2.1-1ubuntu3.1~22.04.3_arm64.deb ...
#10 174.1 Unpacking libglapi-mesa:arm64 (23.2.1-1ubuntu3.1~22.04.3) ...
#10 174.3 Selecting previously unselected package libx11-xcb1:arm64.
#10 174.3 Preparing to unpack .../20-libx11-xcb1_2%3a1.7.5-1ubuntu0.3_arm64.deb ...
#10 174.3 Unpacking libx11-xcb1:arm64 (2:1.7.5-1ubuntu0.3) ...
#10 174.5 Selecting previously unselected package libxcb-dri2-0:arm64.
#10 174.5 Preparing to unpack .../21-libxcb-dri2-0_1.14-3ubuntu3_arm64.deb ...
#10 174.5 Unpacking libxcb-dri2-0:arm64 (1.14-3ubuntu3) ...
#10 174.6 Selecting previously unselected package libxcb-dri3-0:arm64.
#10 174.7 Preparing to unpack .../22-libxcb-dri3-0_1.14-3ubuntu3_arm64.deb ...
#10 174.7 Unpacking libxcb-dri3-0:arm64 (1.14-3ubuntu3) ...
#10 174.8 Selecting previously unselected package libxcb-present0:arm64.
#10 174.9 Preparing to unpack .../23-libxcb-present0_1.14-3ubuntu3_arm64.deb ...
#10 174.9 Unpacking libxcb-present0:arm64 (1.14-3ubuntu3) ...
#10 175.1 Selecting previously unselected package libxcb-sync1:arm64.
#10 175.1 Preparing to unpack .../24-libxcb-sync1_1.14-3ubuntu3_arm64.deb ...
#10 175.1 Unpacking libxcb-sync1:arm64 (1.14-3ubuntu3) ...
#10 175.2 Selecting previously unselected package libxcb-xfixes0:arm64.
#10 175.3 Preparing to unpack .../25-libxcb-xfixes0_1.14-3ubuntu3_arm64.deb ...
#10 175.3 Unpacking libxcb-xfixes0:arm64 (1.14-3ubuntu3) ...
#10 175.4 Selecting previously unselected package libxshmfence1:arm64.
#10 175.5 Preparing to unpack .../26-libxshmfence1_1.3-1build4_arm64.deb ...
#10 175.5 Unpacking libxshmfence1:arm64 (1.3-1build4) ...
#10 175.7 Selecting previously unselected package libegl-mesa0:arm64.
#10 175.7 Preparing to unpack .../27-libegl-mesa0_23.2.1-1ubuntu3.1~22.04.3_arm64.deb ...
#10 175.7 Unpacking libegl-mesa0:arm64 (23.2.1-1ubuntu3.1~22.04.3) ...
#10 176.1 Selecting previously unselected package libegl1:arm64.
#10 176.2 Preparing to unpack .../28-libegl1_1.4.0-1_arm64.deb ...
#10 176.2 Unpacking libegl1:arm64 (1.4.0-1) ...
#10 176.4 Preparing to unpack .../29-libpng16-16_1.6.37-3ubuntu0.3_arm64.deb ...
#10 176.4 Unpacking libpng16-16:arm64 (1.6.37-3ubuntu0.3) over (1.6.37-3build5) ...
#10 176.8 Preparing to unpack .../30-libfreetype6_2.11.1+dfsg-1ubuntu0.3_arm64.deb ...
#10 176.8 Unpacking libfreetype6:arm64 (2.11.1+dfsg-1ubuntu0.3) over (2.11.1+dfsg-1ubuntu0.2) ...
#10 177.3 Selecting previously unselected package libxcb-glx0:arm64.
#10 177.3 Preparing to unpack .../31-libxcb-glx0_1.14-3ubuntu3_arm64.deb ...
#10 177.3 Unpacking libxcb-glx0:arm64 (1.14-3ubuntu3) ...
#10 177.4 Selecting previously unselected package libxxf86vm1:arm64.
#10 177.5 Preparing to unpack .../32-libxxf86vm1_1%3a1.1.4-1build3_arm64.deb ...
#10 177.5 Unpacking libxxf86vm1:arm64 (1:1.1.4-1build3) ...
#10 177.7 Selecting previously unselected package libdrm-amdgpu1:arm64.
#10 177.7 Preparing to unpack .../33-libdrm-amdgpu1_2.4.113-2~ubuntu0.22.04.1_arm64.deb ...
#10 177.7 Unpacking libdrm-amdgpu1:arm64 (2.4.113-2~ubuntu0.22.04.1) ...
#10 177.9 Selecting previously unselected package libdrm-nouveau2:arm64.
#10 177.9 Preparing to unpack .../34-libdrm-nouveau2_2.4.113-2~ubuntu0.22.04.1_arm64.deb ...
#10 177.9 Unpacking libdrm-nouveau2:arm64 (2.4.113-2~ubuntu0.22.04.1) ...
#10 178.0 Selecting previously unselected package libdrm-radeon1:arm64.
#10 178.1 Preparing to unpack .../35-libdrm-radeon1_2.4.113-2~ubuntu0.22.04.1_arm64.deb ...
#10 178.1 Unpacking libdrm-radeon1:arm64 (2.4.113-2~ubuntu0.22.04.1) ...
#10 178.2 Selecting previously unselected package libllvm15:arm64.
#10 178.3 Preparing to unpack .../36-libllvm15_1%3a15.0.7-0ubuntu0.22.04.3_arm64.deb ...
#10 178.3 Unpacking libllvm15:arm64 (1:15.0.7-0ubuntu0.22.04.3) ...
#10 179.8 Selecting previously unselected package libsensors-config.
#10 179.9 Preparing to unpack .../37-libsensors-config_1%3a3.6.0-7ubuntu1_all.deb ...
#10 179.9 Unpacking libsensors-config (1:3.6.0-7ubuntu1) ...
#10 180.1 Selecting previously unselected package libsensors5:arm64.
#10 180.1 Preparing to unpack .../38-libsensors5_1%3a3.6.0-7ubuntu1_arm64.deb ...
#10 180.2 Unpacking libsensors5:arm64 (1:3.6.0-7ubuntu1) ...
#10 180.4 Selecting previously unselected package libgl1-mesa-dri:arm64.
#10 180.4 Preparing to unpack .../39-libgl1-mesa-dri_23.2.1-1ubuntu3.1~22.04.3_arm64.deb ...
#10 180.5 Unpacking libgl1-mesa-dri:arm64 (23.2.1-1ubuntu3.1~22.04.3) ...
#10 181.0 Selecting previously unselected package libglx-mesa0:arm64.
#10 181.0 Preparing to unpack .../40-libglx-mesa0_23.2.1-1ubuntu3.1~22.04.3_arm64.deb ...
#10 181.0 Unpacking libglx-mesa0:arm64 (23.2.1-1ubuntu3.1~22.04.3) ...
#10 181.2 Selecting previously unselected package libglx0:arm64.
#10 181.2 Preparing to unpack .../41-libglx0_1.4.0-1_arm64.deb ...
#10 181.2 Unpacking libglx0:arm64 (1.4.0-1) ...
#10 181.4 Selecting previously unselected package libgl1:arm64.
#10 181.4 Preparing to unpack .../42-libgl1_1.4.0-1_arm64.deb ...
#10 181.5 Unpacking libgl1:arm64 (1.4.0-1) ...
#10 181.6 Selecting previously unselected package libevdev2:arm64.
#10 181.6 Preparing to unpack .../43-libevdev2_1.12.1+dfsg-1_arm64.deb ...
#10 181.6 Unpacking libevdev2:arm64 (1.12.1+dfsg-1) ...
#10 181.8 Selecting previously unselected package libmtdev1:arm64.
#10 181.8 Preparing to unpack .../44-libmtdev1_1.1.6-1build4_arm64.deb ...
#10 181.9 Unpacking libmtdev1:arm64 (1.1.6-1build4) ...
#10 182.1 Preparing to unpack .../45-libudev1_249.11-0ubuntu3.17_arm64.deb ...
#10 182.1 Unpacking libudev1:arm64 (249.11-0ubuntu3.17) over (249.11-0ubuntu3.10) ...
#10 182.5 Setting up libudev1:arm64 (249.11-0ubuntu3.17) ...
#10 182.8 Selecting previously unselected package libgudev-1.0-0:arm64.
#10 182.8 (Reading database ... (Reading database ... 5%(Reading database ... 10%(Reading database ... 15%(Reading database ... 20%(Reading database ... 25%(Reading database ... 30%(Reading database ... 35%(Reading database ... 40%(Reading database ... 45%(Reading database ... 50%(Reading database ... 55%(Reading database ... 60%(Reading database ... 65%(Reading database ... 70%(Reading database ... 75%(Reading database ... 80%(Reading database ... 85%(Reading database ... 90%(Reading database ... 95%(Reading database ... 100%(Reading database ... 67900 files and directories currently installed.)
#10 182.9 Preparing to unpack .../00-libgudev-1.0-0_1%3a237-2build1_arm64.deb ...
#10 182.9 Unpacking libgudev-1.0-0:arm64 (1:237-2build1) ...
#10 183.0 Selecting previously unselected package libwacom-common.
#10 183.1 Preparing to unpack .../01-libwacom-common_2.2.0-1_all.deb ...
#10 183.1 Unpacking libwacom-common (2.2.0-1) ...
#10 183.4 Selecting previously unselected package libwacom9:arm64.
#10 183.4 Preparing to unpack .../02-libwacom9_2.2.0-1_arm64.deb ...
#10 183.4 Unpacking libwacom9:arm64 (2.2.0-1) ...
#10 183.6 Selecting previously unselected package libinput-bin.
#10 183.6 Preparing to unpack .../03-libinput-bin_1.20.0-1ubuntu0.3_arm64.deb ...
#10 183.6 Unpacking libinput-bin (1.20.0-1ubuntu0.3) ...
#10 183.8 Selecting previously unselected package libinput10:arm64.
#10 183.8 Preparing to unpack .../04-libinput10_1.20.0-1ubuntu0.3_arm64.deb ...
#10 183.8 Unpacking libinput10:arm64 (1.20.0-1ubuntu0.3) ...
#10 184.0 Selecting previously unselected package libmd4c0:arm64.
#10 184.0 Preparing to unpack .../05-libmd4c0_0.4.8-1_arm64.deb ...
#10 184.0 Unpacking libmd4c0:arm64 (0.4.8-1) ...
#10 184.2 Selecting previously unselected package libqt5dbus5:arm64.
#10 184.2 Preparing to unpack .../06-libqt5dbus5_5.15.3+dfsg-2ubuntu0.2_arm64.deb ...
#10 184.2 Unpacking libqt5dbus5:arm64 (5.15.3+dfsg-2ubuntu0.2) ...
#10 184.4 Selecting previously unselected package libqt5network5:arm64.
#10 184.4 Preparing to unpack .../07-libqt5network5_5.15.3+dfsg-2ubuntu0.2_arm64.deb ...
#10 184.5 Unpacking libqt5network5:arm64 (5.15.3+dfsg-2ubuntu0.2) ...
#10 184.6 Selecting previously unselected package libxcb-icccm4:arm64.
#10 184.7 Preparing to unpack .../08-libxcb-icccm4_0.4.1-1.1build2_arm64.deb ...
#10 184.7 Unpacking libxcb-icccm4:arm64 (0.4.1-1.1build2) ...
#10 184.8 Selecting previously unselected package libxcb-util1:arm64.
#10 184.8 Preparing to unpack .../09-libxcb-util1_0.4.0-1build2_arm64.deb ...
#10 184.8 Unpacking libxcb-util1:arm64 (0.4.0-1build2) ...
#10 185.0 Selecting previously unselected package libxcb-image0:arm64.
#10 185.1 Preparing to unpack .../10-libxcb-image0_0.4.0-2_arm64.deb ...
#10 185.1 Unpacking libxcb-image0:arm64 (0.4.0-2) ...
#10 185.3 Selecting previously unselected package libxcb-keysyms1:arm64.
#10 185.3 Preparing to unpack .../11-libxcb-keysyms1_0.4.0-1build3_arm64.deb ...
#10 185.3 Unpacking libxcb-keysyms1:arm64 (0.4.0-1build3) ...
#10 185.4 Selecting previously unselected package libxcb-render-util0:arm64.
#10 185.5 Preparing to unpack .../12-libxcb-render-util0_0.3.9-1build3_arm64.deb ...
#10 185.5 Unpacking libxcb-render-util0:arm64 (0.3.9-1build3) ...
#10 185.6 Selecting previously unselected package libxcb-shape0:arm64.
#10 185.7 Preparing to unpack .../13-libxcb-shape0_1.14-3ubuntu3_arm64.deb ...
#10 185.7 Unpacking libxcb-shape0:arm64 (1.14-3ubuntu3) ...
#10 185.8 Selecting previously unselected package libxcb-xinerama0:arm64.
#10 185.9 Preparing to unpack .../14-libxcb-xinerama0_1.14-3ubuntu3_arm64.deb ...
#10 185.9 Unpacking libxcb-xinerama0:arm64 (1.14-3ubuntu3) ...
#10 186.0 Selecting previously unselected package libxcb-xinput0:arm64.
#10 186.0 Preparing to unpack .../15-libxcb-xinput0_1.14-3ubuntu3_arm64.deb ...
#10 186.0 Unpacking libxcb-xinput0:arm64 (1.14-3ubuntu3) ...
#10 186.2 Selecting previously unselected package libxcb-xkb1:arm64.
#10 186.3 Preparing to unpack .../16-libxcb-xkb1_1.14-3ubuntu3_arm64.deb ...
#10 186.3 Unpacking libxcb-xkb1:arm64 (1.14-3ubuntu3) ...
#10 186.4 Selecting previously unselected package libxkbcommon-x11-0:arm64.
#10 186.5 Preparing to unpack .../17-libxkbcommon-x11-0_1.4.0-1_arm64.deb ...
#10 186.5 Unpacking libxkbcommon-x11-0:arm64 (1.4.0-1) ...
#10 186.7 Selecting previously unselected package libqt5gui5:arm64.
#10 186.7 Preparing to unpack .../18-libqt5gui5_5.15.3+dfsg-2ubuntu0.2_arm64.deb ...
#10 186.8 Unpacking libqt5gui5:arm64 (5.15.3+dfsg-2ubuntu0.2) ...
#10 187.2 Selecting previously unselected package libqt5widgets5:arm64.
#10 187.3 Preparing to unpack .../19-libqt5widgets5_5.15.3+dfsg-2ubuntu0.2_arm64.deb ...
#10 187.3 Unpacking libqt5widgets5:arm64 (5.15.3+dfsg-2ubuntu0.2) ...
#10 187.5 Selecting previously unselected package libqt5svg5:arm64.
#10 187.5 Preparing to unpack .../20-libqt5svg5_5.15.3-1_arm64.deb ...
#10 187.6 Unpacking libqt5svg5:arm64 (5.15.3-1) ...
#10 187.7 Selecting previously unselected package libhyphen0:arm64.
#10 187.8 Preparing to unpack .../21-libhyphen0_2.8.8-7build2_arm64.deb ...
#10 187.8 Unpacking libhyphen0:arm64 (2.8.8-7build2) ...
#10 188.0 Selecting previously unselected package libqt5positioning5:arm64.
#10 188.0 Preparing to unpack .../22-libqt5positioning5_5.15.3+dfsg-3_arm64.deb ...
#10 188.0 Unpacking libqt5positioning5:arm64 (5.15.3+dfsg-3) ...
#10 188.2 Selecting previously unselected package libqt5printsupport5:arm64.
#10 188.2 Preparing to unpack .../23-libqt5printsupport5_5.15.3+dfsg-2ubuntu0.2_arm64.deb ...
#10 188.2 Unpacking libqt5printsupport5:arm64 (5.15.3+dfsg-2ubuntu0.2) ...
#10 188.4 Selecting previously unselected package libqt5qml5:arm64.
#10 188.4 Preparing to unpack .../24-libqt5qml5_5.15.3+dfsg-1_arm64.deb ...
#10 188.4 Unpacking libqt5qml5:arm64 (5.15.3+dfsg-1) ...
#10 188.6 Selecting previously unselected package libqt5qmlmodels5:arm64.
#10 188.7 Preparing to unpack .../25-libqt5qmlmodels5_5.15.3+dfsg-1_arm64.deb ...
#10 188.7 Unpacking libqt5qmlmodels5:arm64 (5.15.3+dfsg-1) ...
#10 188.9 Selecting previously unselected package libqt5quick5:arm64.
#10 188.9 Preparing to unpack .../26-libqt5quick5_5.15.3+dfsg-1_arm64.deb ...
#10 189.0 Unpacking libqt5quick5:arm64 (5.15.3+dfsg-1) ...
#10 189.2 Selecting previously unselected package libqt5sensors5:arm64.
#10 189.2 Preparing to unpack .../27-libqt5sensors5_5.15.3-1_arm64.deb ...
#10 189.2 Unpacking libqt5sensors5:arm64 (5.15.3-1) ...
#10 189.3 Selecting previously unselected package libqt5webchannel5:arm64.
#10 189.4 Preparing to unpack .../28-libqt5webchannel5_5.15.3-1_arm64.deb ...
#10 189.4 Unpacking libqt5webchannel5:arm64 (5.15.3-1) ...
#10 189.6 Selecting previously unselected package libwoff1:arm64.
#10 189.6 Preparing to unpack .../29-libwoff1_1.0.2-1build4_arm64.deb ...
#10 189.6 Unpacking libwoff1:arm64 (1.0.2-1build4) ...
#10 189.8 Selecting previously unselected package libqt5webkit5:arm64.
#10 189.8 Preparing to unpack .../30-libqt5webkit5_5.212.0~alpha4-15ubuntu1_arm64.deb ...
#10 189.8 Unpacking libqt5webkit5:arm64 (5.212.0~alpha4-15ubuntu1) ...
#10 190.6 Selecting previously unselected package xorg-sgml-doctools.
#10 190.6 Preparing to unpack .../31-xorg-sgml-doctools_1%3a1.11-1.1_all.deb ...
#10 190.6 Unpacking xorg-sgml-doctools (1:1.11-1.1) ...
#10 190.7 Selecting previously unselected package x11proto-dev.
#10 190.8 Preparing to unpack .../32-x11proto-dev_2021.5-1_all.deb ...
#10 190.8 Unpacking x11proto-dev (2021.5-1) ...
#10 191.1 Selecting previously unselected package libxau-dev:arm64.
#10 191.1 Preparing to unpack .../33-libxau-dev_1%3a1.0.9-1build5_arm64.deb ...
#10 191.1 Unpacking libxau-dev:arm64 (1:1.0.9-1build5) ...
#10 191.3 Selecting previously unselected package libxdmcp-dev:arm64.
#10 191.3 Preparing to unpack .../34-libxdmcp-dev_1%3a1.1.3-0ubuntu5_arm64.deb ...
#10 191.3 Unpacking libxdmcp-dev:arm64 (1:1.1.3-0ubuntu5) ...
#10 191.8 Selecting previously unselected package xtrans-dev.
#10 191.8 Preparing to unpack .../35-xtrans-dev_1.4.0-1_all.deb ...
#10 191.8 Unpacking xtrans-dev (1.4.0-1) ...
#10 191.9 Selecting previously unselected package libpthread-stubs0-dev:arm64.
#10 192.0 Preparing to unpack .../36-libpthread-stubs0-dev_0.4-1build2_arm64.deb ...
#10 192.0 Unpacking libpthread-stubs0-dev:arm64 (0.4-1build2) ...
#10 192.2 Selecting previously unselected package libxcb1-dev:arm64.
#10 192.2 Preparing to unpack .../37-libxcb1-dev_1.14-3ubuntu3_arm64.deb ...
#10 192.2 Unpacking libxcb1-dev:arm64 (1.14-3ubuntu3) ...
#10 192.3 Selecting previously unselected package libx11-dev:arm64.
#10 192.4 Preparing to unpack .../38-libx11-dev_2%3a1.7.5-1ubuntu0.3_arm64.deb ...
#10 192.4 Unpacking libx11-dev:arm64 (2:1.7.5-1ubuntu0.3) ...
#10 192.6 Selecting previously unselected package libglx-dev:arm64.
#10 192.6 Preparing to unpack .../39-libglx-dev_1.4.0-1_arm64.deb ...
#10 192.6 Unpacking libglx-dev:arm64 (1.4.0-1) ...
#10 192.8 Selecting previously unselected package libgl-dev:arm64.
#10 192.8 Preparing to unpack .../40-libgl-dev_1.4.0-1_arm64.deb ...
#10 192.8 Unpacking libgl-dev:arm64 (1.4.0-1) ...
#10 192.9 Selecting previously unselected package libegl-dev:arm64.
#10 193.0 Preparing to unpack .../41-libegl-dev_1.4.0-1_arm64.deb ...
#10 193.0 Unpacking libegl-dev:arm64 (1.4.0-1) ...
#10 193.2 Selecting previously unselected package libopengl0:arm64.
#10 193.2 Preparing to unpack .../42-libopengl0_1.4.0-1_arm64.deb ...
#10 193.2 Unpacking libopengl0:arm64 (1.4.0-1) ...
#10 193.4 Selecting previously unselected package libglu1-mesa:arm64.
#10 193.5 Preparing to unpack .../43-libglu1-mesa_9.0.2-1_arm64.deb ...
#10 193.5 Unpacking libglu1-mesa:arm64 (9.0.2-1) ...
#10 193.6 Selecting previously unselected package libglu1-mesa-dev:arm64.
#10 193.6 Preparing to unpack .../44-libglu1-mesa-dev_9.0.2-1_arm64.deb ...
#10 193.6 Unpacking libglu1-mesa-dev:arm64 (9.0.2-1) ...
#10 193.8 Selecting previously unselected package libqt5concurrent5:arm64.
#10 193.9 Preparing to unpack .../45-libqt5concurrent5_5.15.3+dfsg-2ubuntu0.2_arm64.deb ...
#10 193.9 Unpacking libqt5concurrent5:arm64 (5.15.3+dfsg-2ubuntu0.2) ...
#10 194.1 Selecting previously unselected package libqt5sql5:arm64.
#10 194.1 Preparing to unpack .../46-libqt5sql5_5.15.3+dfsg-2ubuntu0.2_arm64.deb ...
#10 194.1 Unpacking libqt5sql5:arm64 (5.15.3+dfsg-2ubuntu0.2) ...
#10 194.2 Selecting previously unselected package libqt5test5:arm64.
#10 194.2 Preparing to unpack .../47-libqt5test5_5.15.3+dfsg-2ubuntu0.2_arm64.deb ...
#10 194.3 Unpacking libqt5test5:arm64 (5.15.3+dfsg-2ubuntu0.2) ...
#10 194.4 Selecting previously unselected package libqt5xml5:arm64.
#10 194.5 Preparing to unpack .../48-libqt5xml5_5.15.3+dfsg-2ubuntu0.2_arm64.deb ...
#10 194.5 Unpacking libqt5xml5:arm64 (5.15.3+dfsg-2ubuntu0.2) ...
#10 194.7 Selecting previously unselected package libvulkan1:arm64.
#10 194.7 Preparing to unpack .../49-libvulkan1_1.3.204.1-2_arm64.deb ...
#10 194.7 Unpacking libvulkan1:arm64 (1.3.204.1-2) ...
#10 194.9 Selecting previously unselected package libvulkan-dev:arm64.
#10 194.9 Preparing to unpack .../50-libvulkan-dev_1.3.204.1-2_arm64.deb ...
#10 194.9 Unpacking libvulkan-dev:arm64 (1.3.204.1-2) ...
#10 195.2 Selecting previously unselected package libxext-dev:arm64.
#10 195.2 Preparing to unpack .../51-libxext-dev_2%3a1.3.4-1build1_arm64.deb ...
#10 195.2 Unpacking libxext-dev:arm64 (2:1.3.4-1build1) ...
#10 195.4 Selecting previously unselected package qt5-qmake-bin.
#10 195.4 Preparing to unpack .../52-qt5-qmake-bin_5.15.3+dfsg-2ubuntu0.2_arm64.deb ...
#10 195.4 Unpacking qt5-qmake-bin (5.15.3+dfsg-2ubuntu0.2) ...
#10 195.6 Selecting previously unselected package qtchooser.
#10 195.6 Preparing to unpack .../53-qtchooser_66-2build1_arm64.deb ...
#10 195.7 Unpacking qtchooser (66-2build1) ...
#10 195.8 Selecting previously unselected package qt5-qmake:arm64.
#10 195.8 Preparing to unpack .../54-qt5-qmake_5.15.3+dfsg-2ubuntu0.2_arm64.deb ...
#10 195.9 Unpacking qt5-qmake:arm64 (5.15.3+dfsg-2ubuntu0.2) ...
#10 196.3 Selecting previously unselected package qtbase5-dev-tools.
#10 196.3 Preparing to unpack .../55-qtbase5-dev-tools_5.15.3+dfsg-2ubuntu0.2_arm64.deb ...
#10 196.3 Unpacking qtbase5-dev-tools (5.15.3+dfsg-2ubuntu0.2) ...
#10 196.5 Selecting previously unselected package qtbase5-dev:arm64.
#10 196.6 Preparing to unpack .../56-qtbase5-dev_5.15.3+dfsg-2ubuntu0.2_arm64.deb ...
#10 196.6 Unpacking qtbase5-dev:arm64 (5.15.3+dfsg-2ubuntu0.2) ...
#10 197.5 Selecting previously unselected package libqt5qmlworkerscript5:arm64.
#10 197.5 Preparing to unpack .../57-libqt5qmlworkerscript5_5.15.3+dfsg-1_arm64.deb ...
#10 197.5 Unpacking libqt5qmlworkerscript5:arm64 (5.15.3+dfsg-1) ...
#10 197.7 Selecting previously unselected package libqt5quickparticles5:arm64.
#10 197.7 Preparing to unpack .../58-libqt5quickparticles5_5.15.3+dfsg-1_arm64.deb ...
#10 197.8 Unpacking libqt5quickparticles5:arm64 (5.15.3+dfsg-1) ...
#10 197.9 Selecting previously unselected package libqt5quickshapes5:arm64.
#10 197.9 Preparing to unpack .../59-libqt5quickshapes5_5.15.3+dfsg-1_arm64.deb ...
#10 197.9 Unpacking libqt5quickshapes5:arm64 (5.15.3+dfsg-1) ...
#10 198.1 Selecting previously unselected package libqt5quicktest5:arm64.
#10 198.1 Preparing to unpack .../60-libqt5quicktest5_5.15.3+dfsg-1_arm64.deb ...
#10 198.2 Unpacking libqt5quicktest5:arm64 (5.15.3+dfsg-1) ...
#10 198.3 Selecting previously unselected package libqt5quickwidgets5:arm64.
#10 198.4 Preparing to unpack .../61-libqt5quickwidgets5_5.15.3+dfsg-1_arm64.deb ...
#10 198.4 Unpacking libqt5quickwidgets5:arm64 (5.15.3+dfsg-1) ...
#10 198.5 Selecting previously unselected package qt5-qmltooling-plugins:arm64.
#10 198.5 Preparing to unpack .../62-qt5-qmltooling-plugins_5.15.3+dfsg-1_arm64.deb ...
#10 198.6 Unpacking qt5-qmltooling-plugins:arm64 (5.15.3+dfsg-1) ...
#10 198.7 Selecting previously unselected package qtdeclarative5-dev-tools.
#10 198.7 Preparing to unpack .../63-qtdeclarative5-dev-tools_5.15.3+dfsg-1_arm64.deb ...
#10 198.7 Unpacking qtdeclarative5-dev-tools (5.15.3+dfsg-1) ...
#10 198.9 Selecting previously unselected package qtdeclarative5-dev:arm64.
#10 199.0 Preparing to unpack .../64-qtdeclarative5-dev_5.15.3+dfsg-1_arm64.deb ...
#10 199.0 Unpacking qtdeclarative5-dev:arm64 (5.15.3+dfsg-1) ...
#10 199.3 Selecting previously unselected package libqt5webkit5-dev:arm64.
#10 199.3 Preparing to unpack .../65-libqt5webkit5-dev_5.212.0~alpha4-15ubuntu1_arm64.deb ...
#10 199.3 Unpacking libqt5webkit5-dev:arm64 (5.212.0~alpha4-15ubuntu1) ...
#10 199.5 Selecting previously unselected package poppler-data.
#10 199.6 Preparing to unpack .../66-poppler-data_0.4.11-1_all.deb ...
#10 199.6 Unpacking poppler-data (0.4.11-1) ...
#10 200.1 Preparing to unpack .../67-libuuid1_2.37.2-4ubuntu3.4_arm64.deb ...
#10 200.2 Unpacking libuuid1:arm64 (2.37.2-4ubuntu3.4) over (2.37.2-4ubuntu3) ...
#10 200.5 Setting up libuuid1:arm64 (2.37.2-4ubuntu3.4) ...
#10 201.2 Selecting previously unselected package udev.
#10 201.2 (Reading database ... (Reading database ... 5%(Reading database ... 10%(Reading database ... 15%(Reading database ... 20%(Reading database ... 25%(Reading database ... 30%(Reading database ... 35%(Reading database ... 40%(Reading database ... 45%(Reading database ... 50%(Reading database ... 55%(Reading database ... 60%(Reading database ... 65%(Reading database ... 70%(Reading database ... 75%(Reading database ... 80%(Reading database ... 85%(Reading database ... 90%(Reading database ... 95%(Reading database ... 100%(Reading database ... 72832 files and directories currently installed.)
#10 201.3 Preparing to unpack .../000-udev_249.11-0ubuntu3.17_arm64.deb ...
#10 201.3 Unpacking udev (249.11-0ubuntu3.17) ...
#10 201.7 Selecting previously unselected package libmagic-mgc.
#10 201.7 Preparing to unpack .../001-libmagic-mgc_1%3a5.41-3ubuntu0.1_arm64.deb ...
#10 201.8 Unpacking libmagic-mgc (1:5.41-3ubuntu0.1) ...
#10 202.0 Selecting previously unselected package libmagic1:arm64.
#10 202.0 Preparing to unpack .../002-libmagic1_1%3a5.41-3ubuntu0.1_arm64.deb ...
#10 202.0 Unpacking libmagic1:arm64 (1:5.41-3ubuntu0.1) ...
#10 202.2 Selecting previously unselected package file.
#10 202.2 Preparing to unpack .../003-file_1%3a5.41-3ubuntu0.1_arm64.deb ...
#10 202.2 Unpacking file (1:5.41-3ubuntu0.1) ...
#10 202.4 Selecting previously unselected package libcbor0.8:arm64.
#10 202.4 Preparing to unpack .../004-libcbor0.8_0.8.0-2ubuntu1_arm64.deb ...
#10 202.4 Unpacking libcbor0.8:arm64 (0.8.0-2ubuntu1) ...
#10 202.5 Selecting previously unselected package libfido2-1:arm64.
#10 202.6 Preparing to unpack .../005-libfido2-1_1.10.0-1_arm64.deb ...
#10 202.6 Unpacking libfido2-1:arm64 (1.10.0-1) ...
#10 202.8 Selecting previously unselected package libpcap0.8:arm64.
#10 202.8 Preparing to unpack .../006-libpcap0.8_1.10.1-4ubuntu1.22.04.1_arm64.deb ...
#10 202.8 Unpacking libpcap0.8:arm64 (1.10.1-4ubuntu1.22.04.1) ...
#10 203.0 Selecting previously unselected package libxmuu1:arm64.
#10 203.0 Preparing to unpack .../007-libxmuu1_2%3a1.1.3-3_arm64.deb ...
#10 203.0 Unpacking libxmuu1:arm64 (2:1.1.3-3) ...
#10 203.2 Selecting previously unselected package openssh-client.
#10 203.2 Preparing to unpack .../008-openssh-client_1%3a8.9p1-3ubuntu0.13_arm64.deb ...
#10 203.2 Unpacking openssh-client (1:8.9p1-3ubuntu0.13) ...
#10 203.4 Selecting previously unselected package xauth.
#10 203.5 Preparing to unpack .../009-xauth_1%3a1.1-1build2_arm64.deb ...
#10 203.5 Unpacking xauth (1:1.1-1build2) ...
#10 203.7 Selecting previously unselected package alsa-topology-conf.
#10 203.7 Preparing to unpack .../010-alsa-topology-conf_1.2.5.1-2_all.deb ...
#10 203.7 Unpacking alsa-topology-conf (1.2.5.1-2) ...
#10 203.8 Selecting previously unselected package libasound2-data.
#10 203.9 Preparing to unpack .../011-libasound2-data_1.2.6.1-1ubuntu1_all.deb ...
#10 203.9 Unpacking libasound2-data (1.2.6.1-1ubuntu1) ...
#10 204.1 Selecting previously unselected package libasound2:arm64.
#10 204.1 Preparing to unpack .../012-libasound2_1.2.6.1-1ubuntu1_arm64.deb ...
#10 204.1 Unpacking libasound2:arm64 (1.2.6.1-1ubuntu1) ...
#10 204.3 Selecting previously unselected package alsa-ucm-conf.
#10 204.4 Preparing to unpack .../013-alsa-ucm-conf_1.2.6.3-1ubuntu1.12_all.deb ...
#10 204.4 Unpacking alsa-ucm-conf (1.2.6.3-1ubuntu1.12) ...
#10 204.8 Selecting previously unselected package libsigsegv2:arm64.
#10 204.8 Preparing to unpack .../014-libsigsegv2_2.13-1ubuntu3_arm64.deb ...
#10 204.8 Unpacking libsigsegv2:arm64 (2.13-1ubuntu3) ...
#10 204.9 Selecting previously unselected package m4.
#10 204.9 Preparing to unpack .../015-m4_1.4.18-5ubuntu2_arm64.deb ...
#10 205.0 Unpacking m4 (1.4.18-5ubuntu2) ...
#10 205.1 Selecting previously unselected package autoconf.
#10 205.2 Preparing to unpack .../016-autoconf_2.71-2_all.deb ...
#10 205.2 Unpacking autoconf (2.71-2) ...
#10 205.4 Selecting previously unselected package autotools-dev.
#10 205.4 Preparing to unpack .../017-autotools-dev_20220109.1_all.deb ...
#10 205.5 Unpacking autotools-dev (20220109.1) ...
#10 205.6 Selecting previously unselected package automake.
#10 205.7 Preparing to unpack .../018-automake_1%3a1.16.5-1.3_all.deb ...
#10 205.7 Unpacking automake (1:1.16.5-1.3) ...
#10 205.8 Selecting previously unselected package java-common.
#10 205.9 Preparing to unpack .../019-java-common_0.72build2_all.deb ...
#10 205.9 Unpacking java-common (0.72build2) ...
#10 206.1 Selecting previously unselected package libnspr4:arm64.
#10 206.1 Preparing to unpack .../020-libnspr4_2%3a4.35-0ubuntu0.22.04.1_arm64.deb ...
#10 206.1 Unpacking libnspr4:arm64 (2:4.35-0ubuntu0.22.04.1) ...
#10 206.3 Selecting previously unselected package libnss3:arm64.
#10 206.3 Preparing to unpack .../021-libnss3_2%3a3.98-0ubuntu0.22.04.2_arm64.deb ...
#10 206.3 Unpacking libnss3:arm64 (2:3.98-0ubuntu0.22.04.2) ...
#10 206.6 Selecting previously unselected package libpcsclite1:arm64.
#10 206.7 Preparing to unpack .../022-libpcsclite1_1.9.5-3ubuntu1_arm64.deb ...
#10 206.7 Unpacking libpcsclite1:arm64 (1.9.5-3ubuntu1) ...
#10 208.1 Selecting previously unselected package openjdk-11-jre-headless:arm64.
#10 208.1 Preparing to unpack .../023-openjdk-11-jre-headless_11.0.29+7-1ubuntu1~22.04_arm64.deb ...
#10 208.1 Unpacking openjdk-11-jre-headless:arm64 (11.0.29+7-1ubuntu1~22.04) ...
#10 210.8 Selecting previously unselected package default-jre-headless.
#10 210.9 Preparing to unpack .../024-default-jre-headless_2%3a1.11-72build2_arm64.deb ...
#10 210.9 Unpacking default-jre-headless (2:1.11-72build2) ...
#10 211.0 Selecting previously unselected package ca-certificates-java.
#10 211.1 Preparing to unpack .../025-ca-certificates-java_20190909ubuntu1.2_all.deb ...
#10 211.1 Unpacking ca-certificates-java (20190909ubuntu1.2) ...
#10 211.3 Preparing to unpack .../026-g++-11_11.4.0-1ubuntu1~22.04.2_arm64.deb ...
#10 211.3 Unpacking g++-11 (11.4.0-1ubuntu1~22.04.2) over (11.4.0-1ubuntu1~22.04) ...
#10 263.3 Preparing to unpack .../027-libstdc++-11-dev_11.4.0-1ubuntu1~22.04.2_arm64.deb ...
#10 263.3 Unpacking libstdc++-11-dev:arm64 (11.4.0-1ubuntu1~22.04.2) over (11.4.0-1ubuntu1~22.04) ...
#10 279.6 Preparing to unpack .../028-libasan6_11.4.0-1ubuntu1~22.04.2_arm64.deb ...
#10 279.6 Unpacking libasan6:arm64 (11.4.0-1ubuntu1~22.04.2) over (11.4.0-1ubuntu1~22.04) ...
#10 281.5 Preparing to unpack .../029-gcc-11_11.4.0-1ubuntu1~22.04.2_arm64.deb ...
#10 281.6 Unpacking gcc-11 (11.4.0-1ubuntu1~22.04.2) over (11.4.0-1ubuntu1~22.04) ...
#10 295.5 Preparing to unpack .../030-libgcc-11-dev_11.4.0-1ubuntu1~22.04.2_arm64.deb ...
#10 295.5 Unpacking libgcc-11-dev:arm64 (11.4.0-1ubuntu1~22.04.2) over (11.4.0-1ubuntu1~22.04) ...
#10 299.6 Preparing to unpack .../031-libtsan0_11.4.0-1ubuntu1~22.04.2_arm64.deb ...
#10 299.7 Unpacking libtsan0:arm64 (11.4.0-1ubuntu1~22.04.2) over (11.4.0-1ubuntu1~22.04) ...
#10 301.4 Preparing to unpack .../032-cpp-11_11.4.0-1ubuntu1~22.04.2_arm64.deb ...
#10 301.5 Unpacking cpp-11 (11.4.0-1ubuntu1~22.04.2) over (11.4.0-1ubuntu1~22.04) ...
#10 306.6 Preparing to unpack .../033-gcc-11-base_11.4.0-1ubuntu1~22.04.2_arm64.deb ...
#10 306.7 Unpacking gcc-11-base:arm64 (11.4.0-1ubuntu1~22.04.2) over (11.4.0-1ubuntu1~22.04) ...
#10 307.0 Preparing to unpack .../034-libgif7_5.1.9-2ubuntu0.1_arm64.deb ...
#10 307.1 Unpacking libgif7:arm64 (5.1.9-2ubuntu0.1) over (5.1.9-2build2) ...
#10 307.4 Selecting previously unselected package libxtst6:arm64.
#10 307.4 Preparing to unpack .../035-libxtst6_2%3a1.2.3-1build4_arm64.deb ...
#10 307.4 Unpacking libxtst6:arm64 (2:1.2.3-1build4) ...
#10 307.6 Selecting previously unselected package openjdk-11-jre:arm64.
#10 307.7 Preparing to unpack .../036-openjdk-11-jre_11.0.29+7-1ubuntu1~22.04_arm64.deb ...
#10 307.7 Unpacking openjdk-11-jre:arm64 (11.0.29+7-1ubuntu1~22.04) ...
#10 308.0 Selecting previously unselected package default-jre.
#10 308.0 Preparing to unpack .../037-default-jre_2%3a1.11-72build2_arm64.deb ...
#10 308.0 Unpacking default-jre (2:1.11-72build2) ...
#10 308.3 Selecting previously unselected package openjdk-11-jdk-headless:arm64.
#10 308.3 Preparing to unpack .../038-openjdk-11-jdk-headless_11.0.29+7-1ubuntu1~22.04_arm64.deb ...
#10 308.3 Unpacking openjdk-11-jdk-headless:arm64 (11.0.29+7-1ubuntu1~22.04) ...
#10 309.4 Selecting previously unselected package default-jdk-headless.
#10 309.4 Preparing to unpack .../039-default-jdk-headless_2%3a1.11-72build2_arm64.deb ...
#10 309.4 Unpacking default-jdk-headless (2:1.11-72build2) ...
#10 309.5 Selecting previously unselected package openjdk-11-jdk:arm64.
#10 309.5 Preparing to unpack .../040-openjdk-11-jdk_11.0.29+7-1ubuntu1~22.04_arm64.deb ...
#10 309.6 Unpacking openjdk-11-jdk:arm64 (11.0.29+7-1ubuntu1~22.04) ...
#10 309.7 Selecting previously unselected package default-jdk.
#10 309.7 Preparing to unpack .../041-default-jdk_2%3a1.11-72build2_arm64.deb ...
#10 309.8 Unpacking default-jdk (2:1.11-72build2) ...
#10 310.1 Selecting previously unselected package mysql-common.
#10 310.2 Preparing to unpack .../042-mysql-common_5.8+1.0.8_all.deb ...
#10 310.3 Unpacking mysql-common (5.8+1.0.8) ...
#10 310.6 Selecting previously unselected package libmysqlclient21:arm64.
#10 310.6 Preparing to unpack .../043-libmysqlclient21_8.0.44-0ubuntu0.22.04.2_arm64.deb ...
#10 310.6 Unpacking libmysqlclient21:arm64 (8.0.44-0ubuntu0.22.04.2) ...
#10 310.8 Selecting previously unselected package libmysqlclient-dev.
#10 310.8 Preparing to unpack .../044-libmysqlclient-dev_8.0.44-0ubuntu0.22.04.2_arm64.deb ...
#10 310.9 Unpacking libmysqlclient-dev (8.0.44-0ubuntu0.22.04.2) ...
#10 311.2 Selecting previously unselected package default-libmysqlclient-dev:arm64.
#10 311.2 Preparing to unpack .../045-default-libmysqlclient-dev_1.0.8_arm64.deb ...
#10 311.3 Unpacking default-libmysqlclient-dev:arm64 (1.0.8) ...
#10 311.5 Selecting previously unselected package fonts-dejavu-extra.
#10 311.6 Preparing to unpack .../046-fonts-dejavu-extra_2.37-2build1_all.deb ...
#10 311.6 Unpacking fonts-dejavu-extra (2.37-2build1) ...
#10 312.3 Selecting previously unselected package freeglut3:arm64.
#10 312.3 Preparing to unpack .../047-freeglut3_2.8.1-6_arm64.deb ...
#10 312.3 Unpacking freeglut3:arm64 (2.8.1-6) ...
#10 312.5 Selecting previously unselected package gdal-data.
#10 312.5 Preparing to unpack .../048-gdal-data_3.4.1+dfsg-1build4_all.deb ...
#10 312.6 Unpacking gdal-data (3.4.1+dfsg-1build4) ...
#10 312.8 Selecting previously unselected package libavahi-glib1:arm64.
#10 312.8 Preparing to unpack .../049-libavahi-glib1_0.8-5ubuntu5.4_arm64.deb ...
#10 312.8 Unpacking libavahi-glib1:arm64 (0.8-5ubuntu5.4) ...
#10 313.0 Selecting previously unselected package libjson-glib-1.0-common.
#10 313.0 Preparing to unpack .../050-libjson-glib-1.0-common_1.6.6-1build1_all.deb ...
#10 313.2 Unpacking libjson-glib-1.0-common (1.6.6-1build1) ...
#10 313.4 Selecting previously unselected package libjson-glib-1.0-0:arm64.
#10 313.4 Preparing to unpack .../051-libjson-glib-1.0-0_1.6.6-1build1_arm64.deb ...
#10 313.4 Unpacking libjson-glib-1.0-0:arm64 (1.6.6-1build1) ...
#10 313.6 Selecting previously unselected package libmm-glib0:arm64.
#10 313.6 Preparing to unpack .../052-libmm-glib0_1.20.0-1~ubuntu22.04.4_arm64.deb ...
#10 313.6 Unpacking libmm-glib0:arm64 (1.20.0-1~ubuntu22.04.4) ...
#10 313.8 Selecting previously unselected package libnotify4:arm64.
#10 313.8 Preparing to unpack .../053-libnotify4_0.7.9-3ubuntu5.22.04.1_arm64.deb ...
#10 313.8 Unpacking libnotify4:arm64 (0.7.9-3ubuntu5.22.04.1) ...
#10 314.0 Selecting previously unselected package libproxy1v5:arm64.
#10 314.0 Preparing to unpack .../054-libproxy1v5_0.4.17-2_arm64.deb ...
#10 314.0 Unpacking libproxy1v5:arm64 (0.4.17-2) ...
#10 314.1 Selecting previously unselected package glib-networking-common.
#10 314.2 Preparing to unpack .../055-glib-networking-common_2.72.0-1_all.deb ...
#10 314.2 Unpacking glib-networking-common (2.72.0-1) ...
#10 314.3 Selecting previously unselected package glib-networking-services.
#10 314.3 Preparing to unpack .../056-glib-networking-services_2.72.0-1_arm64.deb ...
#10 314.3 Unpacking glib-networking-services (2.72.0-1) ...
#10 314.5 Selecting previously unselected package session-migration.
#10 314.5 Preparing to unpack .../057-session-migration_0.3.6_arm64.deb ...
#10 314.5 Unpacking session-migration (0.3.6) ...
#10 314.7 Selecting previously unselected package gsettings-desktop-schemas.
#10 314.7 Preparing to unpack .../058-gsettings-desktop-schemas_42.0-1ubuntu1_all.deb ...
#10 314.7 Unpacking gsettings-desktop-schemas (42.0-1ubuntu1) ...
#10 314.9 Selecting previously unselected package glib-networking:arm64.
#10 314.9 Preparing to unpack .../059-glib-networking_2.72.0-1_arm64.deb ...
#10 314.9 Unpacking glib-networking:arm64 (2.72.0-1) ...
#10 315.1 Selecting previously unselected package libsoup2.4-common.
#10 315.1 Preparing to unpack .../060-libsoup2.4-common_2.74.2-3ubuntu0.6_all.deb ...
#10 315.1 Unpacking libsoup2.4-common (2.74.2-3ubuntu0.6) ...
#10 315.2 Selecting previously unselected package libsoup2.4-1:arm64.
#10 315.2 Preparing to unpack .../061-libsoup2.4-1_2.74.2-3ubuntu0.6_arm64.deb ...
#10 315.3 Unpacking libsoup2.4-1:arm64 (2.74.2-3ubuntu0.6) ...
#10 315.4 Selecting previously unselected package geoclue-2.0.
#10 315.5 Preparing to unpack .../062-geoclue-2.0_2.5.7-3ubuntu3_arm64.deb ...
#10 315.5 Unpacking geoclue-2.0 (2.5.7-3ubuntu3) ...
#10 315.7 Selecting previously unselected package libgfortran-11-dev:arm64.
#10 315.7 Preparing to unpack .../063-libgfortran-11-dev_11.4.0-1ubuntu1~22.04.2_arm64.deb ...
#10 315.8 Unpacking libgfortran-11-dev:arm64 (11.4.0-1ubuntu1~22.04.2) ...
#10 315.9 Selecting previously unselected package gfortran-11.
#10 316.0 Preparing to unpack .../064-gfortran-11_11.4.0-1ubuntu1~22.04.2_arm64.deb ...
#10 316.0 Unpacking gfortran-11 (11.4.0-1ubuntu1~22.04.2) ...
#10 316.5 Selecting previously unselected package gfortran.
#10 316.5 Preparing to unpack .../065-gfortran_4%3a11.2.0-1ubuntu1_arm64.deb ...
#10 316.5 Unpacking gfortran (4:11.2.0-1ubuntu1) ...
#10 316.6 Selecting previously unselected package hdf5-helpers.
#10 316.7 Preparing to unpack .../066-hdf5-helpers_1.10.7+repack-4ubuntu2_arm64.deb ...
#10 316.7 Unpacking hdf5-helpers (1.10.7+repack-4ubuntu2) ...
#10 316.8 Selecting previously unselected package libnl-3-200:arm64.
#10 316.9 Preparing to unpack .../067-libnl-3-200_3.5.0-0.1_arm64.deb ...
#10 316.9 Unpacking libnl-3-200:arm64 (3.5.0-0.1) ...
#10 317.1 Selecting previously unselected package libnl-route-3-200:arm64.
#10 317.1 Preparing to unpack .../068-libnl-route-3-200_3.5.0-0.1_arm64.deb ...
#10 317.1 Unpacking libnl-route-3-200:arm64 (3.5.0-0.1) ...
#10 317.3 Selecting previously unselected package libibverbs1:arm64.
#10 317.3 Preparing to unpack .../069-libibverbs1_39.0-1_arm64.deb ...
#10 317.3 Unpacking libibverbs1:arm64 (39.0-1) ...
#10 317.5 Selecting previously unselected package ibverbs-providers:arm64.
#10 317.5 Preparing to unpack .../070-ibverbs-providers_39.0-1_arm64.deb ...
#10 317.6 Unpacking ibverbs-providers:arm64 (39.0-1) ...
#10 317.7 Selecting previously unselected package icu-devtools.
#10 317.7 Preparing to unpack .../071-icu-devtools_70.1-2_arm64.deb ...
#10 317.8 Unpacking icu-devtools (70.1-2) ...
#10 317.9 Selecting previously unselected package iio-sensor-proxy.
#10 317.9 Preparing to unpack .../072-iio-sensor-proxy_3.3-0ubuntu6_arm64.deb ...
#10 317.9 Unpacking iio-sensor-proxy (3.3-0ubuntu6) ...
#10 318.3 Selecting previously unselected package javascript-common.
#10 318.4 Preparing to unpack .../073-javascript-common_11+nmu1_all.deb ...
#10 318.4 Unpacking javascript-common (11+nmu1) ...
#10 318.6 Selecting previously unselected package libaec0:arm64.
#10 318.6 Preparing to unpack .../074-libaec0_1.0.6-1_arm64.deb ...
#10 318.7 Unpacking libaec0:arm64 (1.0.6-1) ...
#10 318.8 Preparing to unpack .../075-libaom3_3.3.0-1ubuntu0.1_arm64.deb ...
#10 318.9 Unpacking libaom3:arm64 (3.3.0-1ubuntu0.1) over (3.3.0-1) ...
#10 319.7 Selecting previously unselected package libaom-dev:arm64.
#10 319.7 Preparing to unpack .../076-libaom-dev_3.3.0-1ubuntu0.1_arm64.deb ...
#10 319.7 Unpacking libaom-dev:arm64 (3.3.0-1ubuntu0.1) ...
#10 319.9 Selecting previously unselected package libarpack2:arm64.
#10 319.9 Preparing to unpack .../077-libarpack2_3.8.0-1_arm64.deb ...
#10 319.9 Unpacking libarpack2:arm64 (3.8.0-1) ...
#10 320.1 Selecting previously unselected package libsuperlu5:arm64.
#10 320.1 Preparing to unpack .../078-libsuperlu5_5.3.0+dfsg1-2_arm64.deb ...
#10 320.1 Unpacking libsuperlu5:arm64 (5.3.0+dfsg1-2) ...
#10 320.3 Selecting previously unselected package libarmadillo10.
#10 320.3 Preparing to unpack .../079-libarmadillo10_1%3a10.8.2+dfsg-1_arm64.deb ...
#10 320.3 Unpacking libarmadillo10 (1:10.8.2+dfsg-1) ...
#10 320.5 Selecting previously unselected package libblas-dev:arm64.
#10 320.5 Preparing to unpack .../080-libblas-dev_3.10.0-2ubuntu1_arm64.deb ...
#10 320.5 Unpacking libblas-dev:arm64 (3.10.0-2ubuntu1) ...
#10 320.7 Selecting previously unselected package liblapack-dev:arm64.
#10 320.7 Preparing to unpack .../081-liblapack-dev_3.10.0-2ubuntu1_arm64.deb ...
#10 320.7 Unpacking liblapack-dev:arm64 (3.10.0-2ubuntu1) ...
#10 321.1 Selecting previously unselected package libarpack2-dev:arm64.
#10 321.1 Preparing to unpack .../082-libarpack2-dev_3.8.0-1_arm64.deb ...
#10 321.1 Unpacking libarpack2-dev:arm64 (3.8.0-1) ...
#10 321.3 Selecting previously unselected package libsz2:arm64.
#10 321.3 Preparing to unpack .../083-libsz2_1.0.6-1_arm64.deb ...
#10 321.3 Unpacking libsz2:arm64 (1.0.6-1) ...
#10 321.5 Selecting previously unselected package libhdf5-103-1:arm64.
#10 321.5 Preparing to unpack .../084-libhdf5-103-1_1.10.7+repack-4ubuntu2_arm64.deb ...
#10 321.5 Unpacking libhdf5-103-1:arm64 (1.10.7+repack-4ubuntu2) ...
#10 321.7 Selecting previously unselected package libhdf5-fortran-102:arm64.
#10 321.8 Preparing to unpack .../085-libhdf5-fortran-102_1.10.7+repack-4ubuntu2_arm64.deb ...
#10 321.8 Unpacking libhdf5-fortran-102:arm64 (1.10.7+repack-4ubuntu2) ...
#10 321.9 Selecting previously unselected package libhdf5-hl-100:arm64.
#10 321.9 Preparing to unpack .../086-libhdf5-hl-100_1.10.7+repack-4ubuntu2_arm64.deb ...
#10 321.9 Unpacking libhdf5-hl-100:arm64 (1.10.7+repack-4ubuntu2) ...
#10 322.1 Selecting previously unselected package libhdf5-hl-fortran-100:arm64.
#10 322.1 Preparing to unpack .../087-libhdf5-hl-fortran-100_1.10.7+repack-4ubuntu2_arm64.deb ...
#10 322.1 Unpacking libhdf5-hl-fortran-100:arm64 (1.10.7+repack-4ubuntu2) ...
#10 322.3 Selecting previously unselected package libhdf5-cpp-103-1:arm64.
#10 322.3 Preparing to unpack .../088-libhdf5-cpp-103-1_1.10.7+repack-4ubuntu2_arm64.deb ...
#10 322.3 Unpacking libhdf5-cpp-103-1:arm64 (1.10.7+repack-4ubuntu2) ...
#10 323.2 Selecting previously unselected package libhdf5-hl-cpp-100:arm64.
#10 323.2 Preparing to unpack .../089-libhdf5-hl-cpp-100_1.10.7+repack-4ubuntu2_arm64.deb ...
#10 323.2 Unpacking libhdf5-hl-cpp-100:arm64 (1.10.7+repack-4ubuntu2) ...
#10 323.4 Selecting previously unselected package libjpeg-turbo8-dev:arm64.
#10 323.4 Preparing to unpack .../090-libjpeg-turbo8-dev_2.1.2-0ubuntu1_arm64.deb ...
#10 323.4 Unpacking libjpeg-turbo8-dev:arm64 (2.1.2-0ubuntu1) ...
#10 323.5 Selecting previously unselected package libjpeg8-dev:arm64.
#10 323.6 Preparing to unpack .../091-libjpeg8-dev_8c-2ubuntu10_arm64.deb ...
#10 323.6 Unpacking libjpeg8-dev:arm64 (8c-2ubuntu10) ...
#10 323.7 Selecting previously unselected package libjpeg-dev:arm64.
#10 323.7 Preparing to unpack .../092-libjpeg-dev_8c-2ubuntu10_arm64.deb ...
#10 323.8 Unpacking libjpeg-dev:arm64 (8c-2ubuntu10) ...
#10 323.9 Selecting previously unselected package libaec-dev:arm64.
#10 323.9 Preparing to unpack .../093-libaec-dev_1.0.6-1_arm64.deb ...
#10 323.9 Unpacking libaec-dev:arm64 (1.0.6-1) ...
#10 324.1 Selecting previously unselected package libcurl4-openssl-dev:arm64.
#10 324.1 Preparing to unpack .../094-libcurl4-openssl-dev_7.81.0-1ubuntu1.21_arm64.deb ...
#10 324.1 Unpacking libcurl4-openssl-dev:arm64 (7.81.0-1ubuntu1.21) ...
#10 324.3 Selecting previously unselected package libhdf5-dev.
#10 324.3 Preparing to unpack .../095-libhdf5-dev_1.10.7+repack-4ubuntu2_arm64.deb ...
#10 324.3 Unpacking libhdf5-dev (1.10.7+repack-4ubuntu2) ...
#10 324.6 Selecting previously unselected package libsuperlu-dev:arm64.
#10 324.7 Preparing to unpack .../096-libsuperlu-dev_5.3.0+dfsg1-2_arm64.deb ...
#10 324.7 Unpacking libsuperlu-dev:arm64 (5.3.0+dfsg1-2) ...
#10 324.8 Selecting previously unselected package libarmadillo-dev.
#10 324.8 Preparing to unpack .../097-libarmadillo-dev_1%3a10.8.2+dfsg-1_arm64.deb ...
#10 324.9 Unpacking libarmadillo-dev (1:10.8.2+dfsg-1) ...
#10 325.2 Selecting previously unselected package libfontenc1:arm64.
#10 325.3 Preparing to unpack .../098-libfontenc1_1%3a1.1.4-1build3_arm64.deb ...
#10 325.3 Unpacking libfontenc1:arm64 (1:1.1.4-1build3) ...
#10 325.4 Selecting previously unselected package libxft2:arm64.
#10 325.4 Preparing to unpack .../099-libxft2_2.3.4-1_arm64.deb ...
#10 325.4 Unpacking libxft2:arm64 (2.3.4-1) ...
#10 325.6 Selecting previously unselected package libxkbfile1:arm64.
#10 325.6 Preparing to unpack .../100-libxkbfile1_1%3a1.1.0-1build3_arm64.deb ...
#10 325.6 Unpacking libxkbfile1:arm64 (1:1.1.0-1build3) ...
#10 325.8 Selecting previously unselected package libxv1:arm64.
#10 325.8 Preparing to unpack .../101-libxv1_2%3a1.0.11-1build2_arm64.deb ...
#10 325.8 Unpacking libxv1:arm64 (2:1.0.11-1build2) ...
#10 326.0 Selecting previously unselected package libxxf86dga1:arm64.
#10 326.0 Preparing to unpack .../102-libxxf86dga1_2%3a1.1.5-0ubuntu3_arm64.deb ...
#10 326.1 Unpacking libxxf86dga1:arm64 (2:1.1.5-0ubuntu3) ...
#10 326.2 Selecting previously unselected package x11-utils.
#10 326.2 Preparing to unpack .../103-x11-utils_7.7+5build2_arm64.deb ...
#10 326.3 Unpacking x11-utils (7.7+5build2) ...
#10 326.4 Selecting previously unselected package libatk-wrapper-java.
#10 326.4 Preparing to unpack .../104-libatk-wrapper-java_0.38.0-5build1_all.deb ...
#10 326.5 Unpacking libatk-wrapper-java (0.38.0-5build1) ...
#10 326.6 Selecting previously unselected package libatk-wrapper-java-jni:arm64.
#10 326.6 Preparing to unpack .../105-libatk-wrapper-java-jni_0.38.0-5build1_arm64.deb ...
#10 326.6 Unpacking libatk-wrapper-java-jni:arm64 (0.38.0-5build1) ...
#10 326.8 Selecting previously unselected package libavutil-dev:arm64.
#10 326.8 Preparing to unpack .../106-libavutil-dev_7%3a4.4.2-0ubuntu0.22.04.1_arm64.deb ...
#10 326.8 Unpacking libavutil-dev:arm64 (7:4.4.2-0ubuntu0.22.04.1) ...
#10 326.9 Selecting previously unselected package libswresample-dev:arm64.
#10 327.0 Preparing to unpack .../107-libswresample-dev_7%3a4.4.2-0ubuntu0.22.04.1_arm64.deb ...
#10 327.0 Unpacking libswresample-dev:arm64 (7:4.4.2-0ubuntu0.22.04.1) ...
#10 327.1 Selecting previously unselected package libavcodec-dev:arm64.
#10 327.2 Preparing to unpack .../108-libavcodec-dev_7%3a4.4.2-0ubuntu0.22.04.1_arm64.deb ...
#10 327.2 Unpacking libavcodec-dev:arm64 (7:4.4.2-0ubuntu0.22.04.1) ...
#10 327.6 Selecting previously unselected package libavformat-dev:arm64.
#10 327.6 Preparing to unpack .../109-libavformat-dev_7%3a4.4.2-0ubuntu0.22.04.1_arm64.deb ...
#10 327.6 Unpacking libavformat-dev:arm64 (7:4.4.2-0ubuntu0.22.04.1) ...
#10 328.3 Selecting previously unselected package libblosc1:arm64.
#10 328.3 Preparing to unpack .../110-libblosc1_1.21.1+ds2-2_arm64.deb ...
#10 328.3 Unpacking libblosc1:arm64 (1.21.1+ds2-2) ...
#10 329.4 Selecting previously unselected package libblosc-dev.
#10 329.4 Preparing to unpack .../111-libblosc-dev_1.21.1+ds2-2_arm64.deb ...
#10 329.4 Unpacking libblosc-dev (1.21.1+ds2-2) ...
#10 329.6 Selecting previously unselected package libboost1.74-tools-dev.
#10 329.6 Preparing to unpack .../112-libboost1.74-tools-dev_1.74.0-14ubuntu3_arm64.deb ...
#10 329.6 Unpacking libboost1.74-tools-dev (1.74.0-14ubuntu3) ...
#10 329.9 Selecting previously unselected package libboost-tools-dev.
#10 329.9 Preparing to unpack .../113-libboost-tools-dev_1.74.0.3ubuntu7_arm64.deb ...
#10 329.9 Unpacking libboost-tools-dev (1.74.0.3ubuntu7) ...
#10 330.0 Selecting previously unselected package libboost-atomic1.74.0:arm64.
#10 330.1 Preparing to unpack .../114-libboost-atomic1.74.0_1.74.0-14ubuntu3_arm64.deb ...
#10 330.1 Unpacking libboost-atomic1.74.0:arm64 (1.74.0-14ubuntu3) ...
#10 330.3 Selecting previously unselected package libboost-atomic1.74-dev:arm64.
#10 330.3 Preparing to unpack .../115-libboost-atomic1.74-dev_1.74.0-14ubuntu3_arm64.deb ...
#10 330.3 Unpacking libboost-atomic1.74-dev:arm64 (1.74.0-14ubuntu3) ...
#10 330.5 Selecting previously unselected package libboost-atomic-dev:arm64.
#10 330.5 Preparing to unpack .../116-libboost-atomic-dev_1.74.0.3ubuntu7_arm64.deb ...
#10 330.5 Unpacking libboost-atomic-dev:arm64 (1.74.0.3ubuntu7) ...
#10 330.6 Selecting previously unselected package libboost-chrono1.74.0:arm64.
#10 330.6 Preparing to unpack .../117-libboost-chrono1.74.0_1.74.0-14ubuntu3_arm64.deb ...
#10 330.6 Unpacking libboost-chrono1.74.0:arm64 (1.74.0-14ubuntu3) ...
#10 330.8 Selecting previously unselected package libboost-chrono1.74-dev:arm64.
#10 330.8 Preparing to unpack .../118-libboost-chrono1.74-dev_1.74.0-14ubuntu3_arm64.deb ...
#10 330.9 Unpacking libboost-chrono1.74-dev:arm64 (1.74.0-14ubuntu3) ...
#10 331.0 Selecting previously unselected package libboost-chrono-dev:arm64.
#10 331.0 Preparing to unpack .../119-libboost-chrono-dev_1.74.0.3ubuntu7_arm64.deb ...
#10 331.0 Unpacking libboost-chrono-dev:arm64 (1.74.0.3ubuntu7) ...
#10 331.2 Selecting previously unselected package libboost-container1.74.0:arm64.
#10 331.2 Preparing to unpack .../120-libboost-container1.74.0_1.74.0-14ubuntu3_arm64.deb ...
#10 331.2 Unpacking libboost-container1.74.0:arm64 (1.74.0-14ubuntu3) ...
#10 331.4 Selecting previously unselected package libboost-container1.74-dev:arm64.
#10 331.4 Preparing to unpack .../121-libboost-container1.74-dev_1.74.0-14ubuntu3_arm64.deb ...
#10 331.4 Unpacking libboost-container1.74-dev:arm64 (1.74.0-14ubuntu3) ...
#10 331.6 Selecting previously unselected package libboost-container-dev:arm64.
#10 331.6 Preparing to unpack .../122-libboost-container-dev_1.74.0.3ubuntu7_arm64.deb ...
#10 331.6 Unpacking libboost-container-dev:arm64 (1.74.0.3ubuntu7) ...
#10 331.8 Selecting previously unselected package libboost-date-time1.74.0:arm64.
#10 331.8 Preparing to unpack .../123-libboost-date-time1.74.0_1.74.0-14ubuntu3_arm64.deb ...
#10 331.8 Unpacking libboost-date-time1.74.0:arm64 (1.74.0-14ubuntu3) ...
#10 331.9 Selecting previously unselected package libboost-serialization1.74.0:arm64.
#10 332.0 Preparing to unpack .../124-libboost-serialization1.74.0_1.74.0-14ubuntu3_arm64.deb ...
#10 332.0 Unpacking libboost-serialization1.74.0:arm64 (1.74.0-14ubuntu3) ...
#10 332.1 Selecting previously unselected package libboost-serialization1.74-dev:arm64.
#10 332.2 Preparing to unpack .../125-libboost-serialization1.74-dev_1.74.0-14ubuntu3_arm64.deb ...
#10 332.2 Unpacking libboost-serialization1.74-dev:arm64 (1.74.0-14ubuntu3) ...
#10 332.6 Selecting previously unselected package libboost-date-time1.74-dev:arm64.
#10 332.6 Preparing to unpack .../126-libboost-date-time1.74-dev_1.74.0-14ubuntu3_arm64.deb ...
#10 332.6 Unpacking libboost-date-time1.74-dev:arm64 (1.74.0-14ubuntu3) ...
#10 332.8 Selecting previously unselected package libboost-system1.74.0:arm64.
#10 332.8 Preparing to unpack .../127-libboost-system1.74.0_1.74.0-14ubuntu3_arm64.deb ...
#10 332.9 Unpacking libboost-system1.74.0:arm64 (1.74.0-14ubuntu3) ...
#10 333.0 Selecting previously unselected package libboost-system1.74-dev:arm64.
#10 333.0 Preparing to unpack .../128-libboost-system1.74-dev_1.74.0-14ubuntu3_arm64.deb ...
#10 333.0 Unpacking libboost-system1.74-dev:arm64 (1.74.0-14ubuntu3) ...
#10 333.2 Selecting previously unselected package libboost-thread1.74.0:arm64.
#10 333.2 Preparing to unpack .../129-libboost-thread1.74.0_1.74.0-14ubuntu3_arm64.deb ...
#10 333.2 Unpacking libboost-thread1.74.0:arm64 (1.74.0-14ubuntu3) ...
#10 333.5 Selecting previously unselected package libboost-thread1.74-dev:arm64.
#10 333.5 Preparing to unpack .../130-libboost-thread1.74-dev_1.74.0-14ubuntu3_arm64.deb ...
#10 333.5 Unpacking libboost-thread1.74-dev:arm64 (1.74.0-14ubuntu3) ...
#10 333.7 Selecting previously unselected package libboost-context1.74.0:arm64.
#10 333.7 Preparing to unpack .../131-libboost-context1.74.0_1.74.0-14ubuntu3_arm64.deb ...
#10 333.7 Unpacking libboost-context1.74.0:arm64 (1.74.0-14ubuntu3) ...
#10 333.9 Selecting previously unselected package libboost-context1.74-dev:arm64.
#10 333.9 Preparing to unpack .../132-libboost-context1.74-dev_1.74.0-14ubuntu3_arm64.deb ...
#10 333.9 Unpacking libboost-context1.74-dev:arm64 (1.74.0-14ubuntu3) ...
#10 334.1 Selecting previously unselected package libboost-context-dev:arm64.
#10 334.1 Preparing to unpack .../133-libboost-context-dev_1.74.0.3ubuntu7_arm64.deb ...
#10 334.1 Unpacking libboost-context-dev:arm64 (1.74.0.3ubuntu7) ...
#10 334.3 Selecting previously unselected package libboost-coroutine1.74.0:arm64.
#10 334.3 Preparing to unpack .../134-libboost-coroutine1.74.0_1.74.0-14ubuntu3_arm64.deb ...
#10 334.3 Unpacking libboost-coroutine1.74.0:arm64 (1.74.0-14ubuntu3) ...
#10 334.5 Selecting previously unselected package libboost-coroutine1.74-dev:arm64.
#10 334.5 Preparing to unpack .../135-libboost-coroutine1.74-dev_1.74.0-14ubuntu3_arm64.deb ...
#10 337.1 Unpacking libboost-coroutine1.74-dev:arm64 (1.74.0-14ubuntu3) ...
#10 337.2 Selecting previously unselected package libboost-coroutine-dev:arm64.
#10 337.2 Preparing to unpack .../136-libboost-coroutine-dev_1.74.0.3ubuntu7_arm64.deb ...
#10 337.3 Unpacking libboost-coroutine-dev:arm64 (1.74.0.3ubuntu7) ...
#10 337.4 Selecting previously unselected package libboost-date-time-dev:arm64.
#10 337.4 Preparing to unpack .../137-libboost-date-time-dev_1.74.0.3ubuntu7_arm64.deb ...
#10 337.5 Unpacking libboost-date-time-dev:arm64 (1.74.0.3ubuntu7) ...
#10 337.6 Selecting previously unselected package libboost-exception1.74-dev:arm64.
#10 337.6 Preparing to unpack .../138-libboost-exception1.74-dev_1.74.0-14ubuntu3_arm64.deb ...
#10 337.6 Unpacking libboost-exception1.74-dev:arm64 (1.74.0-14ubuntu3) ...
#10 337.8 Selecting previously unselected package libboost-exception-dev:arm64.
#10 337.8 Preparing to unpack .../139-libboost-exception-dev_1.74.0.3ubuntu7_arm64.deb ...
#10 337.9 Unpacking libboost-exception-dev:arm64 (1.74.0.3ubuntu7) ...
#10 338.0 Selecting previously unselected package libboost-filesystem1.74.0:arm64.
#10 338.0 Preparing to unpack .../140-libboost-filesystem1.74.0_1.74.0-14ubuntu3_arm64.deb ...
#10 338.0 Unpacking libboost-filesystem1.74.0:arm64 (1.74.0-14ubuntu3) ...
#10 338.2 Selecting previously unselected package libboost-filesystem1.74-dev:arm64.
#10 338.2 Preparing to unpack .../141-libboost-filesystem1.74-dev_1.74.0-14ubuntu3_arm64.deb ...
#10 338.2 Unpacking libboost-filesystem1.74-dev:arm64 (1.74.0-14ubuntu3) ...
#10 338.4 Selecting previously unselected package libboost-fiber1.74.0:arm64.
#10 338.4 Preparing to unpack .../142-libboost-fiber1.74.0_1.74.0-14ubuntu3_arm64.deb ...
#10 338.4 Unpacking libboost-fiber1.74.0:arm64 (1.74.0-14ubuntu3) ...
#10 338.6 Selecting previously unselected package libboost-fiber1.74-dev:arm64.
#10 338.6 Preparing to unpack .../143-libboost-fiber1.74-dev_1.74.0-14ubuntu3_arm64.deb ...
#10 338.6 Unpacking libboost-fiber1.74-dev:arm64 (1.74.0-14ubuntu3) ...
#10 338.8 Selecting previously unselected package libboost-fiber-dev:arm64.
#10 338.8 Preparing to unpack .../144-libboost-fiber-dev_1.74.0.3ubuntu7_arm64.deb ...
#10 338.8 Unpacking libboost-fiber-dev:arm64 (1.74.0.3ubuntu7) ...
#10 339.0 Selecting previously unselected package libboost-filesystem-dev:arm64.
#10 339.0 Preparing to unpack .../145-libboost-filesystem-dev_1.74.0.3ubuntu7_arm64.deb ...
#10 339.0 Unpacking libboost-filesystem-dev:arm64 (1.74.0.3ubuntu7) ...
#10 356.2 Selecting previously unselected package libboost-regex1.74.0:arm64.
#10 356.2 Preparing to unpack .../146-libboost-regex1.74.0_1.74.0-14ubuntu3_arm64.deb ...
#10 356.3 Unpacking libboost-regex1.74.0:arm64 (1.74.0-14ubuntu3) ...
#10 356.5 Selecting previously unselected package libboost-graph1.74.0:arm64.
#10 356.5 Preparing to unpack .../147-libboost-graph1.74.0_1.74.0-14ubuntu3_arm64.deb ...
#10 356.5 Unpacking libboost-graph1.74.0:arm64 (1.74.0-14ubuntu3) ...
#10 356.7 Selecting previously unselected package libicu-dev:arm64.
#10 356.7 Preparing to unpack .../148-libicu-dev_70.1-2_arm64.deb ...
#10 356.7 Unpacking libicu-dev:arm64 (70.1-2) ...
#10 357.4 Selecting previously unselected package libboost-regex1.74-dev:arm64.
#10 357.4 Preparing to unpack .../149-libboost-regex1.74-dev_1.74.0-14ubuntu3_arm64.deb ...
#10 357.4 Unpacking libboost-regex1.74-dev:arm64 (1.74.0-14ubuntu3) ...
#10 357.6 Selecting previously unselected package libboost-test1.74.0:arm64.
#10 357.6 Preparing to unpack .../150-libboost-test1.74.0_1.74.0-14ubuntu3_arm64.deb ...
#10 357.6 Unpacking libboost-test1.74.0:arm64 (1.74.0-14ubuntu3) ...
#10 357.8 Selecting previously unselected package libboost-test1.74-dev:arm64.
#10 357.8 Preparing to unpack .../151-libboost-test1.74-dev_1.74.0-14ubuntu3_arm64.deb ...
#10 357.8 Unpacking libboost-test1.74-dev:arm64 (1.74.0-14ubuntu3) ...
#10 358.0 Selecting previously unselected package libboost-graph1.74-dev:arm64.
#10 358.0 Preparing to unpack .../152-libboost-graph1.74-dev_1.74.0-14ubuntu3_arm64.deb ...
#10 358.0 Unpacking libboost-graph1.74-dev:arm64 (1.74.0-14ubuntu3) ...
#10 358.2 Selecting previously unselected package libboost-graph-dev:arm64.
#10 358.2 Preparing to unpack .../153-libboost-graph-dev_1.74.0.3ubuntu7_arm64.deb ...
#10 358.2 Unpacking libboost-graph-dev:arm64 (1.74.0.3ubuntu7) ...
#10 358.4 Selecting previously unselected package libevent-core-2.1-7:arm64.
#10 358.4 Preparing to unpack .../154-libevent-core-2.1-7_2.1.12-stable-1build3_arm64.deb ...
#10 358.4 Unpacking libevent-core-2.1-7:arm64 (2.1.12-stable-1build3) ...
#10 358.5 Selecting previously unselected package libevent-pthreads-2.1-7:arm64.
#10 358.6 Preparing to unpack .../155-libevent-pthreads-2.1-7_2.1.12-stable-1build3_arm64.deb ...
#10 358.8 Unpacking libevent-pthreads-2.1-7:arm64 (2.1.12-stable-1build3) ...
#10 358.9 Selecting previously unselected package librdmacm1:arm64.
#10 359.0 Preparing to unpack .../156-librdmacm1_39.0-1_arm64.deb ...
#10 359.0 Unpacking librdmacm1:arm64 (39.0-1) ...
#10 359.1 Selecting previously unselected package libfabric1:arm64.
#10 359.2 Preparing to unpack .../157-libfabric1_1.11.0-3_arm64.deb ...
#10 359.2 Unpacking libfabric1:arm64 (1.11.0-3) ...
#10 360.9 Selecting previously unselected package libhwloc15:arm64.
#10 360.9 Preparing to unpack .../158-libhwloc15_2.7.0-2ubuntu1_arm64.deb ...
#10 370.3 Unpacking libhwloc15:arm64 (2.7.0-2ubuntu1) ...
#10 370.4 Selecting previously unselected package libpciaccess0:arm64.
#10 370.5 Preparing to unpack .../159-libpciaccess0_0.16-3_arm64.deb ...
#10 370.5 Unpacking libpciaccess0:arm64 (0.16-3) ...
#10 370.6 Selecting previously unselected package libxnvctrl0:arm64.
#10 370.7 Preparing to unpack .../160-libxnvctrl0_510.47.03-0ubuntu1_arm64.deb ...
#10 370.7 Unpacking libxnvctrl0:arm64 (510.47.03-0ubuntu1) ...
#10 370.8 Selecting previously unselected package libhwloc-plugins:arm64.
#10 370.9 Preparing to unpack .../161-libhwloc-plugins_2.7.0-2ubuntu1_arm64.deb ...
#10 370.9 Unpacking libhwloc-plugins:arm64 (2.7.0-2ubuntu1) ...
#10 371.0 Selecting previously unselected package libpmix2:arm64.
#10 371.1 Preparing to unpack .../162-libpmix2_4.1.2-2ubuntu1_arm64.deb ...
#10 371.1 Unpacking libpmix2:arm64 (4.1.2-2ubuntu1) ...
#10 371.3 Selecting previously unselected package libucx0:arm64.
#10 371.3 Preparing to unpack .../163-libucx0_1.12.1~rc2-1_arm64.deb ...
#10 371.3 Unpacking libucx0:arm64 (1.12.1~rc2-1) ...
#10 371.5 Selecting previously unselected package libopenmpi3:arm64.
#10 371.5 Preparing to unpack .../164-libopenmpi3_4.1.2-2ubuntu1_arm64.deb ...
#10 371.6 Unpacking libopenmpi3:arm64 (4.1.2-2ubuntu1) ...
#10 371.9 Selecting previously unselected package libboost-mpi1.74.0.
#10 372.0 Preparing to unpack .../165-libboost-mpi1.74.0_1.74.0-14ubuntu3_arm64.deb ...
#10 372.0 Unpacking libboost-mpi1.74.0 (1.74.0-14ubuntu3) ...
#10 372.2 Selecting previously unselected package libboost-graph-parallel1.74.0.
#10 372.2 Preparing to unpack .../166-libboost-graph-parallel1.74.0_1.74.0-14ubuntu3_arm64.deb ...
#10 372.2 Unpacking libboost-graph-parallel1.74.0 (1.74.0-14ubuntu3) ...
#10 372.4 Selecting previously unselected package libboost-graph-parallel1.74-dev.
#10 372.4 Preparing to unpack .../167-libboost-graph-parallel1.74-dev_1.74.0-14ubuntu3_arm64.deb ...
#10 372.5 Unpacking libboost-graph-parallel1.74-dev (1.74.0-14ubuntu3) ...
#10 372.6 Selecting previously unselected package libboost-graph-parallel-dev.
#10 372.6 Preparing to unpack .../168-libboost-graph-parallel-dev_1.74.0.3ubuntu7_arm64.deb ...
#10 372.7 Unpacking libboost-graph-parallel-dev (1.74.0.3ubuntu7) ...
#10 372.8 Selecting previously unselected package libboost-iostreams1.74.0:arm64.
#10 372.9 Preparing to unpack .../169-libboost-iostreams1.74.0_1.74.0-14ubuntu3_arm64.deb ...
#10 372.9 Unpacking libboost-iostreams1.74.0:arm64 (1.74.0-14ubuntu3) ...
#10 373.0 Selecting previously unselected package libboost-iostreams1.74-dev:arm64.
#10 373.0 Preparing to unpack .../170-libboost-iostreams1.74-dev_1.74.0-14ubuntu3_arm64.deb ...
#10 373.1 Unpacking libboost-iostreams1.74-dev:arm64 (1.74.0-14ubuntu3) ...
#10 373.2 Selecting previously unselected package libboost-iostreams-dev:arm64.
#10 373.3 Preparing to unpack .../171-libboost-iostreams-dev_1.74.0.3ubuntu7_arm64.deb ...
#10 373.3 Unpacking libboost-iostreams-dev:arm64 (1.74.0.3ubuntu7) ...
#10 373.5 Selecting previously unselected package libboost-locale1.74.0:arm64.
#10 373.5 Preparing to unpack .../172-libboost-locale1.74.0_1.74.0-14ubuntu3_arm64.deb ...
#10 373.5 Unpacking libboost-locale1.74.0:arm64 (1.74.0-14ubuntu3) ...
#10 373.7 Selecting previously unselected package libboost-locale1.74-dev:arm64.
#10 373.7 Preparing to unpack .../173-libboost-locale1.74-dev_1.74.0-14ubuntu3_arm64.deb ...
#10 373.7 Unpacking libboost-locale1.74-dev:arm64 (1.74.0-14ubuntu3) ...
#10 373.9 Selecting previously unselected package libboost-locale-dev:arm64.
#10 373.9 Preparing to unpack .../174-libboost-locale-dev_1.74.0.3ubuntu7_arm64.deb ...
#10 374.0 Unpacking libboost-locale-dev:arm64 (1.74.0.3ubuntu7) ...
#10 374.1 Selecting previously unselected package libboost-log1.74.0.
#10 374.2 Preparing to unpack .../175-libboost-log1.74.0_1.74.0-14ubuntu3_arm64.deb ...
#10 374.2 Unpacking libboost-log1.74.0 (1.74.0-14ubuntu3) ...
#10 374.3 Selecting previously unselected package libboost-log1.74-dev.
#10 374.4 Preparing to unpack .../176-libboost-log1.74-dev_1.74.0-14ubuntu3_arm64.deb ...
#10 374.4 Unpacking libboost-log1.74-dev (1.74.0-14ubuntu3) ...
#10 374.6 Selecting previously unselected package libboost-log-dev.
#10 374.6 Preparing to unpack .../177-libboost-log-dev_1.74.0.3ubuntu7_arm64.deb ...
#10 374.7 Unpacking libboost-log-dev (1.74.0.3ubuntu7) ...
#10 374.8 Selecting previously unselected package libboost-math1.74.0:arm64.
#10 374.8 Preparing to unpack .../178-libboost-math1.74.0_1.74.0-14ubuntu3_arm64.deb ...
#10 374.9 Unpacking libboost-math1.74.0:arm64 (1.74.0-14ubuntu3) ...
#10 375.0 Selecting previously unselected package libboost-math1.74-dev:arm64.
#10 375.1 Preparing to unpack .../179-libboost-math1.74-dev_1.74.0-14ubuntu3_arm64.deb ...
#10 375.1 Unpacking libboost-math1.74-dev:arm64 (1.74.0-14ubuntu3) ...
#10 375.3 Selecting previously unselected package libboost-math-dev:arm64.
#10 375.4 Preparing to unpack .../180-libboost-math-dev_1.74.0.3ubuntu7_arm64.deb ...
#10 375.4 Unpacking libboost-math-dev:arm64 (1.74.0.3ubuntu7) ...
#10 375.5 Selecting previously unselected package openmpi-common.
#10 375.5 Preparing to unpack .../181-openmpi-common_4.1.2-2ubuntu1_all.deb ...
#10 375.5 Unpacking openmpi-common (4.1.2-2ubuntu1) ...
#10 375.8 Selecting previously unselected package libnl-3-dev:arm64.
#10 375.8 Preparing to unpack .../182-libnl-3-dev_3.5.0-0.1_arm64.deb ...
#10 375.8 Unpacking libnl-3-dev:arm64 (3.5.0-0.1) ...
#10 376.0 Selecting previously unselected package libnl-route-3-dev:arm64.
#10 376.0 Preparing to unpack .../183-libnl-route-3-dev_3.5.0-0.1_arm64.deb ...
#10 376.1 Unpacking libnl-route-3-dev:arm64 (3.5.0-0.1) ...
#10 376.2 Selecting previously unselected package libibverbs-dev:arm64.
#10 376.3 Preparing to unpack .../184-libibverbs-dev_39.0-1_arm64.deb ...
#10 376.3 Unpacking libibverbs-dev:arm64 (39.0-1) ...
#10 376.4 Selecting previously unselected package libnuma-dev:arm64.
#10 376.5 Preparing to unpack .../185-libnuma-dev_2.0.14-3ubuntu2_arm64.deb ...
#10 376.5 Unpacking libnuma-dev:arm64 (2.0.14-3ubuntu2) ...
#10 376.6 Selecting previously unselected package libltdl-dev:arm64.
#10 376.7 Preparing to unpack .../186-libltdl-dev_2.4.6-15build2_arm64.deb ...
#10 376.7 Unpacking libltdl-dev:arm64 (2.4.6-15build2) ...
#10 376.8 Selecting previously unselected package libhwloc-dev:arm64.
#10 376.9 Preparing to unpack .../187-libhwloc-dev_2.7.0-2ubuntu1_arm64.deb ...
#10 376.9 Unpacking libhwloc-dev:arm64 (2.7.0-2ubuntu1) ...
#10 377.1 Selecting previously unselected package libevent-2.1-7:arm64.
#10 377.1 Preparing to unpack .../188-libevent-2.1-7_2.1.12-stable-1build3_arm64.deb ...
#10 377.1 Unpacking libevent-2.1-7:arm64 (2.1.12-stable-1build3) ...
#10 377.3 Selecting previously unselected package libevent-extra-2.1-7:arm64.
#10 377.4 Preparing to unpack .../189-libevent-extra-2.1-7_2.1.12-stable-1build3_arm64.deb ...
#10 377.4 Unpacking libevent-extra-2.1-7:arm64 (2.1.12-stable-1build3) ...
#10 377.6 Selecting previously unselected package libevent-openssl-2.1-7:arm64.
#10 377.6 Preparing to unpack .../190-libevent-openssl-2.1-7_2.1.12-stable-1build3_arm64.deb ...
#10 377.6 Unpacking libevent-openssl-2.1-7:arm64 (2.1.12-stable-1build3) ...
#10 377.7 Selecting previously unselected package libevent-dev.
#10 377.8 Preparing to unpack .../191-libevent-dev_2.1.12-stable-1build3_arm64.deb ...
#10 377.8 Unpacking libevent-dev (2.1.12-stable-1build3) ...
#10 378.0 Selecting previously unselected package libpmix-dev:arm64.
#10 378.1 Preparing to unpack .../192-libpmix-dev_4.1.2-2ubuntu1_arm64.deb ...
#10 378.1 Unpacking libpmix-dev:arm64 (4.1.2-2ubuntu1) ...
#10 378.3 Selecting previously unselected package libjs-jquery-ui.
#10 378.3 Preparing to unpack .../193-libjs-jquery-ui_1.13.1+dfsg-1_all.deb ...
#10 378.3 Unpacking libjs-jquery-ui (1.13.1+dfsg-1) ...
#10 378.6 Selecting previously unselected package openmpi-bin.
#10 378.7 Preparing to unpack .../194-openmpi-bin_4.1.2-2ubuntu1_arm64.deb ...
#10 378.7 Unpacking openmpi-bin (4.1.2-2ubuntu1) ...
#10 378.9 Selecting previously unselected package libopenmpi-dev:arm64.
#10 379.0 Preparing to unpack .../195-libopenmpi-dev_4.1.2-2ubuntu1_arm64.deb ...
#10 379.0 Unpacking libopenmpi-dev:arm64 (4.1.2-2ubuntu1) ...
#10 379.9 Selecting previously unselected package mpi-default-dev.
#10 379.9 Preparing to unpack .../196-mpi-default-dev_1.14_arm64.deb ...
#10 379.9 Unpacking mpi-default-dev (1.14) ...
#10 380.1 Selecting previously unselected package libboost-mpi1.74-dev.
#10 380.1 Preparing to unpack .../197-libboost-mpi1.74-dev_1.74.0-14ubuntu3_arm64.deb ...
#10 380.1 Unpacking libboost-mpi1.74-dev (1.74.0-14ubuntu3) ...
#10 380.3 Selecting previously unselected package libboost-mpi-dev.
#10 380.3 Preparing to unpack .../198-libboost-mpi-dev_1.74.0.3ubuntu7_arm64.deb ...
#10 380.4 Unpacking libboost-mpi-dev (1.74.0.3ubuntu7) ...
#10 380.5 Selecting previously unselected package mpi-default-bin.
#10 380.5 Preparing to unpack .../199-mpi-default-bin_1.14_arm64.deb ...
#10 380.5 Unpacking mpi-default-bin (1.14) ...
#10 380.7 Selecting previously unselected package libboost-mpi-python1.74.0.
#10 380.7 Preparing to unpack .../200-libboost-mpi-python1.74.0_1.74.0-14ubuntu3_arm64.deb ...
#10 380.7 Unpacking libboost-mpi-python1.74.0 (1.74.0-14ubuntu3) ...
#10 381.0 Selecting previously unselected package libboost-mpi-python1.74-dev.
#10 381.0 Preparing to unpack .../201-libboost-mpi-python1.74-dev_1.74.0-14ubuntu3_arm64.deb ...
#10 381.0 Unpacking libboost-mpi-python1.74-dev (1.74.0-14ubuntu3) ...
#10 381.2 Selecting previously unselected package libboost-mpi-python-dev.
#10 381.2 Preparing to unpack .../202-libboost-mpi-python-dev_1.74.0.3ubuntu7_arm64.deb ...
#10 381.3 Unpacking libboost-mpi-python-dev (1.74.0.3ubuntu7) ...
#10 381.5 Selecting previously unselected package libboost-numpy1.74.0.
#10 381.5 Preparing to unpack .../203-libboost-numpy1.74.0_1.74.0-14ubuntu3_arm64.deb ...
#10 381.5 Unpacking libboost-numpy1.74.0 (1.74.0-14ubuntu3) ...
#10 381.7 Selecting previously unselected package libboost-numpy1.74-dev.
#10 381.7 Preparing to unpack .../204-libboost-numpy1.74-dev_1.74.0-14ubuntu3_arm64.deb ...
#10 381.7 Unpacking libboost-numpy1.74-dev (1.74.0-14ubuntu3) ...
#10 381.9 Selecting previously unselected package libboost-numpy-dev.
#10 381.9 Preparing to unpack .../205-libboost-numpy-dev_1.74.0.3ubuntu7_arm64.deb ...
#10 381.9 Unpacking libboost-numpy-dev (1.74.0.3ubuntu7) ...
#10 382.1 Selecting previously unselected package libboost-program-options1.74.0:arm64.
#10 382.1 Preparing to unpack .../206-libboost-program-options1.74.0_1.74.0-14ubuntu3_arm64.deb ...
#10 382.2 Unpacking libboost-program-options1.74.0:arm64 (1.74.0-14ubuntu3) ...
#10 382.3 Selecting previously unselected package libboost-program-options1.74-dev:arm64.
#10 382.3 Preparing to unpack .../207-libboost-program-options1.74-dev_1.74.0-14ubuntu3_arm64.deb ...
#10 382.4 Unpacking libboost-program-options1.74-dev:arm64 (1.74.0-14ubuntu3) ...
#10 382.6 Selecting previously unselected package libboost-program-options-dev:arm64.
#10 382.6 Preparing to unpack .../208-libboost-program-options-dev_1.74.0.3ubuntu7_arm64.deb ...
#10 382.6 Unpacking libboost-program-options-dev:arm64 (1.74.0.3ubuntu7) ...
#10 382.8 Selecting previously unselected package libboost-random1.74.0:arm64.
#10 382.8 Preparing to unpack .../209-libboost-random1.74.0_1.74.0-14ubuntu3_arm64.deb ...
#10 382.8 Unpacking libboost-random1.74.0:arm64 (1.74.0-14ubuntu3) ...
#10 383.0 Selecting previously unselected package libboost-random1.74-dev:arm64.
#10 383.0 Preparing to unpack .../210-libboost-random1.74-dev_1.74.0-14ubuntu3_arm64.deb ...
#10 383.0 Unpacking libboost-random1.74-dev:arm64 (1.74.0-14ubuntu3) ...
#10 383.2 Selecting previously unselected package libboost-random-dev:arm64.
#10 383.2 Preparing to unpack .../211-libboost-random-dev_1.74.0.3ubuntu7_arm64.deb ...
#10 383.2 Unpacking libboost-random-dev:arm64 (1.74.0.3ubuntu7) ...
#10 383.4 Selecting previously unselected package libboost-regex-dev:arm64.
#10 383.4 Preparing to unpack .../212-libboost-regex-dev_1.74.0.3ubuntu7_arm64.deb ...
#10 383.4 Unpacking libboost-regex-dev:arm64 (1.74.0.3ubuntu7) ...
#10 383.6 Selecting previously unselected package libboost-serialization-dev:arm64.
#10 383.6 Preparing to unpack .../213-libboost-serialization-dev_1.74.0.3ubuntu7_arm64.deb ...
#10 383.6 Unpacking libboost-serialization-dev:arm64 (1.74.0.3ubuntu7) ...
#10 383.8 Selecting previously unselected package libboost-stacktrace1.74.0:arm64.
#10 383.8 Preparing to unpack .../214-libboost-stacktrace1.74.0_1.74.0-14ubuntu3_arm64.deb ...
#10 383.9 Unpacking libboost-stacktrace1.74.0:arm64 (1.74.0-14ubuntu3) ...
#10 384.0 Selecting previously unselected package libboost-stacktrace1.74-dev:arm64.
#10 384.0 Preparing to unpack .../215-libboost-stacktrace1.74-dev_1.74.0-14ubuntu3_arm64.deb ...
#10 384.1 Unpacking libboost-stacktrace1.74-dev:arm64 (1.74.0-14ubuntu3) ...
#10 384.3 Selecting previously unselected package libboost-stacktrace-dev:arm64.
#10 384.3 Preparing to unpack .../216-libboost-stacktrace-dev_1.74.0.3ubuntu7_arm64.deb ...
#10 384.3 Unpacking libboost-stacktrace-dev:arm64 (1.74.0.3ubuntu7) ...
#10 384.5 Selecting previously unselected package libboost-system-dev:arm64.
#10 384.5 Preparing to unpack .../217-libboost-system-dev_1.74.0.3ubuntu7_arm64.deb ...
#10 384.5 Unpacking libboost-system-dev:arm64 (1.74.0.3ubuntu7) ...
#10 384.6 Selecting previously unselected package libboost-test-dev:arm64.
#10 384.7 Preparing to unpack .../218-libboost-test-dev_1.74.0.3ubuntu7_arm64.deb ...
#10 384.7 Unpacking libboost-test-dev:arm64 (1.74.0.3ubuntu7) ...
#10 384.9 Selecting previously unselected package libboost-thread-dev:arm64.
#10 384.9 Preparing to unpack .../219-libboost-thread-dev_1.74.0.3ubuntu7_arm64.deb ...
#10 384.9 Unpacking libboost-thread-dev:arm64 (1.74.0.3ubuntu7) ...
#10 385.0 Selecting previously unselected package libboost-timer1.74.0:arm64.
#10 385.1 Preparing to unpack .../220-libboost-timer1.74.0_1.74.0-14ubuntu3_arm64.deb ...
#10 385.1 Unpacking libboost-timer1.74.0:arm64 (1.74.0-14ubuntu3) ...
#10 385.3 Selecting previously unselected package libboost-timer1.74-dev:arm64.
#10 385.3 Preparing to unpack .../221-libboost-timer1.74-dev_1.74.0-14ubuntu3_arm64.deb ...
#10 385.3 Unpacking libboost-timer1.74-dev:arm64 (1.74.0-14ubuntu3) ...
#10 385.5 Selecting previously unselected package libboost-timer-dev:arm64.
#10 385.6 Preparing to unpack .../222-libboost-timer-dev_1.74.0.3ubuntu7_arm64.deb ...
#10 385.6 Unpacking libboost-timer-dev:arm64 (1.74.0.3ubuntu7) ...
#10 385.7 Selecting previously unselected package libboost-type-erasure1.74.0:arm64.
#10 385.7 Preparing to unpack .../223-libboost-type-erasure1.74.0_1.74.0-14ubuntu3_arm64.deb ...
#10 385.8 Unpacking libboost-type-erasure1.74.0:arm64 (1.74.0-14ubuntu3) ...
#10 386.0 Selecting previously unselected package libboost-type-erasure1.74-dev:arm64.
#10 386.0 Preparing to unpack .../224-libboost-type-erasure1.74-dev_1.74.0-14ubuntu3_arm64.deb ...
#10 386.0 Unpacking libboost-type-erasure1.74-dev:arm64 (1.74.0-14ubuntu3) ...
#10 386.2 Selecting previously unselected package libboost-type-erasure-dev:arm64.
#10 386.2 Preparing to unpack .../225-libboost-type-erasure-dev_1.74.0.3ubuntu7_arm64.deb ...
#10 386.2 Unpacking libboost-type-erasure-dev:arm64 (1.74.0.3ubuntu7) ...
#10 386.4 Selecting previously unselected package libboost-wave1.74.0:arm64.
#10 386.4 Preparing to unpack .../226-libboost-wave1.74.0_1.74.0-14ubuntu3_arm64.deb ...
#10 386.4 Unpacking libboost-wave1.74.0:arm64 (1.74.0-14ubuntu3) ...
#10 386.6 Selecting previously unselected package libboost-wave1.74-dev:arm64.
#10 386.7 Preparing to unpack .../227-libboost-wave1.74-dev_1.74.0-14ubuntu3_arm64.deb ...
#10 386.7 Unpacking libboost-wave1.74-dev:arm64 (1.74.0-14ubuntu3) ...
#10 386.9 Selecting previously unselected package libboost-wave-dev:arm64.
#10 386.9 Preparing to unpack .../228-libboost-wave-dev_1.74.0.3ubuntu7_arm64.deb ...
#10 387.0 Unpacking libboost-wave-dev:arm64 (1.74.0.3ubuntu7) ...
#10 387.1 Selecting previously unselected package libboost-nowide1.74.0.
#10 387.1 Preparing to unpack .../229-libboost-nowide1.74.0_1.74.0-14ubuntu3_arm64.deb ...
#10 387.1 Unpacking libboost-nowide1.74.0 (1.74.0-14ubuntu3) ...
#10 387.3 Selecting previously unselected package libboost-nowide1.74-dev.
#10 387.3 Preparing to unpack .../230-libboost-nowide1.74-dev_1.74.0-14ubuntu3_arm64.deb ...
#10 387.3 Unpacking libboost-nowide1.74-dev (1.74.0-14ubuntu3) ...
#10 387.5 Selecting previously unselected package libboost-nowide-dev.
#10 387.5 Preparing to unpack .../231-libboost-nowide-dev_1.74.0.3ubuntu7_arm64.deb ...
#10 387.5 Unpacking libboost-nowide-dev (1.74.0.3ubuntu7) ...
#10 387.7 Selecting previously unselected package libboost-all-dev.
#10 387.7 Preparing to unpack .../232-libboost-all-dev_1.74.0.3ubuntu7_arm64.deb ...
#10 387.7 Unpacking libboost-all-dev (1.74.0.3ubuntu7) ...
#10 387.8 Selecting previously unselected package libbrotli-dev:arm64.
#10 387.9 Preparing to unpack .../233-libbrotli-dev_1.0.9-2build6_arm64.deb ...
#10 387.9 Unpacking libbrotli-dev:arm64 (1.0.9-2build6) ...
#10 388.1 Selecting previously unselected package libcaf-openmpi-3:arm64.
#10 388.1 Preparing to unpack .../234-libcaf-openmpi-3_2.9.2-3_arm64.deb ...
#10 388.1 Unpacking libcaf-openmpi-3:arm64 (2.9.2-3) ...
#10 388.3 Selecting previously unselected package libcfitsio9:arm64.
#10 388.4 Preparing to unpack .../235-libcfitsio9_4.0.0-1_arm64.deb ...
#10 388.4 Unpacking libcfitsio9:arm64 (4.0.0-1) ...
#10 388.6 Selecting previously unselected package libcfitsio-dev:arm64.
#10 388.6 Preparing to unpack .../236-libcfitsio-dev_4.0.0-1_arm64.deb ...
#10 388.6 Unpacking libcfitsio-dev:arm64 (4.0.0-1) ...
#10 388.8 Selecting previously unselected package libcfitsio-doc.
#10 388.8 Preparing to unpack .../237-libcfitsio-doc_4.0.0-1_all.deb ...
#10 388.8 Unpacking libcfitsio-doc (4.0.0-1) ...
#10 389.0 Selecting previously unselected package libcharls2:arm64.
#10 389.0 Preparing to unpack .../238-libcharls2_2.3.4-1_arm64.deb ...
#10 389.1 Unpacking libcharls2:arm64 (2.3.4-1) ...
#10 395.9 Selecting previously unselected package libcharls-dev:arm64.
#10 396.0 Preparing to unpack .../239-libcharls-dev_2.3.4-1_arm64.deb ...
#10 396.0 Unpacking libcharls-dev:arm64 (2.3.4-1) ...
#10 396.2 Selecting previously unselected package libllvm14:arm64.
#10 396.2 Preparing to unpack .../240-libllvm14_1%3a14.0.0-1ubuntu1.1_arm64.deb ...
#10 396.2 Unpacking libllvm14:arm64 (1:14.0.0-1ubuntu1.1) ...
#10 397.8 Selecting previously unselected package libclang1-14.
#10 397.8 Preparing to unpack .../241-libclang1-14_1%3a14.0.0-1ubuntu1.1_arm64.deb ...
#10 397.8 Unpacking libclang1-14 (1:14.0.0-1ubuntu1.1) ...
#10 398.4 Selecting previously unselected package libcoarrays-dev:arm64.
#10 398.4 Preparing to unpack .../242-libcoarrays-dev_2.9.2-3_arm64.deb ...
#10 398.4 Unpacking libcoarrays-dev:arm64 (2.9.2-3) ...
#10 398.6 Selecting previously unselected package libcoarrays-openmpi-dev:arm64.
#10 398.6 Preparing to unpack .../243-libcoarrays-openmpi-dev_2.9.2-3_arm64.deb ...
#10 398.6 Unpacking libcoarrays-openmpi-dev:arm64 (2.9.2-3) ...
#10 398.9 Selecting previously unselected package libdav1d-dev:arm64.
#10 398.9 Preparing to unpack .../244-libdav1d-dev_0.9.2-1_arm64.deb ...
#10 398.9 Unpacking libdav1d-dev:arm64 (0.9.2-1) ...
#10 399.1 Selecting previously unselected package libde265-0:arm64.
#10 399.2 Preparing to unpack .../245-libde265-0_1.0.8-1ubuntu0.3_arm64.deb ...
#10 399.2 Unpacking libde265-0:arm64 (1.0.8-1ubuntu0.3) ...
#10 399.4 Selecting previously unselected package libde265-dev:arm64.
#10 399.4 Preparing to unpack .../246-libde265-dev_1.0.8-1ubuntu0.3_arm64.deb ...
#10 399.4 Unpacking libde265-dev:arm64 (1.0.8-1ubuntu0.3) ...
#10 399.5 Selecting previously unselected package libdeflate-dev:arm64.
#10 399.6 Preparing to unpack .../247-libdeflate-dev_1.10-2_arm64.deb ...
#10 399.6 Unpacking libdeflate-dev:arm64 (1.10-2) ...
#10 399.8 Selecting previously unselected package libflann1.9:arm64.
#10 399.8 Preparing to unpack .../248-libflann1.9_1.9.1+dfsg-11_arm64.deb ...
#10 399.8 Unpacking libflann1.9:arm64 (1.9.1+dfsg-11) ...
#10 400.0 Selecting previously unselected package libhdf5-openmpi-103-1:arm64.
#10 400.0 Preparing to unpack .../249-libhdf5-openmpi-103-1_1.10.7+repack-4ubuntu2_arm64.deb ...
#10 400.1 Unpacking libhdf5-openmpi-103-1:arm64 (1.10.7+repack-4ubuntu2) ...
#10 400.3 Selecting previously unselected package libhdf5-openmpi-fortran-102:arm64.
#10 400.3 Preparing to unpack .../250-libhdf5-openmpi-fortran-102_1.10.7+repack-4ubuntu2_arm64.deb ...
#10 400.3 Unpacking libhdf5-openmpi-fortran-102:arm64 (1.10.7+repack-4ubuntu2) ...
#10 400.5 Selecting previously unselected package libhdf5-openmpi-hl-100:arm64.
#10 400.5 Preparing to unpack .../251-libhdf5-openmpi-hl-100_1.10.7+repack-4ubuntu2_arm64.deb ...
#10 400.5 Unpacking libhdf5-openmpi-hl-100:arm64 (1.10.7+repack-4ubuntu2) ...
#10 403.7 Selecting previously unselected package libhdf5-openmpi-hl-fortran-100:arm64.
#10 403.7 Preparing to unpack .../252-libhdf5-openmpi-hl-fortran-100_1.10.7+repack-4ubuntu2_arm64.deb ...
#10 403.8 Unpacking libhdf5-openmpi-hl-fortran-100:arm64 (1.10.7+repack-4ubuntu2) ...
#10 404.0 Selecting previously unselected package libhdf5-openmpi-cpp-103-1:arm64.
#10 404.0 Preparing to unpack .../253-libhdf5-openmpi-cpp-103-1_1.10.7+repack-4ubuntu2_arm64.deb ...
#10 404.0 Unpacking libhdf5-openmpi-cpp-103-1:arm64 (1.10.7+repack-4ubuntu2) ...
#10 404.2 Selecting previously unselected package libhdf5-openmpi-hl-cpp-100:arm64.
#10 404.2 Preparing to unpack .../254-libhdf5-openmpi-hl-cpp-100_1.10.7+repack-4ubuntu2_arm64.deb ...
#10 404.2 Unpacking libhdf5-openmpi-hl-cpp-100:arm64 (1.10.7+repack-4ubuntu2) ...
#10 404.4 Selecting previously unselected package libhdf5-openmpi-dev.
#10 404.4 Preparing to unpack .../255-libhdf5-openmpi-dev_1.10.7+repack-4ubuntu2_arm64.deb ...
#10 404.5 Unpacking libhdf5-openmpi-dev (1.10.7+repack-4ubuntu2) ...
#10 404.8 Selecting previously unselected package libhdf5-mpi-dev.
#10 404.8 Preparing to unpack .../256-libhdf5-mpi-dev_1.10.7+repack-4ubuntu2_arm64.deb ...
#10 404.9 Unpacking libhdf5-mpi-dev (1.10.7+repack-4ubuntu2) ...
#10 405.0 Selecting previously unselected package liblz4-dev:arm64.
#10 405.1 Preparing to unpack .../257-liblz4-dev_1.9.3-2build2_arm64.deb ...
#10 405.1 Unpacking liblz4-dev:arm64 (1.9.3-2build2) ...
#10 405.2 Selecting previously unselected package libflann-dev:arm64.
#10 405.2 Preparing to unpack .../258-libflann-dev_1.9.1+dfsg-11_arm64.deb ...
#10 405.3 Unpacking libflann-dev:arm64 (1.9.1+dfsg-11) ...
#10 405.6 Selecting previously unselected package libpng-dev:arm64.
#10 405.6 Preparing to unpack .../259-libpng-dev_1.6.37-3ubuntu0.3_arm64.deb ...
#10 405.6 Unpacking libpng-dev:arm64 (1.6.37-3ubuntu0.3) ...
#10 405.8 Selecting previously unselected package libfreetype-dev:arm64.
#10 405.8 Preparing to unpack .../260-libfreetype-dev_2.11.1+dfsg-1ubuntu0.3_arm64.deb ...
#10 405.8 Unpacking libfreetype-dev:arm64 (2.11.1+dfsg-1ubuntu0.3) ...
#10 406.1 Selecting previously unselected package libfreetype6-dev:arm64.
#10 406.1 Preparing to unpack .../261-libfreetype6-dev_2.11.1+dfsg-1ubuntu0.3_arm64.deb ...
#10 406.1 Unpacking libfreetype6-dev:arm64 (2.11.1+dfsg-1ubuntu0.3) ...
#10 406.2 Selecting previously unselected package uuid-dev:arm64.
#10 406.3 Preparing to unpack .../262-uuid-dev_2.37.2-4ubuntu3.4_arm64.deb ...
#10 406.3 Unpacking uuid-dev:arm64 (2.37.2-4ubuntu3.4) ...
#10 406.5 Selecting previously unselected package libfontconfig-dev:arm64.
#10 406.5 Preparing to unpack .../263-libfontconfig-dev_2.13.1-4.2ubuntu5_arm64.deb ...
#10 406.5 Unpacking libfontconfig-dev:arm64 (2.13.1-4.2ubuntu5) ...
#10 406.6 Selecting previously unselected package libfontconfig1-dev:arm64.
#10 406.7 Preparing to unpack .../264-libfontconfig1-dev_2.13.1-4.2ubuntu5_arm64.deb ...
#10 406.7 Unpacking libfontconfig1-dev:arm64 (2.13.1-4.2ubuntu5) ...
#10 406.9 Selecting previously unselected package libfyba0:arm64.
#10 406.9 Preparing to unpack .../265-libfyba0_4.1.1-7_arm64.deb ...
#10 406.9 Unpacking libfyba0:arm64 (4.1.1-7) ...
#10 415.5 Selecting previously unselected package libfyba-dev:arm64.
#10 415.5 Preparing to unpack .../266-libfyba-dev_4.1.1-7_arm64.deb ...
#10 415.6 Unpacking libfyba-dev:arm64 (4.1.1-7) ...
#10 415.7 Selecting previously unselected package libfreexl1:arm64.
#10 415.8 Preparing to unpack .../267-libfreexl1_1.0.6-1_arm64.deb ...
#10 415.8 Unpacking libfreexl1:arm64 (1.0.6-1) ...
#10 416.0 Selecting previously unselected package libgeos3.10.2:arm64.
#10 416.0 Preparing to unpack .../268-libgeos3.10.2_3.10.2-1_arm64.deb ...
#10 416.0 Unpacking libgeos3.10.2:arm64 (3.10.2-1) ...
#10 416.2 Selecting previously unselected package libgeos-c1v5:arm64.
#10 416.3 Preparing to unpack .../269-libgeos-c1v5_3.10.2-1_arm64.deb ...
#10 416.3 Unpacking libgeos-c1v5:arm64 (3.10.2-1) ...
#10 416.5 Selecting previously unselected package proj-data.
#10 416.5 Preparing to unpack .../270-proj-data_8.2.1-1_all.deb ...
#10 416.5 Unpacking proj-data (8.2.1-1) ...
#10 417.0 Preparing to unpack .../271-libtiff5_4.3.0-6ubuntu0.12_arm64.deb ...
#10 417.0 Unpacking libtiff5:arm64 (4.3.0-6ubuntu0.12) over (4.3.0-6ubuntu0.7) ...
#10 417.4 Selecting previously unselected package libproj22:arm64.
#10 417.4 Preparing to unpack .../272-libproj22_8.2.1-1_arm64.deb ...
#10 417.5 Unpacking libproj22:arm64 (8.2.1-1) ...
#10 417.6 Selecting previously unselected package libgeotiff5:arm64.
#10 417.7 Preparing to unpack .../273-libgeotiff5_1.7.0-2build1_arm64.deb ...
#10 417.7 Unpacking libgeotiff5:arm64 (1.7.0-2build1) ...
#10 417.9 Selecting previously unselected package libhdf4-0-alt.
#10 417.9 Preparing to unpack .../274-libhdf4-0-alt_4.2.15-4_arm64.deb ...
#10 417.9 Unpacking libhdf4-0-alt (4.2.15-4) ...
#10 418.1 Selecting previously unselected package libheif1:arm64.
#10 418.1 Preparing to unpack .../275-libheif1_1.12.0-2build1_arm64.deb ...
#10 418.1 Unpacking libheif1:arm64 (1.12.0-2build1) ...
#10 421.0 Selecting previously unselected package libminizip1:arm64.
#10 421.0 Preparing to unpack .../276-libminizip1_1.1-8build1_arm64.deb ...
#10 421.1 Unpacking libminizip1:arm64 (1.1-8build1) ...
#10 421.2 Selecting previously unselected package liburiparser1:arm64.
#10 421.2 Preparing to unpack .../277-liburiparser1_0.9.6+dfsg-1_arm64.deb ...
#10 421.3 Unpacking liburiparser1:arm64 (0.9.6+dfsg-1) ...
#10 421.5 Selecting previously unselected package libkmlbase1:arm64.
#10 421.5 Preparing to unpack .../278-libkmlbase1_1.3.0-9_arm64.deb ...
#10 421.5 Unpacking libkmlbase1:arm64 (1.3.0-9) ...
#10 421.7 Selecting previously unselected package libkmldom1:arm64.
#10 421.7 Preparing to unpack .../279-libkmldom1_1.3.0-9_arm64.deb ...
#10 421.7 Unpacking libkmldom1:arm64 (1.3.0-9) ...
#10 422.0 Selecting previously unselected package libkmlengine1:arm64.
#10 422.0 Preparing to unpack .../280-libkmlengine1_1.3.0-9_arm64.deb ...
#10 422.0 Unpacking libkmlengine1:arm64 (1.3.0-9) ...
#10 422.2 Selecting previously unselected package libnetcdf19:arm64.
#10 422.2 Preparing to unpack .../281-libnetcdf19_1%3a4.8.1-1_arm64.deb ...
#10 422.3 Unpacking libnetcdf19:arm64 (1:4.8.1-1) ...
#10 422.4 Selecting previously unselected package libodbc2:arm64.
#10 422.4 Preparing to unpack .../282-libodbc2_2.3.9-5ubuntu0.1_arm64.deb ...
#10 422.5 Unpacking libodbc2:arm64 (2.3.9-5ubuntu0.1) ...
#10 422.7 Selecting previously unselected package unixodbc-common.
#10 422.7 Preparing to unpack .../283-unixodbc-common_2.3.9-5ubuntu0.1_all.deb ...
#10 422.7 Unpacking unixodbc-common (2.3.9-5ubuntu0.1) ...
#10 422.9 Selecting previously unselected package libodbcinst2:arm64.
#10 422.9 Preparing to unpack .../284-libodbcinst2_2.3.9-5ubuntu0.1_arm64.deb ...
#10 422.9 Unpacking libodbcinst2:arm64 (2.3.9-5ubuntu0.1) ...
#10 423.1 Selecting previously unselected package libogdi4.1.
#10 423.1 Preparing to unpack .../285-libogdi4.1_4.1.0+ds-5_arm64.deb ...
#10 423.1 Unpacking libogdi4.1 (4.1.0+ds-5) ...
#10 423.8 Preparing to unpack .../286-libopenjp2-7_2.4.0-6ubuntu0.4_arm64.deb ...
#10 423.9 Unpacking libopenjp2-7:arm64 (2.4.0-6ubuntu0.4) over (2.4.0-6) ...
#10 424.2 Selecting previously unselected package libpoppler118:arm64.
#10 424.2 Preparing to unpack .../287-libpoppler118_22.02.0-2ubuntu0.12_arm64.deb ...
#10 424.2 Unpacking libpoppler118:arm64 (22.02.0-2ubuntu0.12) ...
#10 424.4 Selecting previously unselected package libpq5:arm64.
#10 424.5 Preparing to unpack .../288-libpq5_14.20-0ubuntu0.22.04.1_arm64.deb ...
#10 424.5 Unpacking libpq5:arm64 (14.20-0ubuntu0.22.04.1) ...
#10 424.7 Selecting previously unselected package libqhull-r8.0:arm64.
#10 424.7 Preparing to unpack .../289-libqhull-r8.0_2020.2-4_arm64.deb ...
#10 424.7 Unpacking libqhull-r8.0:arm64 (2020.2-4) ...
#10 424.9 Selecting previously unselected package librttopo1:arm64.
#10 424.9 Preparing to unpack .../290-librttopo1_1.1.0-2_arm64.deb ...
#10 424.9 Unpacking librttopo1:arm64 (1.1.0-2) ...
#10 425.1 Selecting previously unselected package libspatialite7:arm64.
#10 425.1 Preparing to unpack .../291-libspatialite7_5.0.1-2build2_arm64.deb ...
#10 425.2 Unpacking libspatialite7:arm64 (5.0.1-2build2) ...
#10 425.4 Selecting previously unselected package libxerces-c3.2:arm64.
#10 425.5 Preparing to unpack .../292-libxerces-c3.2_3.2.3+debian-3ubuntu0.1_arm64.deb ...
#10 425.5 Unpacking libxerces-c3.2:arm64 (3.2.3+debian-3ubuntu0.1) ...
#10 425.7 Selecting previously unselected package libgdal30.
#10 425.8 Preparing to unpack .../293-libgdal30_3.4.1+dfsg-1build4_arm64.deb ...
#10 425.8 Unpacking libgdal30 (3.4.1+dfsg-1build4) ...
#10 426.3 Selecting previously unselected package libgeos-dev.
#10 426.3 Preparing to unpack .../294-libgeos-dev_3.10.2-1_arm64.deb ...
#10 426.3 Unpacking libgeos-dev (3.10.2-1) ...
#10 426.5 Selecting previously unselected package libgif-dev.
#10 426.5 Preparing to unpack .../295-libgif-dev_5.1.9-2ubuntu0.1_arm64.deb ...
#10 426.5 Unpacking libgif-dev (5.1.9-2ubuntu0.1) ...
#10 426.7 Selecting previously unselected package libgl1-amber-dri:arm64.
#10 426.7 Preparing to unpack .../296-libgl1-amber-dri_21.3.9-0ubuntu1~22.04.1_arm64.deb ...
#10 426.7 Unpacking libgl1-amber-dri:arm64 (21.3.9-0ubuntu1~22.04.1) ...
#10 427.0 Selecting previously unselected package libgl2ps1.4.
#10 427.0 Preparing to unpack .../297-libgl2ps1.4_1.4.2+dfsg1-2_arm64.deb ...
#10 427.0 Unpacking libgl2ps1.4 (1.4.2+dfsg1-2) ...
#10 427.1 Selecting previously unselected package libgl2ps-dev.
#10 427.2 Preparing to unpack .../298-libgl2ps-dev_1.4.2+dfsg1-2_arm64.deb ...
#10 427.2 Unpacking libgl2ps-dev (1.4.2+dfsg1-2) ...
#10 427.4 Selecting previously unselected package libgles1:arm64.
#10 427.4 Preparing to unpack .../299-libgles1_1.4.0-1_arm64.deb ...
#10 427.4 Unpacking libgles1:arm64 (1.4.0-1) ...
#10 427.6 Selecting previously unselected package libgles2:arm64.
#10 427.7 Preparing to unpack .../300-libgles2_1.4.0-1_arm64.deb ...
#10 427.7 Unpacking libgles2:arm64 (1.4.0-1) ...
#10 427.8 Selecting previously unselected package libgles-dev:arm64.
#10 427.8 Preparing to unpack .../301-libgles-dev_1.4.0-1_arm64.deb ...
#10 427.9 Unpacking libgles-dev:arm64 (1.4.0-1) ...
#10 428.0 Selecting previously unselected package libglvnd-core-dev:arm64.
#10 428.1 Preparing to unpack .../302-libglvnd-core-dev_1.4.0-1_arm64.deb ...
#10 428.1 Unpacking libglvnd-core-dev:arm64 (1.4.0-1) ...
#10 428.2 Selecting previously unselected package libopengl-dev:arm64.
#10 428.3 Preparing to unpack .../303-libopengl-dev_1.4.0-1_arm64.deb ...
#10 428.3 Unpacking libopengl-dev:arm64 (1.4.0-1) ...
#10 430.0 Selecting previously unselected package libglvnd-dev:arm64.
#10 430.0 Preparing to unpack .../304-libglvnd-dev_1.4.0-1_arm64.deb ...
#10 435.8 Unpacking libglvnd-dev:arm64 (1.4.0-1) ...
#10 445.2 Selecting previously unselected package libgl1-mesa-dev:arm64.
#10 445.3 Preparing to unpack .../305-libgl1-mesa-dev_23.2.1-1ubuntu3.1~22.04.3_arm64.deb ...
#10 445.3 Unpacking libgl1-mesa-dev:arm64 (23.2.1-1ubuntu3.1~22.04.3) ...
#10 445.5 Selecting previously unselected package libglew2.2:arm64.
#10 445.5 Preparing to unpack .../306-libglew2.2_2.2.0-4_arm64.deb ...
#10 445.5 Unpacking libglew2.2:arm64 (2.2.0-4) ...
#10 445.7 Selecting previously unselected package libglew-dev:arm64.
#10 445.7 Preparing to unpack .../307-libglew-dev_2.2.0-4_arm64.deb ...
#10 445.7 Unpacking libglew-dev:arm64 (2.2.0-4) ...
#10 446.0 Selecting previously unselected package libx265-dev:arm64.
#10 446.0 Preparing to unpack .../308-libx265-dev_3.5-2_arm64.deb ...
#10 446.0 Unpacking libx265-dev:arm64 (3.5-2) ...
#10 446.2 Selecting previously unselected package libheif-dev:arm64.
#10 446.3 Preparing to unpack .../309-libheif-dev_1.12.0-2build1_arm64.deb ...
#10 446.3 Unpacking libheif-dev:arm64 (1.12.0-2build1) ...
#10 446.4 Selecting previously unselected package libice-dev:arm64.
#10 446.5 Preparing to unpack .../310-libice-dev_2%3a1.0.10-1build2_arm64.deb ...
#10 446.5 Unpacking libice-dev:arm64 (2:1.0.10-1build2) ...
#10 446.6 Selecting previously unselected package libkmlconvenience1:arm64.
#10 446.7 Preparing to unpack .../311-libkmlconvenience1_1.3.0-9_arm64.deb ...
#10 446.7 Unpacking libkmlconvenience1:arm64 (1.3.0-9) ...
#10 446.9 Selecting previously unselected package libkmlregionator1:arm64.
#10 446.9 Preparing to unpack .../312-libkmlregionator1_1.3.0-9_arm64.deb ...
#10 446.9 Unpacking libkmlregionator1:arm64 (1.3.0-9) ...
#10 447.1 Selecting previously unselected package libkmlxsd1:arm64.
#10 447.2 Preparing to unpack .../313-libkmlxsd1_1.3.0-9_arm64.deb ...
#10 447.2 Unpacking libkmlxsd1:arm64 (1.3.0-9) ...
#10 447.3 Selecting previously unselected package libmbim-glib4:arm64.
#10 447.3 Preparing to unpack .../314-libmbim-glib4_1.28.0-1~ubuntu20.04.2_arm64.deb ...
#10 447.4 Unpacking libmbim-glib4:arm64 (1.28.0-1~ubuntu20.04.2) ...
#10 447.5 Selecting previously unselected package libmbim-proxy.
#10 447.6 Preparing to unpack .../315-libmbim-proxy_1.28.0-1~ubuntu20.04.2_arm64.deb ...
#10 447.6 Unpacking libmbim-proxy (1.28.0-1~ubuntu20.04.2) ...
#10 447.8 Selecting previously unselected package libminizip-dev:arm64.
#10 447.8 Preparing to unpack .../316-libminizip-dev_1.1-8build1_arm64.deb ...
#10 447.8 Unpacking libminizip-dev:arm64 (1.1-8build1) ...
#10 448.0 Selecting previously unselected package libnetcdf-c++4.
#10 448.0 Preparing to unpack .../317-libnetcdf-c++4_4.2-12build1_arm64.deb ...
#10 448.0 Unpacking libnetcdf-c++4 (4.2-12build1) ...
#10 448.2 Selecting previously unselected package libnetcdf-dev.
#10 448.2 Preparing to unpack .../318-libnetcdf-dev_1%3a4.8.1-1_arm64.deb ...
#10 448.2 Unpacking libnetcdf-dev (1:4.8.1-1) ...
#10 448.4 Selecting previously unselected package libnetcdf-cxx-legacy-dev.
#10 448.5 Preparing to unpack .../319-libnetcdf-cxx-legacy-dev_4.2-12build1_arm64.deb ...
#10 448.5 Unpacking libnetcdf-cxx-legacy-dev (4.2-12build1) ...
#10 448.6 Selecting previously unselected package libnl-genl-3-200:arm64.
#10 448.6 Preparing to unpack .../320-libnl-genl-3-200_3.5.0-0.1_arm64.deb ...
#10 448.7 Unpacking libnl-genl-3-200:arm64 (3.5.0-0.1) ...
#10 449.1 Selecting previously unselected package libnss-mdns:arm64.
#10 449.1 Preparing to unpack .../321-libnss-mdns_0.15.1-1ubuntu1_arm64.deb ...
#10 449.1 Unpacking libnss-mdns:arm64 (0.15.1-1ubuntu1) ...
#10 449.3 Selecting previously unselected package libodbccr2:arm64.
#10 449.3 Preparing to unpack .../322-libodbccr2_2.3.9-5ubuntu0.1_arm64.deb ...
#10 449.3 Unpacking libodbccr2:arm64 (2.3.9-5ubuntu0.1) ...
#10 449.4 Selecting previously unselected package libogdi-dev.
#10 449.5 Preparing to unpack .../323-libogdi-dev_4.1.0+ds-5_arm64.deb ...
#10 449.5 Unpacking libogdi-dev (4.1.0+ds-5) ...
#10 449.7 Selecting previously unselected package libogg-dev:arm64.
#10 449.7 Preparing to unpack .../324-libogg-dev_1.3.5-0ubuntu3_arm64.deb ...
#10 449.7 Unpacking libogg-dev:arm64 (1.3.5-0ubuntu3) ...
#10 449.9 Selecting previously unselected package libopenni0.
#10 450.0 Preparing to unpack .../325-libopenni0_1.5.4.0+dfsg-5_arm64.deb ...
#10 450.0 Unpacking libopenni0 (1.5.4.0+dfsg-5) ...
#10 450.2 Selecting previously unselected package libopenni-dev:arm64.
#10 450.2 Preparing to unpack .../326-libopenni-dev_1.5.4.0+dfsg-5_arm64.deb ...
#10 450.2 Unpacking libopenni-dev:arm64 (1.5.4.0+dfsg-5) ...
#10 450.4 Selecting previously unselected package openni-utils.
#10 450.4 Preparing to unpack .../327-openni-utils_1.5.4.0+dfsg-5_arm64.deb ...
#10 450.5 Unpacking openni-utils (1.5.4.0+dfsg-5) ...
#10 450.6 Selecting previously unselected package libopenni-sensor-pointclouds0.
#10 450.7 Preparing to unpack .../328-libopenni-sensor-pointclouds0_5.1.0.41.9-4_arm64.deb ...
#10 450.7 Unpacking libopenni-sensor-pointclouds0 (5.1.0.41.9-4) ...
#10 450.9 Selecting previously unselected package libopenni2-0:arm64.
#10 450.9 Preparing to unpack .../329-libopenni2-0_2.2.0.33+dfsg-15_arm64.deb ...
#10 450.9 Unpacking libopenni2-0:arm64 (2.2.0.33+dfsg-15) ...
#10 454.2 Selecting previously unselected package libopenni2-dev:arm64.
#10 454.3 Preparing to unpack .../330-libopenni2-dev_2.2.0.33+dfsg-15_arm64.deb ...
#10 454.3 Unpacking libopenni2-dev:arm64 (2.2.0.33+dfsg-15) ...
#10 454.4 Selecting previously unselected package libpcl-common1.12:arm64.
#10 454.5 Preparing to unpack .../331-libpcl-common1.12_1.12.1+dfsg-3build1_arm64.deb ...
#10 454.5 Unpacking libpcl-common1.12:arm64 (1.12.1+dfsg-3build1) ...
#10 454.7 Selecting previously unselected package libpcl-kdtree1.12:arm64.
#10 454.7 Preparing to unpack .../332-libpcl-kdtree1.12_1.12.1+dfsg-3build1_arm64.deb ...
#10 454.7 Unpacking libpcl-kdtree1.12:arm64 (1.12.1+dfsg-3build1) ...
#10 454.9 Selecting previously unselected package libpcl-octree1.12:arm64.
#10 454.9 Preparing to unpack .../333-libpcl-octree1.12_1.12.1+dfsg-3build1_arm64.deb ...
#10 455.0 Unpacking libpcl-octree1.12:arm64 (1.12.1+dfsg-3build1) ...
#10 455.1 Selecting previously unselected package libpcl-sample-consensus1.12:arm64.
#10 455.1 Preparing to unpack .../334-libpcl-sample-consensus1.12_1.12.1+dfsg-3build1_arm64.deb ...
#10 455.2 Unpacking libpcl-sample-consensus1.12:arm64 (1.12.1+dfsg-3build1) ...
#10 455.4 Selecting previously unselected package libpcl-search1.12:arm64.
#10 455.5 Preparing to unpack .../335-libpcl-search1.12_1.12.1+dfsg-3build1_arm64.deb ...
#10 455.5 Unpacking libpcl-search1.12:arm64 (1.12.1+dfsg-3build1) ...
#10 455.7 Selecting previously unselected package libpcl-filters1.12:arm64.
#10 455.7 Preparing to unpack .../336-libpcl-filters1.12_1.12.1+dfsg-3build1_arm64.deb ...
#10 455.7 Unpacking libpcl-filters1.12:arm64 (1.12.1+dfsg-3build1) ...
#10 455.9 Selecting previously unselected package libpcl-features1.12:arm64.
#10 455.9 Preparing to unpack .../337-libpcl-features1.12_1.12.1+dfsg-3build1_arm64.deb ...
#10 456.0 Unpacking libpcl-features1.12:arm64 (1.12.1+dfsg-3build1) ...
#10 459.9 Selecting previously unselected package libpcl-ml1.12:arm64.
#10 459.9 Preparing to unpack .../338-libpcl-ml1.12_1.12.1+dfsg-3build1_arm64.deb ...
#10 460.0 Unpacking libpcl-ml1.12:arm64 (1.12.1+dfsg-3build1) ...
#10 460.1 Selecting previously unselected package libpcl-segmentation1.12:arm64.
#10 460.1 Preparing to unpack .../339-libpcl-segmentation1.12_1.12.1+dfsg-3build1_arm64.deb ...
#10 460.1 Unpacking libpcl-segmentation1.12:arm64 (1.12.1+dfsg-3build1) ...
#10 460.4 Selecting previously unselected package libtcl8.6:arm64.
#10 460.4 Preparing to unpack .../340-libtcl8.6_8.6.12+dfsg-1build1_arm64.deb ...
#10 460.5 Unpacking libtcl8.6:arm64 (8.6.12+dfsg-1build1) ...
#10 460.8 Selecting previously unselected package libxss1:arm64.
#10 460.8 Preparing to unpack .../341-libxss1_1%3a1.2.3-1build2_arm64.deb ...
#10 460.8 Unpacking libxss1:arm64 (1:1.2.3-1build2) ...
#10 460.9 Selecting previously unselected package libtk8.6:arm64.
#10 461.0 Preparing to unpack .../342-libtk8.6_8.6.12-1build1_arm64.deb ...
#10 461.0 Unpacking libtk8.6:arm64 (8.6.12-1build1) ...
#10 462.0 Selecting previously unselected package libvtk9.1:arm64.
#10 462.0 Preparing to unpack .../343-libvtk9.1_9.1.0+really9.1.0+dfsg2-3build1_arm64.deb ...
#10 462.0 Unpacking libvtk9.1:arm64 (9.1.0+really9.1.0+dfsg2-3build1) ...
#10 463.5 Selecting previously unselected package libpcl-surface1.12:arm64.
#10 463.5 Preparing to unpack .../344-libpcl-surface1.12_1.12.1+dfsg-3build1_arm64.deb ...
#10 463.6 Unpacking libpcl-surface1.12:arm64 (1.12.1+dfsg-3build1) ...
#10 463.8 Selecting previously unselected package libpcl-apps1.12:arm64.
#10 463.8 Preparing to unpack .../345-libpcl-apps1.12_1.12.1+dfsg-3build1_arm64.deb ...
#10 463.9 Unpacking libpcl-apps1.12:arm64 (1.12.1+dfsg-3build1) ...
#10 464.0 Selecting previously unselected package libpcl-io1.12:arm64.
#10 464.1 Preparing to unpack .../346-libpcl-io1.12_1.12.1+dfsg-3build1_arm64.deb ...
#10 464.1 Unpacking libpcl-io1.12:arm64 (1.12.1+dfsg-3build1) ...
#10 464.3 Selecting previously unselected package libpcl-keypoints1.12:arm64.
#10 464.3 Preparing to unpack .../347-libpcl-keypoints1.12_1.12.1+dfsg-3build1_arm64.deb ...
#10 464.3 Unpacking libpcl-keypoints1.12:arm64 (1.12.1+dfsg-3build1) ...
#10 464.5 Selecting previously unselected package libpcl-outofcore1.12:arm64.
#10 464.5 Preparing to unpack .../348-libpcl-outofcore1.12_1.12.1+dfsg-3build1_arm64.deb ...
#10 464.6 Unpacking libpcl-outofcore1.12:arm64 (1.12.1+dfsg-3build1) ...
#10 464.7 Selecting previously unselected package libpcl-people1.12:arm64.
#10 464.7 Preparing to unpack .../349-libpcl-people1.12_1.12.1+dfsg-3build1_arm64.deb ...
#10 464.8 Unpacking libpcl-people1.12:arm64 (1.12.1+dfsg-3build1) ...
#10 464.9 Selecting previously unselected package libpcl-recognition1.12:arm64.
#10 464.9 Preparing to unpack .../350-libpcl-recognition1.12_1.12.1+dfsg-3build1_arm64.deb ...
#10 465.0 Unpacking libpcl-recognition1.12:arm64 (1.12.1+dfsg-3build1) ...
#10 465.2 Selecting previously unselected package libpcl-registration1.12:arm64.
#10 465.2 Preparing to unpack .../351-libpcl-registration1.12_1.12.1+dfsg-3build1_arm64.deb ...
#10 465.2 Unpacking libpcl-registration1.12:arm64 (1.12.1+dfsg-3build1) ...
#10 465.4 Selecting previously unselected package libpcl-stereo1.12:arm64.
#10 465.4 Preparing to unpack .../352-libpcl-stereo1.12_1.12.1+dfsg-3build1_arm64.deb ...
#10 465.5 Unpacking libpcl-stereo1.12:arm64 (1.12.1+dfsg-3build1) ...
#10 465.6 Selecting previously unselected package libpcl-tracking1.12:arm64.
#10 465.7 Preparing to unpack .../353-libpcl-tracking1.12_1.12.1+dfsg-3build1_arm64.deb ...
#10 465.7 Unpacking libpcl-tracking1.12:arm64 (1.12.1+dfsg-3build1) ...
#10 465.9 Selecting previously unselected package libpcl-visualization1.12:arm64.
#10 465.9 Preparing to unpack .../354-libpcl-visualization1.12_1.12.1+dfsg-3build1_arm64.deb ...
#10 465.9 Unpacking libpcl-visualization1.12:arm64 (1.12.1+dfsg-3build1) ...
#10 466.1 Selecting previously unselected package libpcre2-32-0:arm64.
#10 466.1 Preparing to unpack .../355-libpcre2-32-0_10.39-3ubuntu0.1_arm64.deb ...
#10 466.1 Unpacking libpcre2-32-0:arm64 (10.39-3ubuntu0.1) ...
#10 466.3 Selecting previously unselected package libpcre2-posix3:arm64.
#10 466.4 Preparing to unpack .../356-libpcre2-posix3_10.39-3ubuntu0.1_arm64.deb ...
#10 466.4 Unpacking libpcre2-posix3:arm64 (10.39-3ubuntu0.1) ...
#10 466.6 Selecting previously unselected package libpcre2-dev:arm64.
#10 466.6 Preparing to unpack .../357-libpcre2-dev_10.39-3ubuntu0.1_arm64.deb ...
#10 466.6 Unpacking libpcre2-dev:arm64 (10.39-3ubuntu0.1) ...
#10 466.8 Selecting previously unselected package libpng-tools.
#10 466.8 Preparing to unpack .../358-libpng-tools_1.6.37-3ubuntu0.3_arm64.deb ...
#10 466.8 Unpacking libpng-tools (1.6.37-3ubuntu0.3) ...
#10 467.5 Selecting previously unselected package libpoppler-dev:arm64.
#10 467.6 Preparing to unpack .../359-libpoppler-dev_22.02.0-2ubuntu0.12_arm64.deb ...
#10 467.6 Unpacking libpoppler-dev:arm64 (22.02.0-2ubuntu0.12) ...
#10 467.7 Selecting previously unselected package libpoppler-private-dev:arm64.
#10 467.7 Preparing to unpack .../360-libpoppler-private-dev_22.02.0-2ubuntu0.12_arm64.deb ...
#10 467.8 Unpacking libpoppler-private-dev:arm64 (22.02.0-2ubuntu0.12) ...
#10 468.0 Selecting previously unselected package libpq-dev.
#10 468.0 Preparing to unpack .../361-libpq-dev_14.20-0ubuntu0.22.04.1_arm64.deb ...
#10 468.0 Unpacking libpq-dev (14.20-0ubuntu0.22.04.1) ...
#10 468.2 Selecting previously unselected package libqhull8.0:arm64.
#10 468.3 Preparing to unpack .../362-libqhull8.0_2020.2-4_arm64.deb ...
#10 468.3 Unpacking libqhull8.0:arm64 (2020.2-4) ...
#10 468.4 Selecting previously unselected package libqhullcpp8.0:arm64.
#10 468.5 Preparing to unpack .../363-libqhullcpp8.0_2020.2-4_arm64.deb ...
#10 468.5 Unpacking libqhullcpp8.0:arm64 (2020.2-4) ...
#10 468.6 Selecting previously unselected package libqhull-dev:arm64.
#10 468.7 Preparing to unpack .../364-libqhull-dev_2020.2-4_arm64.deb ...
#10 468.7 Unpacking libqhull-dev:arm64 (2020.2-4) ...
#10 469.0 Selecting previously unselected package libqmi-glib5:arm64.
#10 469.0 Preparing to unpack .../365-libqmi-glib5_1.32.0-1ubuntu0.22.04.1_arm64.deb ...
#10 469.0 Unpacking libqmi-glib5:arm64 (1.32.0-1ubuntu0.22.04.1) ...
#10 469.2 Selecting previously unselected package libqmi-proxy.
#10 469.2 Preparing to unpack .../366-libqmi-proxy_1.32.0-1ubuntu0.22.04.1_arm64.deb ...
#10 469.2 Unpacking libqmi-proxy (1.32.0-1ubuntu0.22.04.1) ...
#10 469.4 Selecting previously unselected package libqt5designer5:arm64.
#10 469.5 Preparing to unpack .../367-libqt5designer5_5.15.3-1_arm64.deb ...
#10 469.5 Unpacking libqt5designer5:arm64 (5.15.3-1) ...
#10 469.8 Selecting previously unselected package libqt5designercomponents5:arm64.
#10 469.9 Preparing to unpack .../368-libqt5designercomponents5_5.15.3-1_arm64.deb ...
#10 469.9 Unpacking libqt5designercomponents5:arm64 (5.15.3-1) ...
#10 470.1 Selecting previously unselected package libqt5help5:arm64.
#10 470.2 Preparing to unpack .../369-libqt5help5_5.15.3-1_arm64.deb ...
#10 470.2 Unpacking libqt5help5:arm64 (5.15.3-1) ...
#10 470.4 Selecting previously unselected package libqt5opengl5:arm64.
#10 470.4 Preparing to unpack .../370-libqt5opengl5_5.15.3+dfsg-2ubuntu0.2_arm64.deb ...
#10 470.4 Unpacking libqt5opengl5:arm64 (5.15.3+dfsg-2ubuntu0.2) ...
#10 470.6 Selecting previously unselected package libqt5opengl5-dev:arm64.
#10 470.6 Preparing to unpack .../371-libqt5opengl5-dev_5.15.3+dfsg-2ubuntu0.2_arm64.deb ...
#10 470.6 Unpacking libqt5opengl5-dev:arm64 (5.15.3+dfsg-2ubuntu0.2) ...
#10 470.8 Selecting previously unselected package libqt5sql5-sqlite:arm64.
#10 470.8 Preparing to unpack .../372-libqt5sql5-sqlite_5.15.3+dfsg-2ubuntu0.2_arm64.deb ...
#10 470.8 Unpacking libqt5sql5-sqlite:arm64 (5.15.3+dfsg-2ubuntu0.2) ...
#10 470.9 Selecting previously unselected package librttopo-dev:arm64.
#10 471.0 Preparing to unpack .../373-librttopo-dev_1.1.0-2_arm64.deb ...
#10 471.0 Unpacking librttopo-dev:arm64 (1.1.0-2) ...
#10 471.2 Selecting previously unselected package libsm-dev:arm64.
#10 471.2 Preparing to unpack .../374-libsm-dev_2%3a1.2.3-1build2_arm64.deb ...
#10 471.2 Unpacking libsm-dev:arm64 (2:1.2.3-1build2) ...
#10 471.4 Selecting previously unselected package libswscale-dev:arm64.
#10 471.5 Preparing to unpack .../375-libswscale-dev_7%3a4.4.2-0ubuntu0.22.04.1_arm64.deb ...
#10 471.5 Unpacking libswscale-dev:arm64 (7:4.4.2-0ubuntu0.22.04.1) ...
#10 471.6 Selecting previously unselected package libtheora-dev:arm64.
#10 471.6 Preparing to unpack .../376-libtheora-dev_1.1.1+dfsg.1-15ubuntu4_arm64.deb ...
#10 471.6 Unpacking libtheora-dev:arm64 (1.1.1+dfsg.1-15ubuntu4) ...
#10 471.8 Selecting previously unselected package libjbig-dev:arm64.
#10 471.9 Preparing to unpack .../377-libjbig-dev_2.1-3.1ubuntu0.22.04.1_arm64.deb ...
#10 471.9 Unpacking libjbig-dev:arm64 (2.1-3.1ubuntu0.22.04.1) ...
#10 472.0 Selecting previously unselected package liblzma-dev:arm64.
#10 472.1 Preparing to unpack .../378-liblzma-dev_5.2.5-2ubuntu1_arm64.deb ...
#10 472.1 Unpacking liblzma-dev:arm64 (5.2.5-2ubuntu1) ...
#10 472.3 Selecting previously unselected package libtiffxx5:arm64.
#10 472.3 Preparing to unpack .../379-libtiffxx5_4.3.0-6ubuntu0.12_arm64.deb ...
#10 472.3 Unpacking libtiffxx5:arm64 (4.3.0-6ubuntu0.12) ...
#10 472.5 Selecting previously unselected package libtiff-dev:arm64.
#10 472.5 Preparing to unpack .../380-libtiff-dev_4.3.0-6ubuntu0.12_arm64.deb ...
#10 472.6 Unpacking libtiff-dev:arm64 (4.3.0-6ubuntu0.12) ...
#10 472.7 Selecting previously unselected package libtool.
#10 472.7 Preparing to unpack .../381-libtool_2.4.6-15build2_all.deb ...
#10 472.8 Unpacking libtool (2.4.6-15build2) ...
#10 472.9 Selecting previously unselected package liburiparser-dev.
#10 473.0 Preparing to unpack .../382-liburiparser-dev_0.9.6+dfsg-1_arm64.deb ...
#10 473.0 Unpacking liburiparser-dev (0.9.6+dfsg-1) ...
#10 473.2 Selecting previously unselected package libusb-1.0-0-dev:arm64.
#10 473.2 Preparing to unpack .../383-libusb-1.0-0-dev_2%3a1.0.25-1ubuntu2_arm64.deb ...
#10 473.2 Unpacking libusb-1.0-0-dev:arm64 (2:1.0.25-1ubuntu2) ...
#10 473.3 Selecting previously unselected package libusb-1.0-doc.
#10 473.4 Preparing to unpack .../384-libusb-1.0-doc_2%3a1.0.25-1ubuntu2_all.deb ...
#10 473.4 Unpacking libusb-1.0-doc (2:1.0.25-1ubuntu2) ...
#10 473.6 Selecting previously unselected package libutempter0:arm64.
#10 473.6 Preparing to unpack .../385-libutempter0_1.2.1-2build2_arm64.deb ...
#10 473.6 Unpacking libutempter0:arm64 (1.2.1-2build2) ...
#10 473.8 Selecting previously unselected package libutfcpp-dev:arm64.
#10 473.9 Preparing to unpack .../386-libutfcpp-dev_3.2.1-2_arm64.deb ...
#10 473.9 Unpacking libutfcpp-dev:arm64 (3.2.1-2) ...
#10 474.0 Selecting previously unselected package libdouble-conversion-dev:arm64.
#10 474.0 Preparing to unpack .../387-libdouble-conversion-dev_3.1.7-4_arm64.deb ...
#10 474.1 Unpacking libdouble-conversion-dev:arm64 (3.1.7-4) ...
#10 474.3 Selecting previously unselected package libfreexl-dev:arm64.
#10 474.3 Preparing to unpack .../388-libfreexl-dev_1.0.6-1_arm64.deb ...
#10 474.3 Unpacking libfreexl-dev:arm64 (1.0.6-1) ...
#10 474.5 Selecting previously unselected package libproj-dev:arm64.
#10 474.5 Preparing to unpack .../389-libproj-dev_8.2.1-1_arm64.deb ...
#10 474.5 Unpacking libproj-dev:arm64 (8.2.1-1) ...
#10 474.8 Selecting previously unselected package libgeotiff-dev:arm64.
#10 474.8 Preparing to unpack .../390-libgeotiff-dev_1.7.0-2build1_arm64.deb ...
#10 474.8 Unpacking libgeotiff-dev:arm64 (1.7.0-2build1) ...
#10 475.0 Selecting previously unselected package libhdf4-alt-dev.
#10 475.0 Preparing to unpack .../391-libhdf4-alt-dev_4.2.15-4_arm64.deb ...
#10 475.0 Unpacking libhdf4-alt-dev (4.2.15-4) ...
#10 475.2 Selecting previously unselected package libjson-c-dev:arm64.
#10 475.2 Preparing to unpack .../392-libjson-c-dev_0.15-3~ubuntu1.22.04.2_arm64.deb ...
#10 475.3 Unpacking libjson-c-dev:arm64 (0.15-3~ubuntu1.22.04.2) ...
#10 475.4 Selecting previously unselected package libkml-dev:arm64.
#10 475.4 Preparing to unpack .../393-libkml-dev_1.3.0-9_arm64.deb ...
#10 475.4 Unpacking libkml-dev:arm64 (1.3.0-9) ...
#10 475.7 Selecting previously unselected package libopenjp2-7-dev:arm64.
#10 475.7 Preparing to unpack .../394-libopenjp2-7-dev_2.4.0-6ubuntu0.4_arm64.deb ...
#10 475.8 Unpacking libopenjp2-7-dev:arm64 (2.4.0-6ubuntu0.4) ...
#10 476.0 Selecting previously unselected package libxml2-dev:arm64.
#10 476.0 Preparing to unpack .../395-libxml2-dev_2.9.13+dfsg-1ubuntu0.10_arm64.deb ...
#10 476.0 Unpacking libxml2-dev:arm64 (2.9.13+dfsg-1ubuntu0.10) ...
#10 476.2 Selecting previously unselected package libspatialite-dev:arm64.
#10 476.3 Preparing to unpack .../396-libspatialite-dev_5.0.1-2build2_arm64.deb ...
#10 476.3 Unpacking libspatialite-dev:arm64 (5.0.1-2build2) ...
#10 476.6 Selecting previously unselected package libwebpdemux2:arm64.
#10 476.6 Preparing to unpack .../397-libwebpdemux2_1.2.2-2ubuntu0.22.04.2_arm64.deb ...
#10 476.6 Unpacking libwebpdemux2:arm64 (1.2.2-2ubuntu0.22.04.2) ...
#10 476.8 Selecting previously unselected package libwebp-dev:arm64.
#10 476.8 Preparing to unpack .../398-libwebp-dev_1.2.2-2ubuntu0.22.04.2_arm64.deb ...
#10 476.8 Unpacking libwebp-dev:arm64 (1.2.2-2ubuntu0.22.04.2) ...
#10 477.0 Selecting previously unselected package libxerces-c-dev:arm64.
#10 477.1 Preparing to unpack .../399-libxerces-c-dev_3.2.3+debian-3ubuntu0.1_arm64.deb ...
#10 477.1 Unpacking libxerces-c-dev:arm64 (3.2.3+debian-3ubuntu0.1) ...
#10 477.6 Selecting previously unselected package unixodbc-dev:arm64.
#10 477.6 Preparing to unpack .../400-unixodbc-dev_2.3.9-5ubuntu0.1_arm64.deb ...
#10 478.5 Unpacking unixodbc-dev:arm64 (2.3.9-5ubuntu0.1) ...
#10 478.7 Selecting previously unselected package libgdal-dev.
#10 478.7 Preparing to unpack .../401-libgdal-dev_3.4.1+dfsg-1build4_arm64.deb ...
#10 478.7 Unpacking libgdal-dev (3.4.1+dfsg-1build4) ...
#10 479.7 Selecting previously unselected package libjsoncpp-dev:arm64.
#10 479.7 Preparing to unpack .../402-libjsoncpp-dev_1.9.5-3_arm64.deb ...
#10 479.7 Unpacking libjsoncpp-dev:arm64 (1.9.5-3) ...
#10 479.8 Selecting previously unselected package libtbb-dev:arm64.
#10 479.9 Preparing to unpack .../403-libtbb-dev_2021.5.0-7ubuntu2_arm64.deb ...
#10 479.9 Unpacking libtbb-dev:arm64 (2021.5.0-7ubuntu2) ...
#10 480.1 Selecting previously unselected package libvtk9.1-qt:arm64.
#10 480.2 Preparing to unpack .../404-libvtk9.1-qt_9.1.0+really9.1.0+dfsg2-3build1_arm64.deb ...
#10 480.4 Unpacking libvtk9.1-qt:arm64 (9.1.0+really9.1.0+dfsg2-3build1) ...
#10 480.6 Selecting previously unselected package libvtk9-java.
#10 480.6 Preparing to unpack .../405-libvtk9-java_9.1.0+really9.1.0+dfsg2-3build1_arm64.deb ...
#10 480.6 Unpacking libvtk9-java (9.1.0+really9.1.0+dfsg2-3build1) ...
#10 481.1 Selecting previously unselected package libxrender-dev:arm64.
#10 481.1 Preparing to unpack .../406-libxrender-dev_1%3a0.9.10-1build4_arm64.deb ...
#10 481.1 Unpacking libxrender-dev:arm64 (1:0.9.10-1build4) ...
#10 481.3 Selecting previously unselected package libxft-dev:arm64.
#10 481.3 Preparing to unpack .../407-libxft-dev_2.3.4-1_arm64.deb ...
#10 481.3 Unpacking libxft-dev:arm64 (2.3.4-1) ...
#10 481.5 Selecting previously unselected package libxss-dev:arm64.
#10 481.5 Preparing to unpack .../408-libxss-dev_1%3a1.2.3-1build2_arm64.deb ...
#10 481.5 Unpacking libxss-dev:arm64 (1:1.2.3-1build2) ...
#10 481.6 Selecting previously unselected package libxt-dev:arm64.
#10 481.7 Preparing to unpack .../409-libxt-dev_1%3a1.2.1-1_arm64.deb ...
#10 481.7 Unpacking libxt-dev:arm64 (1:1.2.1-1) ...
#10 481.9 Selecting previously unselected package python3-mpi4py.
#10 482.0 Preparing to unpack .../410-python3-mpi4py_3.1.3-1build2_arm64.deb ...
#10 482.0 Unpacking python3-mpi4py (3.1.3-1build2) ...
#10 482.2 Selecting previously unselected package python3-vtk9.
#10 482.2 Preparing to unpack .../411-python3-vtk9_9.1.0+really9.1.0+dfsg2-3build1_arm64.deb ...
#10 482.3 Unpacking python3-vtk9 (9.1.0+really9.1.0+dfsg2-3build1) ...
#10 483.6 Selecting previously unselected package tcl8.6.
#10 483.7 Preparing to unpack .../412-tcl8.6_8.6.12+dfsg-1build1_arm64.deb ...
#10 483.7 Unpacking tcl8.6 (8.6.12+dfsg-1build1) ...
#10 483.9 Selecting previously unselected package tcl8.6-dev:arm64.
#10 483.9 Preparing to unpack .../413-tcl8.6-dev_8.6.12+dfsg-1build1_arm64.deb ...
#10 483.9 Unpacking tcl8.6-dev:arm64 (8.6.12+dfsg-1build1) ...
#10 484.1 Selecting previously unselected package tcl.
#10 484.1 Preparing to unpack .../414-tcl_8.6.11+1build2_arm64.deb ...
#10 484.2 Unpacking tcl (8.6.11+1build2) ...
#10 484.4 Selecting previously unselected package tcl-dev:arm64.
#10 484.4 Preparing to unpack .../415-tcl-dev_8.6.11+1build2_arm64.deb ...
#10 484.4 Unpacking tcl-dev:arm64 (8.6.11+1build2) ...
#10 484.6 Selecting previously unselected package tk8.6.
#10 484.6 Preparing to unpack .../416-tk8.6_8.6.12-1build1_arm64.deb ...
#10 484.7 Unpacking tk8.6 (8.6.12-1build1) ...
#10 484.8 Selecting previously unselected package tk8.6-dev:arm64.
#10 484.8 Preparing to unpack .../417-tk8.6-dev_8.6.12-1build1_arm64.deb ...
#10 484.8 Unpacking tk8.6-dev:arm64 (8.6.12-1build1) ...
#10 485.1 Selecting previously unselected package tk.
#10 485.1 Preparing to unpack .../418-tk_8.6.11+1build2_arm64.deb ...
#10 485.2 Unpacking tk (8.6.11+1build2) ...
#10 485.3 Selecting previously unselected package tk-dev:arm64.
#10 485.4 Preparing to unpack .../419-tk-dev_8.6.11+1build2_arm64.deb ...
#10 485.4 Unpacking tk-dev:arm64 (8.6.11+1build2) ...
#10 485.5 Selecting previously unselected package vtk9.
#10 485.5 Preparing to unpack .../420-vtk9_9.1.0+really9.1.0+dfsg2-3build1_arm64.deb ...
#10 485.6 Unpacking vtk9 (9.1.0+really9.1.0+dfsg2-3build1) ...
#10 485.8 Selecting previously unselected package libvtk9-dev.
#10 485.8 Preparing to unpack .../421-libvtk9-dev_9.1.0+really9.1.0+dfsg2-3build1_arm64.deb ...
#10 485.8 Unpacking libvtk9-dev (9.1.0+really9.1.0+dfsg2-3build1) ...
#10 487.3 Selecting previously unselected package qdoc-qt5.
#10 487.3 Preparing to unpack .../422-qdoc-qt5_5.15.3-1_arm64.deb ...
#10 487.3 Unpacking qdoc-qt5 (5.15.3-1) ...
#10 487.5 Selecting previously unselected package qhelpgenerator-qt5.
#10 487.5 Preparing to unpack .../423-qhelpgenerator-qt5_5.15.3-1_arm64.deb ...
#10 487.5 Unpacking qhelpgenerator-qt5 (5.15.3-1) ...
#10 487.7 Selecting previously unselected package qt5-assistant.
#10 487.7 Preparing to unpack .../424-qt5-assistant_5.15.3-1_arm64.deb ...
#10 487.7 Unpacking qt5-assistant (5.15.3-1) ...
#10 498.3 Selecting previously unselected package qtattributionsscanner-qt5.
#10 498.3 Preparing to unpack .../425-qtattributionsscanner-qt5_5.15.3-1_arm64.deb ...
#10 502.4 Unpacking qtattributionsscanner-qt5 (5.15.3-1) ...
#10 528.0 Selecting previously unselected package qttools5-dev-tools.
#10 528.0 Preparing to unpack .../426-qttools5-dev-tools_5.15.3-1_arm64.deb ...
#10 530.2 Unpacking qttools5-dev-tools (5.15.3-1) ...
#10 536.7 Selecting previously unselected package qttools5-dev:arm64.
#10 536.7 Preparing to unpack .../427-qttools5-dev_5.15.3-1_arm64.deb ...
#10 536.7 Unpacking qttools5-dev:arm64 (5.15.3-1) ...
#10 537.0 Selecting previously unselected package qttools5-private-dev:arm64.
#10 537.0 Preparing to unpack .../428-qttools5-private-dev_5.15.3-1_arm64.deb ...
#10 537.0 Unpacking qttools5-private-dev:arm64 (5.15.3-1) ...
#10 537.3 Selecting previously unselected package libvtk9-qt-dev:arm64.
#10 537.3 Preparing to unpack .../429-libvtk9-qt-dev_9.1.0+really9.1.0+dfsg2-3build1_arm64.deb ...
#10 537.3 Unpacking libvtk9-qt-dev:arm64 (9.1.0+really9.1.0+dfsg2-3build1) ...
#10 537.5 Selecting previously unselected package libwacom-bin.
#10 537.5 Preparing to unpack .../430-libwacom-bin_2.2.0-1_arm64.deb ...
#10 537.5 Unpacking libwacom-bin (2.2.0-1) ...
#10 537.7 Selecting previously unselected package mesa-vulkan-drivers:arm64.
#10 537.7 Preparing to unpack .../431-mesa-vulkan-drivers_23.2.1-1ubuntu3.1~22.04.3_arm64.deb ...
#10 537.7 Unpacking mesa-vulkan-drivers:arm64 (23.2.1-1ubuntu3.1~22.04.3) ...
#10 538.3 Selecting previously unselected package modemmanager.
#10 538.4 Preparing to unpack .../432-modemmanager_1.20.0-1~ubuntu22.04.4_arm64.deb ...
#10 538.4 Unpacking modemmanager (1.20.0-1~ubuntu22.04.4) ...
#10 538.6 Selecting previously unselected package qt5-gtk-platformtheme:arm64.
#10 538.7 Preparing to unpack .../433-qt5-gtk-platformtheme_5.15.3+dfsg-2ubuntu0.2_arm64.deb ...
#10 538.7 Unpacking qt5-gtk-platformtheme:arm64 (5.15.3+dfsg-2ubuntu0.2) ...
#10 538.9 Selecting previously unselected package qttranslations5-l10n.
#10 538.9 Preparing to unpack .../434-qttranslations5-l10n_5.15.3-1_all.deb ...
#10 538.9 Unpacking qttranslations5-l10n (5.15.3-1) ...
#10 539.3 Selecting previously unselected package ros-humble-ros-workspace.
#10 539.3 Preparing to unpack .../435-ros-humble-ros-workspace_1.0.2-2jammy.20250701.005917_arm64.deb ...
#10 539.4 Unpacking ros-humble-ros-workspace (1.0.2-2jammy.20250701.005917) ...
#10 539.6 Selecting previously unselected package ros-humble-fastcdr.
#10 539.6 Preparing to unpack .../436-ros-humble-fastcdr_1.0.29-1jammy.20251212.092505_arm64.deb ...
#10 539.6 Unpacking ros-humble-fastcdr (1.0.29-1jammy.20251212.092505) ...
#10 539.8 Selecting previously unselected package ros-humble-ament-package.
#10 539.9 Preparing to unpack .../437-ros-humble-ament-package_0.14.1-1jammy.20250522.030919_arm64.deb ...
#10 539.9 Unpacking ros-humble-ament-package (0.14.1-1jammy.20250522.030919) ...
#10 540.1 Selecting previously unselected package ros-humble-ament-cmake-core.
#10 540.1 Preparing to unpack .../438-ros-humble-ament-cmake-core_1.3.12-1jammy.20250701.005458_arm64.deb ...
#10 540.1 Unpacking ros-humble-ament-cmake-core (1.3.12-1jammy.20250701.005458) ...
#10 540.3 Selecting previously unselected package ros-humble-ament-cmake-export-definitions.
#10 540.3 Preparing to unpack .../439-ros-humble-ament-cmake-export-definitions_1.3.12-1jammy.20250701.012646_arm64.deb ...
#10 540.3 Unpacking ros-humble-ament-cmake-export-definitions (1.3.12-1jammy.20250701.012646) ...
#10 540.5 Selecting previously unselected package ros-humble-ament-cmake-libraries.
#10 540.6 Preparing to unpack .../440-ros-humble-ament-cmake-libraries_1.3.12-1jammy.20250701.012656_arm64.deb ...
#10 540.6 Unpacking ros-humble-ament-cmake-libraries (1.3.12-1jammy.20250701.012656) ...
#10 540.7 Selecting previously unselected package ros-humble-ament-cmake-export-dependencies.
#10 540.7 Preparing to unpack .../441-ros-humble-ament-cmake-export-dependencies_1.3.12-1jammy.20250701.013152_arm64.deb ...
#10 540.8 Unpacking ros-humble-ament-cmake-export-dependencies (1.3.12-1jammy.20250701.013152) ...
#10 540.9 Selecting previously unselected package ros-humble-ament-cmake-export-include-directories.
#10 540.9 Preparing to unpack .../442-ros-humble-ament-cmake-export-include-directories_1.3.12-1jammy.20250701.012659_arm64.deb ...
#10 541.0 Unpacking ros-humble-ament-cmake-export-include-directories (1.3.12-1jammy.20250701.012659) ...
#10 541.1 Selecting previously unselected package ros-humble-ament-cmake-export-libraries.
#10 541.2 Preparing to unpack .../443-ros-humble-ament-cmake-export-libraries_1.3.12-1jammy.20250701.012702_arm64.deb ...
#10 541.2 Unpacking ros-humble-ament-cmake-export-libraries (1.3.12-1jammy.20250701.012702) ...
#10 541.3 Selecting previously unselected package ros-humble-ament-cmake-export-interfaces.
#10 541.3 Preparing to unpack .../444-ros-humble-ament-cmake-export-interfaces_1.3.12-1jammy.20250701.013209_arm64.deb ...
#10 541.4 Unpacking ros-humble-ament-cmake-export-interfaces (1.3.12-1jammy.20250701.013209) ...
#10 541.6 Selecting previously unselected package ros-humble-ament-cmake-export-link-flags.
#10 541.6 Preparing to unpack .../445-ros-humble-ament-cmake-export-link-flags_1.3.12-1jammy.20250701.012703_arm64.deb ...
#10 541.6 Unpacking ros-humble-ament-cmake-export-link-flags (1.3.12-1jammy.20250701.012703) ...
#10 541.7 Selecting previously unselected package ros-humble-ament-cmake-export-targets.
#10 541.8 Preparing to unpack .../446-ros-humble-ament-cmake-export-targets_1.3.12-1jammy.20250701.013336_arm64.deb ...
#10 541.8 Unpacking ros-humble-ament-cmake-export-targets (1.3.12-1jammy.20250701.013336) ...
#10 542.0 Selecting previously unselected package ros-humble-ament-cmake-gen-version-h.
#10 542.0 Preparing to unpack .../447-ros-humble-ament-cmake-gen-version-h_1.3.12-1jammy.20250701.014830_arm64.deb ...
#10 542.0 Unpacking ros-humble-ament-cmake-gen-version-h (1.3.12-1jammy.20250701.014830) ...
#10 543.2 Selecting previously unselected package ros-humble-ament-cmake-python.
#10 543.2 Preparing to unpack .../448-ros-humble-ament-cmake-python_1.3.12-1jammy.20250701.012821_arm64.deb ...
#10 543.2 Unpacking ros-humble-ament-cmake-python (1.3.12-1jammy.20250701.012821) ...
#10 543.4 Selecting previously unselected package ros-humble-ament-cmake-include-directories.
#10 543.4 Preparing to unpack .../449-ros-humble-ament-cmake-include-directories_1.3.12-1jammy.20250701.012701_arm64.deb ...
#10 543.4 Unpacking ros-humble-ament-cmake-include-directories (1.3.12-1jammy.20250701.012701) ...
#10 543.6 Selecting previously unselected package ros-humble-ament-cmake-target-dependencies.
#10 543.6 Preparing to unpack .../450-ros-humble-ament-cmake-target-dependencies_1.3.12-1jammy.20250701.013402_arm64.deb ...
#10 543.6 Unpacking ros-humble-ament-cmake-target-dependencies (1.3.12-1jammy.20250701.013402) ...
#10 543.8 Selecting previously unselected package ros-humble-ament-cmake-test.
#10 543.9 Preparing to unpack .../451-ros-humble-ament-cmake-test_1.3.12-1jammy.20250701.013421_arm64.deb ...
#10 543.9 Unpacking ros-humble-ament-cmake-test (1.3.12-1jammy.20250701.013421) ...
#10 544.1 Selecting previously unselected package ros-humble-ament-cmake-version.
#10 544.1 Preparing to unpack .../452-ros-humble-ament-cmake-version_1.3.12-1jammy.20250701.012904_arm64.deb ...
#10 544.1 Unpacking ros-humble-ament-cmake-version (1.3.12-1jammy.20250701.012904) ...
#10 544.3 Selecting previously unselected package ros-humble-ament-cmake.
#10 544.3 Preparing to unpack .../453-ros-humble-ament-cmake_1.3.12-1jammy.20250701.015401_arm64.deb ...
#10 544.3 Unpacking ros-humble-ament-cmake (1.3.12-1jammy.20250701.015401) ...
#10 544.5 Selecting previously unselected package ros-humble-ament-index-python.
#10 544.5 Preparing to unpack .../454-ros-humble-ament-index-python_1.4.0-2jammy.20250718.234622_arm64.deb ...
#10 544.6 Unpacking ros-humble-ament-index-python (1.4.0-2jammy.20250718.234622) ...
#10 544.8 Selecting previously unselected package ros-humble-python-cmake-module.
#10 544.8 Preparing to unpack .../455-ros-humble-python-cmake-module_0.10.0-2jammy.20250719.010756_arm64.deb ...
#10 544.8 Unpacking ros-humble-python-cmake-module (0.10.0-2jammy.20250719.010756) ...
#10 545.0 Selecting previously unselected package ros-humble-rcutils.
#10 545.0 Preparing to unpack .../456-ros-humble-rcutils_5.1.8-1jammy.20251217.161601_arm64.deb ...
#10 545.0 Unpacking ros-humble-rcutils (5.1.8-1jammy.20251217.161601) ...
#10 545.2 Selecting previously unselected package ros-humble-rosidl-typesupport-interface.
#10 545.2 Preparing to unpack .../457-ros-humble-rosidl-typesupport-interface_3.1.8-1jammy.20251212.144222_arm64.deb ...
#10 545.2 Unpacking ros-humble-rosidl-typesupport-interface (3.1.8-1jammy.20251212.144222) ...
#10 545.4 Selecting previously unselected package ros-humble-rosidl-runtime-c.
#10 545.4 Preparing to unpack .../458-ros-humble-rosidl-runtime-c_3.1.8-1jammy.20251217.203216_arm64.deb ...
#10 545.4 Unpacking ros-humble-rosidl-runtime-c (3.1.8-1jammy.20251217.203216) ...
#10 545.6 Selecting previously unselected package ros-humble-rmw.
#10 545.6 Preparing to unpack .../459-ros-humble-rmw_6.1.2-1jammy.20251217.203858_arm64.deb ...
#10 545.8 Unpacking ros-humble-rmw (6.1.2-1jammy.20251217.203858) ...
#10 546.0 Selecting previously unselected package ros-humble-rosidl-cli.
#10 546.0 Preparing to unpack .../460-ros-humble-rosidl-cli_3.1.8-1jammy.20251212.144205_arm64.deb ...
#10 546.1 Unpacking ros-humble-rosidl-cli (3.1.8-1jammy.20251212.144205) ...
#10 546.3 Selecting previously unselected package ros-humble-rosidl-adapter.
#10 546.3 Preparing to unpack .../461-ros-humble-rosidl-adapter_3.1.8-1jammy.20251212.145132_arm64.deb ...
#10 546.3 Unpacking ros-humble-rosidl-adapter (3.1.8-1jammy.20251212.145132) ...
#10 546.5 Selecting previously unselected package ros-humble-rosidl-parser.
#10 546.6 Preparing to unpack .../462-ros-humble-rosidl-parser_3.1.8-1jammy.20251212.150307_arm64.deb ...
#10 546.6 Unpacking ros-humble-rosidl-parser (3.1.8-1jammy.20251212.150307) ...
#10 546.8 Selecting previously unselected package ros-humble-rosidl-cmake.
#10 546.8 Preparing to unpack .../463-ros-humble-rosidl-cmake_3.1.8-1jammy.20251212.151053_arm64.deb ...
#10 546.8 Unpacking ros-humble-rosidl-cmake (3.1.8-1jammy.20251212.151053) ...
#10 547.0 Selecting previously unselected package ros-humble-rosidl-generator-c.
#10 547.0 Preparing to unpack .../464-ros-humble-rosidl-generator-c_3.1.8-1jammy.20251217.203927_arm64.deb ...
#10 547.1 Unpacking ros-humble-rosidl-generator-c (3.1.8-1jammy.20251217.203927) ...
#10 547.3 Selecting previously unselected package ros-humble-rcpputils.
#10 547.3 Preparing to unpack .../465-ros-humble-rcpputils_2.4.6-1jammy.20251217.202936_arm64.deb ...
#10 547.3 Unpacking ros-humble-rcpputils (2.4.6-1jammy.20251217.202936) ...
#10 547.6 Selecting previously unselected package ros-humble-rosidl-typesupport-c.
#10 547.6 Preparing to unpack .../466-ros-humble-rosidl-typesupport-c_2.0.2-1jammy.20251218.104326_arm64.deb ...
#10 547.6 Unpacking ros-humble-rosidl-typesupport-c (2.0.2-1jammy.20251218.104326) ...
#10 547.8 Selecting previously unselected package ros-humble-rpyutils.
#10 547.8 Preparing to unpack .../467-ros-humble-rpyutils_0.2.2-1jammy.20250919.232447_arm64.deb ...
#10 547.9 Unpacking ros-humble-rpyutils (0.2.2-1jammy.20250919.232447) ...
#10 548.1 Selecting previously unselected package ros-humble-rosidl-generator-py.
#10 548.1 Preparing to unpack .../468-ros-humble-rosidl-generator-py_0.14.6-1jammy.20251219.040936_arm64.deb ...
#10 548.1 Unpacking ros-humble-rosidl-generator-py (0.14.6-1jammy.20251219.040936) ...
#10 548.3 Selecting previously unselected package ros-humble-rosidl-runtime-cpp.
#10 548.3 Preparing to unpack .../469-ros-humble-rosidl-runtime-cpp_3.1.8-1jammy.20251218.103608_arm64.deb ...
#10 548.3 Unpacking ros-humble-rosidl-runtime-cpp (3.1.8-1jammy.20251218.103608) ...
#10 548.5 Selecting previously unselected package ros-humble-rosidl-typesupport-cpp.
#10 548.6 Preparing to unpack .../470-ros-humble-rosidl-typesupport-cpp_2.0.2-1jammy.20251218.105614_arm64.deb ...
#10 548.6 Unpacking ros-humble-rosidl-typesupport-cpp (2.0.2-1jammy.20251218.105614) ...
#10 548.8 Selecting previously unselected package ros-humble-gtest-vendor.
#10 548.8 Preparing to unpack .../471-ros-humble-gtest-vendor_1.10.9006-1jammy.20250701.013855_arm64.deb ...
#10 548.8 Unpacking ros-humble-gtest-vendor (1.10.9006-1jammy.20250701.013855) ...
#10 549.1 Selecting previously unselected package ros-humble-ament-cmake-gtest.
#10 549.1 Preparing to unpack .../472-ros-humble-ament-cmake-gtest_1.3.12-1jammy.20250701.014335_arm64.deb ...
#10 549.1 Unpacking ros-humble-ament-cmake-gtest (1.3.12-1jammy.20250701.014335) ...
#10 549.3 Selecting previously unselected package ros-humble-gmock-vendor.
#10 549.3 Preparing to unpack .../473-ros-humble-gmock-vendor_1.10.9006-1jammy.20250701.014458_arm64.deb ...
#10 549.4 Unpacking ros-humble-gmock-vendor (1.10.9006-1jammy.20250701.014458) ...
#10 549.6 Selecting previously unselected package ros-humble-ament-cmake-gmock.
#10 549.6 Preparing to unpack .../474-ros-humble-ament-cmake-gmock_1.3.12-1jammy.20250701.014927_arm64.deb ...
#10 549.6 Unpacking ros-humble-ament-cmake-gmock (1.3.12-1jammy.20250701.014927) ...
#10 549.8 Selecting previously unselected package ros-humble-ament-cmake-pytest.
#10 549.8 Preparing to unpack .../475-ros-humble-ament-cmake-pytest_1.3.12-1jammy.20250701.014401_arm64.deb ...
#10 549.9 Unpacking ros-humble-ament-cmake-pytest (1.3.12-1jammy.20250701.014401) ...
#10 550.1 Selecting previously unselected package ros-humble-domain-coordinator.
#10 550.1 Preparing to unpack .../476-ros-humble-domain-coordinator_0.10.0-3jammy.20250718.233247_arm64.deb ...
#10 550.1 Unpacking ros-humble-domain-coordinator (0.10.0-3jammy.20250718.233247) ...
#10 550.3 Selecting previously unselected package ros-humble-ament-cmake-ros.
#10 550.3 Preparing to unpack .../477-ros-humble-ament-cmake-ros_0.10.0-3jammy.20250719.004624_arm64.deb ...
#10 550.3 Unpacking ros-humble-ament-cmake-ros (0.10.0-3jammy.20250719.004624) ...
#10 550.5 Selecting previously unselected package ros-humble-fastrtps-cmake-module.
#10 550.6 Preparing to unpack .../478-ros-humble-fastrtps-cmake-module_2.2.4-1jammy.20251124.174104_arm64.deb ...
#10 550.6 Unpacking ros-humble-fastrtps-cmake-module (2.2.4-1jammy.20251124.174104) ...
#10 550.8 Selecting previously unselected package ros-humble-rosidl-generator-cpp.
#10 550.8 Preparing to unpack .../479-ros-humble-rosidl-generator-cpp_3.1.8-1jammy.20251218.104310_arm64.deb ...
#10 550.8 Unpacking ros-humble-rosidl-generator-cpp (3.1.8-1jammy.20251218.104310) ...
#10 551.0 Selecting previously unselected package ros-humble-rosidl-typesupport-fastrtps-cpp.
#10 551.1 Preparing to unpack .../480-ros-humble-rosidl-typesupport-fastrtps-cpp_2.2.4-1jammy.20251218.105705_arm64.deb ...
#10 551.1 Unpacking ros-humble-rosidl-typesupport-fastrtps-cpp (2.2.4-1jammy.20251218.105705) ...
#10 551.3 Selecting previously unselected package ros-humble-rosidl-typesupport-fastrtps-c.
#10 551.4 Preparing to unpack .../481-ros-humble-rosidl-typesupport-fastrtps-c_2.2.4-1jammy.20251218.111310_arm64.deb ...
#10 551.4 Unpacking ros-humble-rosidl-typesupport-fastrtps-c (2.2.4-1jammy.20251218.111310) ...
#10 551.6 Selecting previously unselected package ros-humble-rosidl-typesupport-introspection-c.
#10 551.6 Preparing to unpack .../482-ros-humble-rosidl-typesupport-introspection-c_3.1.8-1jammy.20251218.103811_arm64.deb ...
#10 551.6 Unpacking ros-humble-rosidl-typesupport-introspection-c (3.1.8-1jammy.20251218.103811) ...
#10 551.8 Selecting previously unselected package ros-humble-rosidl-typesupport-introspection-cpp.
#10 551.8 Preparing to unpack .../483-ros-humble-rosidl-typesupport-introspection-cpp_3.1.8-1jammy.20251218.104345_arm64.deb ...
#10 551.9 Unpacking ros-humble-rosidl-typesupport-introspection-cpp (3.1.8-1jammy.20251218.104345) ...
#10 552.1 Selecting previously unselected package ros-humble-rosidl-default-runtime.
#10 552.1 Preparing to unpack .../484-ros-humble-rosidl-default-runtime_1.2.0-2jammy.20251219.041625_arm64.deb ...
#10 552.1 Unpacking ros-humble-rosidl-default-runtime (1.2.0-2jammy.20251219.041625) ...
#10 552.3 Selecting previously unselected package ros-humble-builtin-interfaces.
#10 552.4 Preparing to unpack .../485-ros-humble-builtin-interfaces_1.2.2-1jammy.20251219.042407_arm64.deb ...
#10 552.4 Unpacking ros-humble-builtin-interfaces (1.2.2-1jammy.20251219.042407) ...
#10 552.7 Selecting previously unselected package ros-humble-unique-identifier-msgs.
#10 552.7 Preparing to unpack .../486-ros-humble-unique-identifier-msgs_2.2.1-3jammy.20251219.045056_arm64.deb ...
#10 552.7 Unpacking ros-humble-unique-identifier-msgs (2.2.1-3jammy.20251219.045056) ...
#10 553.0 Selecting previously unselected package ros-humble-action-msgs.
#10 553.0 Preparing to unpack .../487-ros-humble-action-msgs_1.2.2-1jammy.20251219.045637_arm64.deb ...
#10 553.0 Unpacking ros-humble-action-msgs (1.2.2-1jammy.20251219.045637) ...
#10 553.6 Selecting previously unselected package ros-humble-ament-index-cpp.
#10 553.6 Preparing to unpack .../488-ros-humble-ament-index-cpp_1.4.0-2jammy.20250719.005004_arm64.deb ...
#10 553.6 Unpacking ros-humble-ament-index-cpp (1.4.0-2jammy.20250719.005004) ...
#10 553.8 Selecting previously unselected package ros-humble-console-bridge-vendor.
#10 553.9 Preparing to unpack .../489-ros-humble-console-bridge-vendor_1.4.1-1jammy.20250719.012940_arm64.deb ...
#10 553.9 Unpacking ros-humble-console-bridge-vendor (1.4.1-1jammy.20250719.012940) ...
#10 554.1 Selecting previously unselected package ros-humble-class-loader.
#10 554.1 Preparing to unpack .../490-ros-humble-class-loader_2.2.0-3jammy.20251217.204028_arm64.deb ...
#10 554.1 Unpacking ros-humble-class-loader (2.2.0-3jammy.20251217.204028) ...
#10 554.3 Selecting previously unselected package ros-humble-rcl-interfaces.
#10 554.4 Preparing to unpack .../491-ros-humble-rcl-interfaces_1.2.2-1jammy.20251219.043558_arm64.deb ...
#10 554.4 Unpacking ros-humble-rcl-interfaces (1.2.2-1jammy.20251219.043558) ...
#10 554.9 Selecting previously unselected package ros-humble-composition-interfaces.
#10 554.9 Preparing to unpack .../492-ros-humble-composition-interfaces_1.2.2-1jammy.20251219.044403_arm64.deb ...
#10 555.0 Unpacking ros-humble-composition-interfaces (1.2.2-1jammy.20251219.044403) ...
#10 555.2 Selecting previously unselected package ros-humble-eigen3-cmake-module.
#10 555.2 Preparing to unpack .../493-ros-humble-eigen3-cmake-module_0.1.1-4jammy.20250719.001118_arm64.deb ...
#10 555.2 Unpacking ros-humble-eigen3-cmake-module (0.1.1-4jammy.20250719.001118) ...
#10 555.4 Selecting previously unselected package ros-humble-foonathan-memory-vendor.
#10 555.4 Preparing to unpack .../494-ros-humble-foonathan-memory-vendor_1.2.0-3jammy.20250719.002738_arm64.deb ...
#10 555.5 Unpacking ros-humble-foonathan-memory-vendor (1.2.0-3jammy.20250719.002738) ...
#10 555.7 Selecting previously unselected package ros-humble-fastrtps.
#10 555.8 Preparing to unpack .../495-ros-humble-fastrtps_2.6.11-1jammy.20251222.183944_arm64.deb ...
#10 555.8 Unpacking ros-humble-fastrtps (2.6.11-1jammy.20251222.183944) ...
#10 556.4 Selecting previously unselected package ros-humble-std-msgs.
#10 556.5 Preparing to unpack .../496-ros-humble-std-msgs_4.9.0-1jammy.20251219.044450_arm64.deb ...
#10 556.5 Unpacking ros-humble-std-msgs (4.9.0-1jammy.20251219.044450) ...
#10 557.0 Selecting previously unselected package ros-humble-geometry-msgs.
#10 557.0 Preparing to unpack .../497-ros-humble-geometry-msgs_4.9.0-1jammy.20251219.053203_arm64.deb ...
#10 557.0 Unpacking ros-humble-geometry-msgs (4.9.0-1jammy.20251219.053203) ...
#10 557.5 Selecting previously unselected package ros-humble-rcl-logging-interface.
#10 557.6 Preparing to unpack .../498-ros-humble-rcl-logging-interface_2.3.1-1jammy.20251217.203813_arm64.deb ...
#10 557.6 Unpacking ros-humble-rcl-logging-interface (2.3.1-1jammy.20251217.203813) ...
#10 557.8 Selecting previously unselected package ros-humble-spdlog-vendor.
#10 557.8 Preparing to unpack .../499-ros-humble-spdlog-vendor_1.3.1-1jammy.20250719.011935_arm64.deb ...
#10 557.8 Unpacking ros-humble-spdlog-vendor (1.3.1-1jammy.20250719.011935) ...
#10 558.0 Selecting previously unselected package ros-humble-rcl-logging-spdlog.
#10 558.1 Preparing to unpack .../500-ros-humble-rcl-logging-spdlog_2.3.1-1jammy.20251217.204457_arm64.deb ...
#10 558.1 Unpacking ros-humble-rcl-logging-spdlog (2.3.1-1jammy.20251217.204457) ...
#10 558.3 Selecting previously unselected package ros-humble-libyaml-vendor.
#10 558.3 Preparing to unpack .../501-ros-humble-libyaml-vendor_1.2.2-2jammy.20251217.204731_arm64.deb ...
#10 558.3 Unpacking ros-humble-libyaml-vendor (1.2.2-2jammy.20251217.204731) ...
#10 558.5 Selecting previously unselected package ros-humble-rcl-yaml-param-parser.
#10 558.6 Preparing to unpack .../502-ros-humble-rcl-yaml-param-parser_5.3.11-1jammy.20251218.103429_arm64.deb ...
#10 558.6 Unpacking ros-humble-rcl-yaml-param-parser (5.3.11-1jammy.20251218.103429) ...
#10 558.8 Selecting previously unselected package ros-humble-rmw-implementation-cmake.
#10 558.8 Preparing to unpack .../503-ros-humble-rmw-implementation-cmake_6.1.2-1jammy.20250719.011039_arm64.deb ...
#10 558.8 Unpacking ros-humble-rmw-implementation-cmake (6.1.2-1jammy.20250719.011039) ...
#10 559.0 Selecting previously unselected package ros-humble-rmw-dds-common.
#10 559.1 Preparing to unpack .../504-ros-humble-rmw-dds-common_1.6.0-2jammy.20251219.094327_arm64.deb ...
#10 559.1 Unpacking ros-humble-rmw-dds-common (1.6.0-2jammy.20251219.094327) ...
#10 559.3 Selecting previously unselected package ros-humble-tracetools.
#10 559.4 Preparing to unpack .../505-ros-humble-tracetools_4.1.1-1jammy.20250719.005538_arm64.deb ...
#10 559.4 Unpacking ros-humble-tracetools (4.1.1-1jammy.20250719.005538) ...
#10 559.6 Selecting previously unselected package ros-humble-rmw-fastrtps-shared-cpp.
#10 559.7 Preparing to unpack .../506-ros-humble-rmw-fastrtps-shared-cpp_6.2.9-1jammy.20251222.190313_arm64.deb ...
#10 559.7 Unpacking ros-humble-rmw-fastrtps-shared-cpp (6.2.9-1jammy.20251222.190313) ...
#10 559.9 Selecting previously unselected package ros-humble-rmw-fastrtps-cpp.
#10 559.9 Preparing to unpack .../507-ros-humble-rmw-fastrtps-cpp_6.2.9-1jammy.20251222.191135_arm64.deb ...
#10 559.9 Unpacking ros-humble-rmw-fastrtps-cpp (6.2.9-1jammy.20251222.191135) ...
#10 560.2 Selecting previously unselected package ros-humble-rmw-implementation.
#10 560.2 Preparing to unpack .../508-ros-humble-rmw-implementation_2.8.5-1jammy.20251222.191806_arm64.deb ...
#10 560.2 Unpacking ros-humble-rmw-implementation (2.8.5-1jammy.20251222.191806) ...
#10 560.4 Selecting previously unselected package ros-humble-rcl.
#10 560.4 Preparing to unpack .../509-ros-humble-rcl_5.3.11-1jammy.20251222.192257_arm64.deb ...
#10 560.5 Unpacking ros-humble-rcl (5.3.11-1jammy.20251222.192257) ...
#10 560.7 Selecting previously unselected package ros-humble-statistics-msgs.
#10 560.7 Preparing to unpack .../510-ros-humble-statistics-msgs_1.2.2-1jammy.20251219.044502_arm64.deb ...
#10 560.8 Unpacking ros-humble-statistics-msgs (1.2.2-1jammy.20251219.044502) ...
#10 561.0 Selecting previously unselected package ros-humble-libstatistics-collector.
#10 561.1 Preparing to unpack .../511-ros-humble-libstatistics-collector_1.3.4-1jammy.20251222.193516_arm64.deb ...
#10 561.1 Unpacking ros-humble-libstatistics-collector (1.3.4-1jammy.20251222.193516) ...
#10 561.3 Selecting previously unselected package ros-humble-rosgraph-msgs.
#10 561.3 Preparing to unpack .../512-ros-humble-rosgraph-msgs_1.2.2-1jammy.20251219.044342_arm64.deb ...
#10 561.4 Unpacking ros-humble-rosgraph-msgs (1.2.2-1jammy.20251219.044342) ...
#10 561.6 Selecting previously unselected package ros-humble-rclcpp.
#10 561.6 Preparing to unpack .../513-ros-humble-rclcpp_16.0.17-1jammy.20251227.170147_arm64.deb ...
#10 561.6 Unpacking ros-humble-rclcpp (16.0.17-1jammy.20251227.170147) ...
#10 562.0 Selecting previously unselected package ros-humble-rcl-action.
#10 562.0 Preparing to unpack .../514-ros-humble-rcl-action_5.3.11-1jammy.20251222.193516_arm64.deb ...
#10 562.0 Unpacking ros-humble-rcl-action (5.3.11-1jammy.20251222.193516) ...
#10 562.2 Selecting previously unselected package ros-humble-lifecycle-msgs.
#10 562.2 Preparing to unpack .../515-ros-humble-lifecycle-msgs_1.2.2-1jammy.20251219.042736_arm64.deb ...
#10 562.3 Unpacking ros-humble-lifecycle-msgs (1.2.2-1jammy.20251219.042736) ...
#10 562.5 Selecting previously unselected package ros-humble-rcl-lifecycle.
#10 562.6 Preparing to unpack .../516-ros-humble-rcl-lifecycle_5.3.11-1jammy.20251222.193511_arm64.deb ...
#10 562.6 Unpacking ros-humble-rcl-lifecycle (5.3.11-1jammy.20251222.193511) ...
#10 562.8 Selecting previously unselected package ros-humble-rclpy.
#10 562.8 Preparing to unpack .../517-ros-humble-rclpy_3.3.19-1jammy.20251222.195020_arm64.deb ...
#10 562.9 Unpacking ros-humble-rclpy (3.3.19-1jammy.20251222.195020) ...
#10 563.1 Selecting previously unselected package ros-humble-message-filters.
#10 563.1 Preparing to unpack .../518-ros-humble-message-filters_4.3.11-1jammy.20251229.055731_arm64.deb ...
#10 563.2 Unpacking ros-humble-message-filters (4.3.11-1jammy.20251229.055731) ...
#10 563.3 Selecting previously unselected package ros-humble-tinyxml2-vendor.
#10 563.4 Preparing to unpack .../519-ros-humble-tinyxml2-vendor_0.7.7-1jammy.20251120.082935_arm64.deb ...
#10 564.1 Unpacking ros-humble-tinyxml2-vendor (0.7.7-1jammy.20251120.082935) ...
#10 564.3 Selecting previously unselected package ros-humble-pluginlib.
#10 564.3 Preparing to unpack .../520-ros-humble-pluginlib_5.1.3-1jammy.20251218.103539_arm64.deb ...
#10 564.3 Unpacking ros-humble-pluginlib (5.1.3-1jammy.20251218.103539) ...
#10 564.6 Selecting previously unselected package ros-humble-sensor-msgs.
#10 564.6 Preparing to unpack .../521-ros-humble-sensor-msgs_4.9.0-1jammy.20251219.060939_arm64.deb ...
#10 564.6 Unpacking ros-humble-sensor-msgs (4.9.0-1jammy.20251219.060939) ...
#10 565.1 Selecting previously unselected package ros-humble-image-transport.
#10 565.1 Preparing to unpack .../522-ros-humble-image-transport_3.1.12-1jammy.20251229.060859_arm64.deb ...
#10 565.2 Unpacking ros-humble-image-transport (3.1.12-1jammy.20251229.060859) ...
#10 565.4 Selecting previously unselected package ros-humble-orocos-kdl-vendor.
#10 565.4 Preparing to unpack .../523-ros-humble-orocos-kdl-vendor_0.2.5-1jammy.20250719.005636_arm64.deb ...
#10 565.4 Unpacking ros-humble-orocos-kdl-vendor (0.2.5-1jammy.20250719.005636) ...
#10 565.6 Selecting previously unselected package libpcl-dev.
#10 565.7 Preparing to unpack .../524-libpcl-dev_1.12.1+dfsg-3build1_arm64.deb ...
#10 565.7 Unpacking libpcl-dev (1.12.1+dfsg-3build1) ...
#10 566.3 Selecting previously unselected package ros-humble-pcl-msgs.
#10 566.4 Preparing to unpack .../525-ros-humble-pcl-msgs_1.0.0-7jammy.20251219.063351_arm64.deb ...
#10 566.4 Unpacking ros-humble-pcl-msgs (1.0.0-7jammy.20251219.063351) ...
#10 566.7 Selecting previously unselected package ros-humble-pcl-conversions.
#10 566.7 Preparing to unpack .../526-ros-humble-pcl-conversions_2.4.5-2jammy.20251229.060905_arm64.deb ...
#10 566.7 Unpacking ros-humble-pcl-conversions (2.4.5-2jammy.20251229.060905) ...
#10 566.9 Selecting previously unselected package ros-humble-rclcpp-components.
#10 566.9 Preparing to unpack .../527-ros-humble-rclcpp-components_16.0.17-1jammy.20251229.045302_arm64.deb ...
#10 567.0 Unpacking ros-humble-rclcpp-components (16.0.17-1jammy.20251229.045302) ...
#10 567.1 Selecting previously unselected package ros-humble-tf2.
#10 567.1 Preparing to unpack .../528-ros-humble-tf2_0.25.18-1jammy.20251219.093700_arm64.deb ...
#10 567.2 Unpacking ros-humble-tf2 (0.25.18-1jammy.20251219.093700) ...
#10 567.4 Selecting previously unselected package ros-humble-rclcpp-action.
#10 567.4 Preparing to unpack .../529-ros-humble-rclcpp-action_16.0.17-1jammy.20251229.044403_arm64.deb ...
#10 567.4 Unpacking ros-humble-rclcpp-action (16.0.17-1jammy.20251229.044403) ...
#10 567.7 Selecting previously unselected package ros-humble-tf2-msgs.
#10 567.7 Preparing to unpack .../530-ros-humble-tf2-msgs_0.25.18-1jammy.20251219.054717_arm64.deb ...
#10 567.7 Unpacking ros-humble-tf2-msgs (0.25.18-1jammy.20251219.054717) ...
#10 568.0 Selecting previously unselected package ros-humble-tf2-ros.
#10 568.0 Preparing to unpack .../531-ros-humble-tf2-ros_0.25.18-1jammy.20251229.060849_arm64.deb ...
#10 568.0 Unpacking ros-humble-tf2-ros (0.25.18-1jammy.20251229.060849) ...
#10 568.3 Selecting previously unselected package ros-humble-tf2-py.
#10 568.3 Preparing to unpack .../532-ros-humble-tf2-py_0.25.18-1jammy.20251222.202634_arm64.deb ...
#10 568.3 Unpacking ros-humble-tf2-py (0.25.18-1jammy.20251222.202634) ...
#10 568.5 Selecting previously unselected package ros-humble-tf2-ros-py.
#10 568.5 Preparing to unpack .../533-ros-humble-tf2-ros-py_0.25.18-1jammy.20251222.203202_arm64.deb ...
#10 572.1 Unpacking ros-humble-tf2-ros-py (0.25.18-1jammy.20251222.203202) ...
#10 572.2 Selecting previously unselected package ros-humble-tf2-geometry-msgs.
#10 572.2 Preparing to unpack .../534-ros-humble-tf2-geometry-msgs_0.25.18-1jammy.20251229.063927_arm64.deb ...
#10 572.2 Unpacking ros-humble-tf2-geometry-msgs (0.25.18-1jammy.20251229.063927) ...
#10 572.4 Selecting previously unselected package ros-humble-pcl-ros.
#10 572.5 Preparing to unpack .../535-ros-humble-pcl-ros_2.4.5-2jammy.20251229.105850_arm64.deb ...
#10 572.5 Unpacking ros-humble-pcl-ros (2.4.5-2jammy.20251229.105850) ...
#10 572.7 Selecting previously unselected package systemd-hwe-hwdb.
#10 572.8 Preparing to unpack .../536-systemd-hwe-hwdb_249.11.6_all.deb ...
#10 572.8 Unpacking systemd-hwe-hwdb (249.11.6) ...
#10 573.0 Selecting previously unselected package wpasupplicant.
#10 573.0 Preparing to unpack .../537-wpasupplicant_2%3a2.10-6ubuntu2.3_arm64.deb ...
#10 573.0 Unpacking wpasupplicant (2:2.10-6ubuntu2.3) ...
#10 573.2 Selecting previously unselected package xbitmaps.
#10 573.3 Preparing to unpack .../538-xbitmaps_1.1.1-2.1ubuntu1_all.deb ...
#10 573.3 Unpacking xbitmaps (1.1.1-2.1ubuntu1) ...
#10 573.5 Selecting previously unselected package xterm.
#10 573.5 Preparing to unpack .../539-xterm_372-1ubuntu1_arm64.deb ...
#10 573.6 Unpacking xterm (372-1ubuntu1) ...
#10 577.8 Selecting previously unselected package proj-bin.
#10 577.8 Preparing to unpack .../540-proj-bin_8.2.1-1_arm64.deb ...
#10 577.9 Unpacking proj-bin (8.2.1-1) ...
#10 578.1 Selecting previously unselected package usb-modeswitch-data.
#10 578.1 Preparing to unpack .../541-usb-modeswitch-data_20191128-4_all.deb ...
#10 578.1 Unpacking usb-modeswitch-data (20191128-4) ...
#10 578.3 Selecting previously unselected package usb-modeswitch.
#10 578.4 Preparing to unpack .../542-usb-modeswitch_2.6.1-3ubuntu2_arm64.deb ...
#10 578.4 Unpacking usb-modeswitch (2.6.1-3ubuntu2) ...
#10 578.8 Setting up ros-humble-ros-workspace (1.0.2-2jammy.20250701.005917) ...
#10 579.0 Setting up libboost-chrono1.74.0:arm64 (1.74.0-14ubuntu3) ...
#10 579.0 Setting up libavutil-dev:arm64 (7:4.4.2-0ubuntu0.22.04.1) ...
#10 579.1 Setting up libboost-system1.74.0:arm64 (1.74.0-14ubuntu3) ...
#10 579.1 Setting up liblmdb0:arm64 (0.9.24-1build2) ...
#10 579.2 Setting up javascript-common (11+nmu1) ...
#10 579.3 Setting up libxcb-dri3-0:arm64 (1.14-3ubuntu3) ...
#10 579.4 Setting up gcc-11-base:arm64 (11.4.0-1ubuntu1~22.04.2) ...
#10 579.4 Setting up libwayland-server0:arm64 (1.20.0-1ubuntu0.1) ...
#10 579.5 Setting up libgeos3.10.2:arm64 (3.10.2-1) ...
#10 579.5 Setting up libaom3:arm64 (3.3.0-1ubuntu0.1) ...
#10 579.6 Setting up libx11-xcb1:arm64 (2:1.7.5-1ubuntu0.3) ...
#10 579.6 Setting up libjsoncpp-dev:arm64 (1.9.5-3) ...
#10 579.7 Setting up libpciaccess0:arm64 (0.16-3) ...
#10 579.7 Setting up mysql-common (5.8+1.0.8) ...
#10 579.9 update-alternatives: using /etc/mysql/my.cnf.fallback to provide /etc/mysql/my.cnf (my.cnf) in auto mode
#10 579.9 Setting up session-migration (0.3.6) ...
#10 580.3 Created symlink /etc/systemd/user/graphical-session-pre.target.wants/session-migration.service → /usr/lib/systemd/user/session-migration.service.
#10 580.4 Setting up libjpeg-turbo8-dev:arm64 (2.1.2-0ubuntu1) ...
#10 580.4 Setting up libmysqlclient21:arm64 (8.0.44-0ubuntu0.22.04.2) ...
#10 580.4 Setting up libdouble-conversion3:arm64 (3.1.7-4) ...
#10 580.5 Setting up libproxy1v5:arm64 (0.4.17-2) ...
#10 580.6 Setting up libdrm-nouveau2:arm64 (2.4.113-2~ubuntu0.22.04.1) ...
#10 580.6 Setting up libopenni2-0:arm64 (2.2.0.33+dfsg-15) ...
#10 580.6 Setting up libboost-atomic1.74.0:arm64 (1.74.0-14ubuntu3) ...
#10 580.7 Setting up libxcb-xfixes0:arm64 (1.14-3ubuntu3) ...
#10 580.8 Setting up ros-humble-fastcdr (1.0.29-1jammy.20251212.092505) ...
#10 580.8 Setting up libxerces-c3.2:arm64 (3.2.3+debian-3ubuntu0.1) ...
#10 580.9 Setting up proj-data (8.2.1-1) ...
#10 580.9 Setting up libglvnd-core-dev:arm64 (1.4.0-1) ...
#10 581.0 Setting up hdf5-helpers (1.10.7+repack-4ubuntu2) ...
#10 581.0 Setting up java-common (0.72build2) ...
#10 581.1 Setting up libxcb-xinput0:arm64 (1.14-3ubuntu3) ...
#10 581.2 Setting up libwoff1:arm64 (1.0.2-1build4) ...
#10 581.2 Setting up libhyphen0:arm64 (2.8.8-7build2) ...
#10 581.3 Setting up libpcl-common1.12:arm64 (1.12.1+dfsg-3build1) ...
#10 581.3 Setting up libmagic-mgc (1:5.41-3ubuntu0.1) ...
#10 581.4 Setting up libogdi4.1 (4.1.0+ds-5) ...
#10 581.4 Setting up libqhull8.0:arm64 (2020.2-4) ...
#10 581.5 Setting up ros-humble-gtest-vendor (1.10.9006-1jammy.20250701.013855) ...
#10 581.5 Setting up libcharls2:arm64 (2.3.4-1) ...
#10 581.6 Setting up libminizip1:arm64 (1.1-8build1) ...
#10 581.6 Setting up libswresample-dev:arm64 (7:4.4.2-0ubuntu0.22.04.1) ...
#10 581.7 Setting up libdrm-radeon1:arm64 (2.4.113-2~ubuntu0.22.04.1) ...
#10 581.7 Setting up libboost-iostreams1.74.0:arm64 (1.74.0-14ubuntu3) ...
#10 581.8 Setting up libglvnd0:arm64 (1.4.0-1) ...
#10 581.8 Setting up libjson-c-dev:arm64 (0.15-3~ubuntu1.22.04.2) ...
#10 581.9 Setting up libavcodec-dev:arm64 (7:4.4.2-0ubuntu0.22.04.1) ...
#10 581.9 Setting up libboost-program-options1.74.0:arm64 (1.74.0-14ubuntu3) ...
#10 582.0 Setting up libxtst6:arm64 (2:1.2.3-1build4) ...
#10 582.0 Setting up libmaxminddb0:arm64 (1.5.2-1build2) ...
#10 582.1 Setting up libxcb-glx0:arm64 (1.14-3ubuntu3) ...
#10 582.2 Setting up libwebpdemux2:arm64 (1.2.2-2ubuntu0.22.04.2) ...
#10 582.2 Setting up libcbor0.8:arm64 (0.8.0-2ubuntu1) ...
#10 582.3 Setting up libedit2:arm64 (3.1-20210910-1build1) ...
#10 582.3 Setting up libboost-chrono1.74-dev:arm64 (1.74.0-14ubuntu3) ...
#10 582.4 Setting up libpcl-kdtree1.12:arm64 (1.12.1+dfsg-3build1) ...
#10 582.4 Setting up libxcb-keysyms1:arm64 (0.4.0-1build3) ...
#10 582.5 Setting up libusb-1.0-doc (2:1.0.25-1ubuntu2) ...
#10 582.5 Setting up libarpack2:arm64 (3.8.0-1) ...
#10 583.2 Setting up libxcb-shape0:arm64 (1.14-3ubuntu3) ...
#10 583.2 Setting up libsensors-config (1:3.6.0-7ubuntu1) ...
#10 583.3 Setting up libboost-stacktrace1.74.0:arm64 (1.74.0-14ubuntu3) ...
#10 583.3 Setting up libmagic1:arm64 (1:5.41-3ubuntu0.1) ...
#10 583.5 Setting up libpq5:arm64 (14.20-0ubuntu0.22.04.1) ...
#10 583.5 Setting up libxxf86dga1:arm64 (2:1.1.5-0ubuntu3) ...
#10 583.5 Setting up libjbig-dev:arm64 (2.1-3.1ubuntu0.22.04.1) ...
#10 583.6 Setting up libpcl-ml1.12:arm64 (1.12.1+dfsg-3build1) ...
#10 583.7 Setting up libsuperlu5:arm64 (5.3.0+dfsg1-2) ...
#10 583.7 Setting up ros-humble-foonathan-memory-vendor (1.2.0-3jammy.20250719.002738) ...
#10 583.8 Setting up libusb-1.0-0-dev:arm64 (2:1.0.25-1ubuntu2) ...
#10 583.8 Setting up libboost-nowide1.74.0 (1.74.0-14ubuntu3) ...
#10 583.9 Setting up libqhull-r8.0:arm64 (2020.2-4) ...
#10 583.9 Setting up libxcb-render-util0:arm64 (0.3.9-1build3) ...
#10 584.0 Setting up libboost-filesystem1.74.0:arm64 (1.74.0-14ubuntu3) ...
#10 584.0 Setting up libpq-dev (14.20-0ubuntu0.22.04.1) ...
#10 584.1 Setting up systemd (249.11-0ubuntu3.17) ...
#10 584.7 /usr/lib/tmpfiles.d/static-nodes-permissions.conf:17: Failed to resolve group 'kvm'.
#10 584.7 /usr/lib/tmpfiles.d/static-nodes-permissions.conf:18: Failed to resolve group 'kvm'.
#10 584.7 /usr/lib/tmpfiles.d/static-nodes-permissions.conf:19: Failed to resolve group 'kvm'.
#10 584.8 Setting up libpcl-stereo1.12:arm64 (1.12.1+dfsg-3build1) ...
#10 584.9 Setting up libavformat-dev:arm64 (7:4.4.2-0ubuntu0.22.04.1) ...
#10 584.9 Setting up libopenni0 (1.5.4.0+dfsg-5) ...
#10 585.2 Setting up libxcb-icccm4:arm64 (0.4.1-1.1build2) ...
#10 585.3 Setting up libboost-exception1.74-dev:arm64 (1.74.0-14ubuntu3) ...
#10 585.3 Setting up file (1:5.41-3ubuntu0.1) ...
#10 585.3 Setting up libboost-exception-dev:arm64 (1.74.0.3ubuntu7) ...
#10 585.4 Setting up ros-humble-ament-package (0.14.1-1jammy.20250522.030919) ...
#10 585.5 Setting up libogg-dev:arm64 (1.3.5-0ubuntu3) ...
#10 585.5 Setting up ros-humble-console-bridge-vendor (1.4.1-1jammy.20250719.012940) ...
#10 585.5 Setting up ros-humble-domain-coordinator (0.10.0-3jammy.20250718.233247) ...
#10 585.6 Setting up libpthread-stubs0-dev:arm64 (0.4-1build2) ...
#10 585.7 Setting up libpcre2-16-0:arm64 (10.39-3ubuntu0.1) ...
#10 585.7 Setting up libaec0:arm64 (1.0.6-1) ...
#10 585.8 Setting up gdal-data (3.4.1+dfsg-1build4) ...
#10 585.8 Setting up libopengl0:arm64 (1.4.0-1) ...
#10 585.9 Setting up libpcl-people1.12:arm64 (1.12.1+dfsg-3build1) ...
#10 585.9 Setting up libasan6:arm64 (11.4.0-1ubuntu1~22.04.2) ...
#10 586.0 Setting up libxcb-util1:arm64 (0.4.0-1build2) ...
#10 586.0 Setting up libxxf86vm1:arm64 (1:1.1.4-1build3) ...
#10 586.1 Setting up poppler-data (0.4.11-1) ...
#10 586.2 Setting up libboost-program-options1.74-dev:arm64 (1.74.0-14ubuntu3) ...
#10 586.3 Setting up libxcb-xkb1:arm64 (1.14-3ubuntu3) ...
#10 586.3 Setting up libxcb-image0:arm64 (0.4.0-2) ...
#10 586.4 Setting up libnuma-dev:arm64 (2.0.14-3ubuntu2) ...
#10 586.4 Setting up libcfitsio9:arm64 (4.0.0-1) ...
#10 586.4 Setting up libaom-dev:arm64 (3.3.0-1ubuntu0.1) ...
#10 586.5 Setting up libxnvctrl0:arm64 (510.47.03-0ubuntu1) ...
#10 586.5 Setting up libxcb-present0:arm64 (1.14-3ubuntu3) ...
#10 586.6 Setting up libasound2-data (1.2.6.1-1ubuntu1) ...
#10 586.6 Setting up libminizip-dev:arm64 (1.1-8build1) ...
#10 586.7 Setting up xtrans-dev (1.4.0-1) ...
#10 586.7 Setting up ros-humble-rosidl-typesupport-interface (3.1.8-1jammy.20251212.144222) ...
#10 586.8 Setting up libfontenc1:arm64 (1:1.1.4-1build3) ...
#10 586.8 Setting up autotools-dev (20220109.1) ...
#10 586.9 Setting up libpcre2-32-0:arm64 (10.39-3ubuntu0.1) ...
#10 586.9 Setting up libwebp-dev:arm64 (1.2.2-2ubuntu0.22.04.2) ...
#10 587.0 Setting up libxcb-xinerama0:arm64 (1.14-3ubuntu3) ...
#10 587.1 Setting up libutfcpp-dev:arm64 (3.2.1-2) ...
#10 587.1 Setting up libtheora-dev:arm64 (1.1.1+dfsg.1-15ubuntu4) ...
#10 587.1 Setting up libgles2:arm64 (1.4.0-1) ...
#10 587.2 Setting up libjs-jquery-ui (1.13.1+dfsg-1) ...
#10 587.3 Setting up libboost-test1.74.0:arm64 (1.74.0-14ubuntu3) ...
#10 587.3 Setting up qttranslations5-l10n (5.15.3-1) ...
#10 587.3 Setting up qt5-qmake-bin (5.15.3+dfsg-2ubuntu0.2) ...
#10 587.4 Setting up libboost-program-options-dev:arm64 (1.74.0.3ubuntu7) ...
#10 587.5 Setting up libpcap0.8:arm64 (1.10.1-4ubuntu1.22.04.1) ...
#10 587.5 Setting up libnspr4:arm64 (2:4.35-0ubuntu0.22.04.1) ...
#10 587.6 Setting up libcurl4-openssl-dev:arm64 (7.81.0-1ubuntu1.21) ...
#10 587.6 Setting up libxcb-sync1:arm64 (1.14-3ubuntu3) ...
#10 587.7 Setting up uuid-dev:arm64 (2.37.2-4ubuntu3.4) ...
#10 587.7 Setting up libnotify4:arm64 (0.7.9-3ubuntu5.22.04.1) ...
#10 587.8 Setting up libavahi-common-data:arm64 (0.8-5ubuntu5.4) ...
#10 587.8 Setting up libboost-system1.74-dev:arm64 (1.74.0-14ubuntu3) ...
#10 587.9 Setting up libgles1:arm64 (1.4.0-1) ...
#10 587.9 Setting up libdav1d-dev:arm64 (0.9.2-1) ...
#10 591.4 Setting up libsigsegv2:arm64 (2.13-1ubuntu3) ...
#10 591.9 Setting up libswscale-dev:arm64 (7:4.4.2-0ubuntu0.22.04.1) ...
#10 591.9 Setting up libboost-nowide1.74-dev (1.74.0-14ubuntu3) ...
#10 591.9 Setting up libx265-dev:arm64 (3.5-2) ...
#10 592.0 Setting up libboost-regex1.74.0:arm64 (1.74.0-14ubuntu3) ...
#10 592.1 Setting up ros-humble-spdlog-vendor (1.3.1-1jammy.20250719.011935) ...
#10 592.1 Setting up libpcl-octree1.12:arm64 (1.12.1+dfsg-3build1) ...
#10 592.1 Setting up libxkbcommon-x11-0:arm64 (1.4.0-1) ...
#10 592.2 Setting up libxv1:arm64 (2:1.0.11-1build2) ...
#10 592.3 Setting up libpng16-16:arm64 (1.6.37-3ubuntu0.3) ...
#10 592.3 Setting up libhwloc15:arm64 (2.7.0-2ubuntu1) ...
#10 592.3 Setting up usb-modeswitch-data (20191128-4) ...
#10 592.4 Setting up libevent-core-2.1-7:arm64 (2.1.12-stable-1build3) ...
#10 592.5 Setting up udev (249.11-0ubuntu3.17) ...
#10 594.9 invoke-rc.d: could not determine current runlevel
#10 594.9 invoke-rc.d: policy-rc.d denied execution of start.
#10 594.9 Setting up libboost-context1.74.0:arm64 (1.74.0-14ubuntu3) ...
#10 595.0 Setting up libevent-2.1-7:arm64 (2.1.12-stable-1build3) ...
#10 595.1 Setting up libflann1.9:arm64 (1.9.1+dfsg-11) ...
#10 595.1 Setting up libboost-graph1.74.0:arm64 (1.74.0-14ubuntu3) ...
#10 595.1 Setting up libtcl8.6:arm64 (8.6.12+dfsg-1build1) ...
#10 595.2 Setting up libboost-random1.74.0:arm64 (1.74.0-14ubuntu3) ...
#10 595.3 Setting up icu-devtools (70.1-2) ...
#10 595.3 Setting up liblz4-dev:arm64 (1.9.3-2build2) ...
#10 595.3 Setting up libgeos-c1v5:arm64 (3.10.2-1) ...
#10 595.4 Setting up unixodbc-common (2.3.9-5ubuntu0.1) ...
#10 595.5 Setting up ros-humble-rcutils (5.1.8-1jammy.20251217.161601) ...
#10 595.5 Setting up libqhullcpp8.0:arm64 (2020.2-4) ...
#10 595.6 Setting up ros-humble-fastrtps-cmake-module (2.2.4-1jammy.20251124.174104) ...
#10 595.7 Setting up libpcsclite1:arm64 (1.9.5-3ubuntu1) ...
#10 595.9 Setting up libboost1.74-tools-dev (1.74.0-14ubuntu3) ...
#10 595.9 Setting up libsensors5:arm64 (1:3.6.0-7ubuntu1) ...
#10 596.0 Setting up libqt5core5a:arm64 (5.15.3+dfsg-2ubuntu0.2) ...
#10 596.1 Setting up libglapi-mesa:arm64 (23.2.1-1ubuntu3.1~22.04.3) ...
#10 596.1 Setting up libqhull-dev:arm64 (2020.2-4) ...
#10 596.2 Setting up libdouble-conversion-dev:arm64 (3.1.7-4) ...
#10 596.3 Setting up libmtdev1:arm64 (1.1.6-1build4) ...
#10 596.3 Setting up libvulkan1:arm64 (1.3.204.1-2) ...
#10 596.3 Setting up libhdf4-0-alt (4.2.15-4) ...
#10 596.4 Setting up libsoup2.4-common (2.74.2-3ubuntu0.6) ...
#10 596.5 Setting up libboost-atomic1.74-dev:arm64 (1.74.0-14ubuntu3) ...
#10 596.5 Setting up systemd-hwe-hwdb (249.11.6) ...
#10 602.6 Setting up libboost-math1.74.0:arm64 (1.74.0-14ubuntu3) ...
#10 602.8 Setting up libutempter0:arm64 (1.2.1-2build2) ...
#10 602.9 Setting up liblzma-dev:arm64 (5.2.5-2ubuntu1) ...
#10 602.9 Setting up libxcb-dri2-0:arm64 (1.14-3ubuntu3) ...
#10 603.0 Setting up libboost-serialization1.74.0:arm64 (1.74.0-14ubuntu3) ...
#10 603.1 Setting up libgif7:arm64 (5.1.9-2ubuntu0.1) ...
#10 603.1 Setting up libodbc2:arm64 (2.3.9-5ubuntu0.1) ...
#10 603.2 Setting up liburiparser1:arm64 (0.9.6+dfsg-1) ...
#10 603.2 Setting up libboost-atomic-dev:arm64 (1.74.0.3ubuntu7) ...
#10 603.3 Setting up fonts-dejavu-extra (2.37-2build1) ...
#10 603.4 Setting up libpcre2-posix3:arm64 (10.39-3ubuntu0.1) ...
#10 603.4 Setting up ros-humble-rcpputils (2.4.6-1jammy.20251217.202936) ...
#10 603.5 Setting up librttopo1:arm64 (1.1.0-2) ...
#10 603.5 Setting up ros-humble-tracetools (4.1.1-1jammy.20250719.005538) ...
#10 603.7 Setting up alsa-topology-conf (1.2.5.1-2) ...
#10 603.7 Setting up libboost-container1.74.0:arm64 (1.74.0-14ubuntu3) ...
#10 603.7 Setting up libfreexl1:arm64 (1.0.6-1) ...
#10 603.8 Setting up libgif-dev (5.1.9-2ubuntu0.1) ...
#10 603.8 Setting up libxshmfence1:arm64 (1.3-1build4) ...
#10 603.9 Setting up libmm-glib0:arm64 (1.20.0-1~ubuntu22.04.4) ...
#10 604.0 Setting up libqt5dbus5:arm64 (5.15.3+dfsg-2ubuntu0.2) ...
#10 604.1 Setting up ros-humble-tinyxml2-vendor (0.7.7-1jammy.20251120.082935) ...
#10 604.1 Setting up ros-humble-libyaml-vendor (1.2.2-2jammy.20251217.204731) ...
#10 604.2 Setting up libxcb-randr0:arm64 (1.14-3ubuntu3) ...
#10 604.2 Setting up libfyba0:arm64 (4.1.1-7) ...
#10 604.3 Setting up libasound2:arm64 (1.2.6.1-1ubuntu1) ...
#10 604.3 Setting up ros-humble-rosidl-cli (3.1.8-1jammy.20251212.144205) ...
#10 604.4 Setting up ros-humble-ament-index-cpp (1.4.0-2jammy.20250719.005004) ...
#10 604.4 Setting up libkmlbase1:arm64 (1.3.0-9) ...
#10 604.5 Setting up libblosc1:arm64 (1.21.1+ds2-2) ...
#10 604.5 Setting up libnl-3-200:arm64 (3.5.0-0.1) ...
#10 604.6 Setting up libopenni2-dev:arm64 (2.2.0.33+dfsg-15) ...
#10 604.7 Setting up ros-humble-rpyutils (0.2.2-1jammy.20250919.232447) ...
#10 604.7 Setting up openmpi-common (4.1.2-2ubuntu1) ...
#10 604.8 Setting up libmd4c0:arm64 (0.4.8-1) ...
#10 604.8 Setting up ros-humble-gmock-vendor (1.10.9006-1jammy.20250701.014458) ...
#10 604.9 Setting up libpcl-sample-consensus1.12:arm64 (1.12.1+dfsg-3build1) ...
#10 604.9 Setting up libopenjp2-7:arm64 (2.4.0-6ubuntu0.4) ...
#10 605.0 Setting up xorg-sgml-doctools (1:1.11-1.1) ...
#10 605.0 Setting up libjson-glib-1.0-common (1.6.6-1build1) ...
#10 605.1 Setting up libtiff5:arm64 (4.3.0-6ubuntu0.12) ...
#10 605.1 Setting up libglu1-mesa:arm64 (9.0.2-1) ...
#10 605.2 Setting up libboost-math1.74-dev:arm64 (1.74.0-14ubuntu3) ...
#10 605.2 Setting up libxss1:arm64 (1:1.2.3-1build2) ...
#10 605.3 Setting up libtbb-dev:arm64 (2021.5.0-7ubuntu2) ...
#10 605.3 Setting up libxkbfile1:arm64 (1:1.1.0-1build3) ...
#10 605.4 Setting up ros-humble-eigen3-cmake-module (0.1.1-4jammy.20250719.001118) ...
#10 605.4 Setting up libboost-filesystem1.74-dev:arm64 (1.74.0-14ubuntu3) ...
#10 605.5 Setting up libopengl-dev:arm64 (1.4.0-1) ...
#10 605.5 Setting up libboost-date-time1.74.0:arm64 (1.74.0-14ubuntu3) ...
#10 605.6 Setting up glib-networking-common (2.72.0-1) ...
#10 605.6 Setting up libjpeg8-dev:arm64 (8c-2ubuntu10) ...
#10 605.7 Setting up libqt5sensors5:arm64 (5.15.3-1) ...
#10 605.7 Setting up ros-humble-ament-index-python (1.4.0-2jammy.20250718.234622) ...
#10 605.8 Setting up ros-humble-python-cmake-module (0.10.0-2jammy.20250719.010756) ...
#10 605.8 Setting up libfido2-1:arm64 (1.10.0-1) ...
#10 605.9 Setting up libde265-0:arm64 (1.0.8-1ubuntu0.3) ...
#10 605.9 Setting up libboost-fiber1.74.0:arm64 (1.74.0-14ubuntu3) ...
#10 606.0 Setting up libdaemon0:arm64 (0.14-7.1ubuntu3) ...
#10 606.0 Setting up libboost-stacktrace1.74-dev:arm64 (1.74.0-14ubuntu3) ...
#10 606.1 Setting up libqt5test5:arm64 (5.15.3+dfsg-2ubuntu0.2) ...
#10 606.1 Setting up libboost-test1.74-dev:arm64 (1.74.0-14ubuntu3) ...
#10 606.2 Setting up libnss-mdns:arm64 (0.15.1-1ubuntu1) ...
#10 606.2 First installation detected...
#10 606.2 Checking NSS setup...
#10 606.3 Setting up libdeflate-dev:arm64 (1.10-2) ...
#10 606.3 Setting up libevdev2:arm64 (1.12.1+dfsg-1) ...
#10 606.3 Setting up libogdi-dev (4.1.0+ds-5) ...
#10 606.4 Setting up libboost-timer1.74.0:arm64 (1.74.0-14ubuntu3) ...
#10 606.4 Setting up libicu-dev:arm64 (70.1-2) ...
#10 606.5 Setting up libxml2:arm64 (2.9.13+dfsg-1ubuntu0.10) ...
#10 606.6 Setting up libqt5concurrent5:arm64 (5.15.3+dfsg-2ubuntu0.2) ...
#10 606.6 Setting up libcfitsio-doc (4.0.0-1) ...
#10 606.9 Setting up libxmuu1:arm64 (2:1.1.3-3) ...
#10 606.9 Setting up libboost-filesystem-dev:arm64 (1.74.0.3ubuntu7) ...
#10 606.9 Setting up libbrotli-dev:arm64 (1.0.9-2build6) ...
#10 607.0 Setting up libgudev-1.0-0:arm64 (1:237-2build1) ...
#10 607.1 Setting up xbitmaps (1.1.1-2.1ubuntu1) ...
#10 607.1 Setting up libmbim-glib4:arm64 (1.28.0-1~ubuntu20.04.2) ...
#10 607.1 Setting up qtchooser (66-2build1) ...
#10 607.2 Setting up libblas-dev:arm64 (3.10.0-2ubuntu1) ...
#10 607.3 update-alternatives: using /usr/lib/aarch64-linux-gnu/blas/libblas.so to provide /usr/lib/aarch64-linux-gnu/libblas.so (libblas.so-aarch64-linux-gnu) in auto mode
#10 607.3 Setting up libsz2:arm64 (1.0.6-1) ...
#10 607.3 Setting up libmysqlclient-dev (8.0.44-0ubuntu0.22.04.2) ...
#10 607.4 Setting up libkmlxsd1:arm64 (1.3.0-9) ...
#10 607.5 Setting up libtiffxx5:arm64 (4.3.0-6ubuntu0.12) ...
#10 607.5 Setting up libboost-thread1.74.0:arm64 (1.74.0-14ubuntu3) ...
#10 607.5 Setting up libboost-numpy1.74.0 (1.74.0-14ubuntu3) ...
#10 607.6 Setting up libodbccr2:arm64 (2.3.9-5ubuntu0.1) ...
#10 607.7 Setting up libevent-pthreads-2.1-7:arm64 (2.1.12-stable-1build3) ...
#10 609.2 Setting up libdrm-amdgpu1:arm64 (2.4.113-2~ubuntu0.22.04.1) ...
#10 609.3 Setting up libwacom-common (2.2.0-1) ...
#10 609.4 Setting up libtsan0:arm64 (11.4.0-1ubuntu1~22.04.2) ...
#10 609.4 Setting up libkmldom1:arm64 (1.3.0-9) ...
#10 609.5 Setting up default-libmysqlclient-dev:arm64 (1.0.8) ...
#10 609.5 Setting up gsettings-desktop-schemas (42.0-1ubuntu1) ...
#10 609.6 Setting up cpp-11 (11.4.0-1ubuntu1~22.04.2) ...
#10 609.6 Setting up libgl1-amber-dri:arm64 (21.3.9-0ubuntu1~22.04.1) ...
#10 609.6 Setting up glib-networking-services (2.72.0-1) ...
#10 609.7 Setting up librttopo-dev:arm64 (1.1.0-2) ...
#10 609.8 Setting up libboost-log1.74.0 (1.74.0-14ubuntu3) ...
#10 609.8 Setting up libcharls-dev:arm64 (2.3.4-1) ...
#10 609.9 Setting up iio-sensor-proxy (3.3-0ubuntu6) ...
#10 610.0 Setting up libodbcinst2:arm64 (2.3.9-5ubuntu0.1) ...
#10 610.0 Setting up systemd-sysv (249.11-0ubuntu3.17) ...
#10 610.0 Setting up libevent-extra-2.1-7:arm64 (2.1.12-stable-1build3) ...
#10 610.1 Setting up tcl8.6 (8.6.12+dfsg-1build1) ...
#10 610.2 Setting up libarmadillo10 (1:10.8.2+dfsg-1) ...
#10 610.2 Setting up libvulkan-dev:arm64 (1.3.204.1-2) ...
#10 610.2 Setting up ros-humble-ament-cmake-core (1.3.12-1jammy.20250701.005458) ...
#10 610.3 Setting up libcfitsio-dev:arm64 (4.0.0-1) ...
#10 610.4 Setting up libkmlengine1:arm64 (1.3.0-9) ...
#10 610.4 Setting up qt5-qmake:arm64 (5.15.3+dfsg-2ubuntu0.2) ...
#10 610.4 Setting up libpcre2-dev:arm64 (10.39-3ubuntu0.1) ...
#10 610.5 Setting up ros-humble-fastrtps (2.6.11-1jammy.20251222.183944) ...
#10 610.6 Setting up libkmlconvenience1:arm64 (1.3.0-9) ...
#10 610.6 Setting up bind9-libs:arm64 (1:9.18.39-0ubuntu0.22.04.2) ...
#10 610.7 Setting up libgbm1:arm64 (23.2.1-1ubuntu3.1~22.04.3) ...
#10 610.8 Setting up libpng-tools (1.6.37-3ubuntu0.3) ...
#10 610.8 Setting up alsa-ucm-conf (1.2.6.3-1ubuntu1.12) ...
#10 610.9 Setting up libtool (2.4.6-15build2) ...
#10 611.0 Setting up libboost-container1.74-dev:arm64 (1.74.0-14ubuntu3) ...
#10 611.0 Setting up libblosc-dev (1.21.1+ds2-2) ...
#10 611.0 Setting up libboost-chrono-dev:arm64 (1.74.0.3ubuntu7) ...
#10 611.1 Setting up libwacom9:arm64 (2.2.0-1) ...
#10 611.2 Setting up libpcl-outofcore1.12:arm64 (1.12.1+dfsg-3build1) ...
#10 611.2 Setting up openssh-client (1:8.9p1-3ubuntu0.13) ...
#10 611.6 update-alternatives: using /usr/bin/ssh to provide /usr/bin/rsh (rsh) in auto mode
#10 611.6 update-alternatives: warning: skip creation of /usr/share/man/man1/rsh.1.gz because associated file /usr/share/man/man1/ssh.1.gz (of link group rsh) doesn't exist
#10 611.6 update-alternatives: using /usr/bin/slogin to provide /usr/bin/rlogin (rlogin) in auto mode
#10 611.6 update-alternatives: warning: skip creation of /usr/share/man/man1/rlogin.1.gz because associated file /usr/share/man/man1/slogin.1.gz (of link group rlogin) doesn't exist
#10 611.6 update-alternatives: using /usr/bin/scp to provide /usr/bin/rcp (rcp) in auto mode
#10 611.6 update-alternatives: warning: skip creation of /usr/share/man/man1/rcp.1.gz because associated file /usr/share/man/man1/scp.1.gz (of link group rcp) doesn't exist
#10 611.6 Setting up libfreexl-dev:arm64 (1.0.6-1) ...
#10 611.7 Setting up libboost-math-dev:arm64 (1.74.0.3ubuntu7) ...
#10 611.8 Setting up libfyba-dev:arm64 (4.1.1-7) ...
#10 611.8 Setting up ros-humble-rcl-logging-interface (2.3.1-1jammy.20251217.203813) ...
#10 611.8 Setting up libboost-coroutine1.74.0:arm64 (1.74.0-14ubuntu3) ...
#10 611.9 Setting up tcl8.6-dev:arm64 (8.6.12+dfsg-1build1) ...
#10 612.0 Setting up libqt5positioning5:arm64 (5.15.3+dfsg-3) ...
#10 612.0 Setting up libboost-system-dev:arm64 (1.74.0.3ubuntu7) ...
#10 612.0 Setting up libopenni-dev:arm64 (1.5.4.0+dfsg-5) ...
#10 612.1 Setting up libheif1:arm64 (1.12.0-2build1) ...
#10 612.2 Setting up libpng-dev:arm64 (1.6.37-3ubuntu0.3) ...
#10 612.2 Setting up libaec-dev:arm64 (1.0.6-1) ...
#10 612.2 Setting up libavahi-common3:arm64 (0.8-5ubuntu5.4) ...
#10 612.3 Setting up ros-humble-orocos-kdl-vendor (0.2.5-1jammy.20250719.005636) ...
#10 612.4 Setting up libjpeg-dev:arm64 (8c-2ubuntu10) ...
#10 612.4 Setting up libpcl-search1.12:arm64 (1.12.1+dfsg-3build1) ...
#10 612.4 Setting up libevent-openssl-2.1-7:arm64 (2.1.12-stable-1build3) ...
#10 612.5 Setting up m4 (1.4.18-5ubuntu2) ...
#10 612.6 Setting up libboost-tools-dev (1.74.0.3ubuntu7) ...
#10 612.6 Setting up libnss3:arm64 (2:3.98-0ubuntu0.22.04.2) ...
#10 612.7 Setting up libmbim-proxy (1.28.0-1~ubuntu20.04.2) ...
#10 612.7 Setting up libproj22:arm64 (8.2.1-1) ...
#10 612.8 Setting up libhwloc-plugins:arm64 (2.7.0-2ubuntu1) ...
#10 612.8 Setting up libboost-nowide-dev (1.74.0.3ubuntu7) ...
#10 612.9 Setting up libboost-container-dev:arm64 (1.74.0.3ubuntu7) ...
#10 612.9 Setting up libqt5network5:arm64 (5.15.3+dfsg-2ubuntu0.2) ...
#10 613.0 Setting up ros-humble-ament-cmake-gen-version-h (1.3.12-1jammy.20250701.014830) ...
#10 613.0 Setting up libgeotiff5:arm64 (1.7.0-2build1) ...
#10 613.1 Setting up libjson-glib-1.0-0:arm64 (1.6.6-1build1) ...
#10 613.1 Setting up ros-humble-class-loader (2.2.0-3jammy.20251217.204028) ...
#10 613.4 Setting up libinput-bin (1.20.0-1ubuntu0.3) ...
#10 613.5 Setting up liburiparser-dev (0.9.6+dfsg-1) ...
#10 613.5 Setting up libnl-route-3-200:arm64 (3.5.0-0.1) ...
#10 613.6 Setting up libboost-test-dev:arm64 (1.74.0.3ubuntu7) ...
#10 613.6 Setting up libqt5sql5:arm64 (5.15.3+dfsg-2ubuntu0.2) ...
#10 613.7 Setting up qtbase5-dev-tools (5.15.3+dfsg-2ubuntu0.2) ...
#10 613.7 Setting up ros-humble-ament-cmake-test (1.3.12-1jammy.20250701.013421) ...
#10 613.8 Setting up libqt5xml5:arm64 (5.15.3+dfsg-2ubuntu0.2) ...
#10 613.8 Setting up libxml2-dev:arm64 (2.9.13+dfsg-1ubuntu0.10) ...
#10 613.9 Setting up libegl-mesa0:arm64 (23.2.1-1ubuntu3.1~22.04.3) ...
#10 613.9 Setting up ros-humble-pluginlib (5.1.3-1jammy.20251218.103539) ...
#10 614.0 Setting up libfreetype6:arm64 (2.11.1+dfsg-1ubuntu0.3) ...
#10 614.1 Setting up ros-humble-rcl-logging-spdlog (2.3.1-1jammy.20251217.204457) ...
#10 614.1 Setting up libtiff-dev:arm64 (4.3.0-6ubuntu0.12) ...
#10 614.1 Setting up libde265-dev:arm64 (1.0.8-1ubuntu0.3) ...
#10 614.2 Setting up libopenjp2-7-dev:arm64 (2.4.0-6ubuntu0.4) ...
#10 614.3 Setting up libqt5qml5:arm64 (5.15.3+dfsg-1) ...
#10 614.3 Setting up libxerces-c-dev:arm64 (3.2.3+debian-3ubuntu0.1) ...
#10 614.3 Setting up libkmlregionator1:arm64 (1.3.0-9) ...
#10 614.4 Setting up libgeos-dev (3.10.2-1) ...
#10 614.4 Setting up qtattributionsscanner-qt5 (5.15.3-1) ...
#10 614.5 Setting up libevent-dev (2.1.12-stable-1build3) ...
#10 614.6 Setting up liblapack-dev:arm64 (3.10.0-2ubuntu1) ...
#10 614.6 update-alternatives: using /usr/lib/aarch64-linux-gnu/lapack/liblapack.so to provide /usr/lib/aarch64-linux-gnu/liblapack.so (liblapack.so-aarch64-linux-gnu) in auto mode
#10 614.6 Setting up libboost-random1.74-dev:arm64 (1.74.0-14ubuntu3) ...
#10 614.7 Setting up libproj-dev:arm64 (8.2.1-1) ...
#10 614.7 Setting up libboost-timer1.74-dev:arm64 (1.74.0-14ubuntu3) ...
#10 614.8 Setting up libboost-numpy1.74-dev (1.74.0-14ubuntu3) ...
#10 614.8 Setting up libqt5webchannel5:arm64 (5.15.3-1) ...
#10 614.9 Setting up ros-humble-ament-cmake-python (1.3.12-1jammy.20250701.012821) ...
#10 615.0 Setting up ros-humble-ament-cmake-export-definitions (1.3.12-1jammy.20250701.012646) ...
#10 615.0 Setting up autoconf (2.71-2) ...
#10 615.0 Setting up libboost-serialization1.74-dev:arm64 (1.74.0-14ubuntu3) ...
#10 615.1 Setting up libwacom-bin (2.2.0-1) ...
#10 615.2 Setting up libllvm14:arm64 (1:14.0.0-1ubuntu1.1) ...
#10 615.2 Setting up libboost-wave1.74.0:arm64 (1.74.0-14ubuntu3) ...
#10 615.2 Setting up ros-humble-ament-cmake-export-libraries (1.3.12-1jammy.20250701.012702) ...
#10 615.3 Setting up libgcc-11-dev:arm64 (11.4.0-1ubuntu1~22.04.2) ...
#10 615.4 Setting up libhdf5-103-1:arm64 (1.10.7+repack-4ubuntu2) ...
#10 615.4 Setting up libboost-regex1.74-dev:arm64 (1.74.0-14ubuntu3) ...
#10 615.4 Setting up libnl-3-dev:arm64 (3.5.0-0.1) ...
#10 615.5 Setting up gcc-11 (11.4.0-1ubuntu1~22.04.2) ...
#10 615.6 Setting up xauth (1:1.1-1build2) ...
#10 615.6 Setting up libboost-stacktrace-dev:arm64 (1.74.0.3ubuntu7) ...
#10 615.7 Setting up tcl (8.6.11+1build2) ...
#10 615.7 Setting up libllvm15:arm64 (1:15.0.7-0ubuntu0.22.04.3) ...
#10 615.8 Setting up libnl-genl-3-200:arm64 (3.5.0-0.1) ...
#10 615.8 Setting up libhdf5-cpp-103-1:arm64 (1.10.7+repack-4ubuntu2) ...
#10 615.9 Setting up libegl1:arm64 (1.4.0-1) ...
#10 615.9 Setting up libpam-systemd:arm64 (249.11-0ubuntu3.17) ...
#10 616.5 Setting up ros-humble-rosidl-adapter (3.1.8-1jammy.20251212.145132) ...
#10 616.5 Setting up libavahi-glib1:arm64 (0.8-5ubuntu5.4) ...
#10 616.5 Setting up usb-modeswitch (2.6.1-3ubuntu2) ...
#10 616.6 Setting up ros-humble-ament-cmake-include-directories (1.3.12-1jammy.20250701.012701) ...
#10 616.7 Setting up libpcl-filters1.12:arm64 (1.12.1+dfsg-3build1) ...
#10 616.7 Setting up libboost-locale1.74.0:arm64 (1.74.0-14ubuntu3) ...
#10 616.7 Setting up libsuperlu-dev:arm64 (5.3.0+dfsg1-2) ...
#10 616.8 Setting up ros-humble-ament-cmake-libraries (1.3.12-1jammy.20250701.012656) ...
#10 616.9 Setting up ros-humble-ament-cmake-export-targets (1.3.12-1jammy.20250701.013336) ...
#10 616.9 Setting up libavahi-core7:arm64 (0.8-5ubuntu5.4) ...
#10 616.9 Setting up bind9-host (1:9.18.39-0ubuntu0.22.04.2) ...
#10 617.0 Setting up libboost-regex-dev:arm64 (1.74.0.3ubuntu7) ...
#10 617.1 Setting up ros-humble-ament-cmake-export-include-directories (1.3.12-1jammy.20250701.012659) ...
#10 617.1 Setting up unixodbc-dev:arm64 (2.3.9-5ubuntu0.1) ...
#10 617.2 Setting up libavahi-client3:arm64 (0.8-5ubuntu5.4) ...
#10 617.2 Setting up libboost-timer-dev:arm64 (1.74.0.3ubuntu7) ...
#10 617.3 Setting up libboost-type-erasure1.74.0:arm64 (1.74.0-14ubuntu3) ...
#10 617.3 Setting up ros-humble-ament-cmake-export-link-flags (1.3.12-1jammy.20250701.012703) ...
#10 617.4 Setting up libhdf5-hl-100:arm64 (1.10.7+repack-4ubuntu2) ...
#10 617.4 Setting up automake (1:1.16.5-1.3) ...
#10 617.5 update-alternatives: using /usr/bin/automake-1.16 to provide /usr/bin/automake (automake) in auto mode
#10 617.5 update-alternatives: warning: skip creation of /usr/share/man/man1/automake.1.gz because associated file /usr/share/man/man1/automake-1.16.1.gz (of link group automake) doesn't exist
#10 617.5 update-alternatives: warning: skip creation of /usr/share/man/man1/aclocal.1.gz because associated file /usr/share/man/man1/aclocal-1.16.1.gz (of link group automake) doesn't exist
#10 617.5 Setting up libspatialite7:arm64 (5.0.1-2build2) ...
#10 617.6 Setting up ros-humble-ament-cmake-version (1.3.12-1jammy.20250701.012904) ...
#10 617.6 Setting up libkml-dev:arm64 (1.3.0-9) ...
#10 617.6 Setting up ros-humble-ament-cmake-pytest (1.3.12-1jammy.20250701.014401) ...
#10 617.7 Setting up libinput10:arm64 (1.20.0-1ubuntu0.3) ...
#10 617.8 Setting up ros-humble-ament-cmake-gtest (1.3.12-1jammy.20250701.014335) ...
#10 617.8 Setting up mesa-vulkan-drivers:arm64 (23.2.1-1ubuntu3.1~22.04.3) ...
#10 617.8 Setting up libibverbs1:arm64 (39.0-1) ...
#10 618.1 Setting up libxft2:arm64 (2.3.4-1) ...
#10 618.1 Setting up libqt5qmlmodels5:arm64 (5.15.3+dfsg-1) ...
#10 618.1 Setting up libarpack2-dev:arm64 (3.8.0-1) ...
#10 618.2 Setting up libqt5sql5-sqlite:arm64 (5.15.3+dfsg-2ubuntu0.2) ...
#10 618.3 Setting up libboost-wave1.74-dev:arm64 (1.74.0-14ubuntu3) ...
#10 618.3 Setting up ros-humble-ament-cmake-export-interfaces (1.3.12-1jammy.20250701.013209) ...
#10 618.6 Setting up ros-humble-ament-cmake-export-dependencies (1.3.12-1jammy.20250701.013152) ...
#10 618.6 Setting up libpmix2:arm64 (4.1.2-2ubuntu1) ...
#10 618.7 Setting up ibverbs-providers:arm64 (39.0-1) ...
#10 619.1 Setting up libgeotiff-dev:arm64 (1.7.0-2build1) ...
#10 619.1 Setting up libpcl-registration1.12:arm64 (1.12.1+dfsg-3build1) ...
#10 619.2 Setting up libgfortran-11-dev:arm64 (11.4.0-1ubuntu1~22.04.2) ...
#10 619.2 Setting up ros-humble-rosidl-parser (3.1.8-1jammy.20251212.150307) ...
#10 619.3 Setting up libtk8.6:arm64 (8.6.12-1build1) ...
#10 619.4 Setting up libgl1-mesa-dri:arm64 (23.2.1-1ubuntu3.1~22.04.3) ...
#10 619.4 Setting up libboost-random-dev:arm64 (1.74.0.3ubuntu7) ...
#10 619.5 Setting up libpcl-tracking1.12:arm64 (1.12.1+dfsg-3build1) ...
#10 619.5 Setting up libclang1-14 (1:14.0.0-1ubuntu1.1) ...
#10 619.6 Setting up proj-bin (8.2.1-1) ...
#10 619.6 Setting up libheif-dev:arm64 (1.12.0-2build1) ...
#10 619.7 Setting up libqmi-glib5:arm64 (1.32.0-1ubuntu0.22.04.1) ...
#10 619.8 Setting up libboost-wave-dev:arm64 (1.74.0.3ubuntu7) ...
#10 619.8 Setting up ros-humble-ament-cmake-gmock (1.3.12-1jammy.20250701.014927) ...
#10 619.8 Setting up libfreetype-dev:arm64 (2.11.1+dfsg-1ubuntu0.3) ...
#10 619.9 Setting up libqt5qmlworkerscript5:arm64 (5.15.3+dfsg-1) ...
#10 620.0 Setting up libboost-iostreams1.74-dev:arm64 (1.74.0-14ubuntu3) ...
#10 620.0 Setting up wpasupplicant (2:2.10-6ubuntu2.3) ...
#10 620.5 Created symlink /etc/systemd/system/dbus-fi.w1.wpa_supplicant1.service → /lib/systemd/system/wpa_supplicant.service.
#10 620.5 Created symlink /etc/systemd/system/multi-user.target.wants/wpa_supplicant.service → /lib/systemd/system/wpa_supplicant.service.
#10 620.6 Setting up libpoppler118:arm64 (22.02.0-2ubuntu0.12) ...
#10 620.6 Setting up libnl-route-3-dev:arm64 (3.5.0-0.1) ...
#10 620.7 Setting up libboost-date-time1.74-dev:arm64 (1.74.0-14ubuntu3) ...
#10 620.7 Setting up libltdl-dev:arm64 (2.4.6-15build2) ...
#10 620.8 Setting up ros-humble-ament-cmake-target-dependencies (1.3.12-1jammy.20250701.013402) ...
#10 620.8 Setting up libhdf5-hl-cpp-100:arm64 (1.10.7+repack-4ubuntu2) ...
#10 620.9 Setting up libboost-graph1.74-dev:arm64 (1.74.0-14ubuntu3) ...
#10 620.9 Setting up libboost-numpy-dev (1.74.0.3ubuntu7) ...
#10 620.9 Setting up libhdf5-fortran-102:arm64 (1.10.7+repack-4ubuntu2) ...
#10 621.0 Setting up libboost-serialization-dev:arm64 (1.74.0.3ubuntu7) ...
#10 621.1 Setting up libboost-date-time-dev:arm64 (1.74.0.3ubuntu7) ...
#10 621.1 Setting up libspatialite-dev:arm64 (5.0.1-2build2) ...
#10 621.1 Setting up gfortran-11 (11.4.0-1ubuntu1~22.04.2) ...
#10 621.2 Setting up tcl-dev:arm64 (8.6.11+1build2) ...
#10 621.3 Setting up libstdc++-11-dev:arm64 (11.4.0-1ubuntu1~22.04.2) ...
#10 621.3 Setting up libnetcdf19:arm64 (1:4.8.1-1) ...
#10 621.3 Setting up libpcl-features1.12:arm64 (1.12.1+dfsg-3build1) ...
#10 621.4 Setting up avahi-daemon (0.8-5ubuntu5.4) ...
#10 622.1 invoke-rc.d: could not determine current runlevel
#10 622.1 invoke-rc.d: policy-rc.d denied execution of force-reload.
#10 622.2 invoke-rc.d: could not determine current runlevel
#10 622.2 invoke-rc.d: policy-rc.d denied execution of start.
#10 622.5 Created symlink /etc/systemd/system/dbus-org.freedesktop.Avahi.service → /lib/systemd/system/avahi-daemon.service.
#10 622.5 Created symlink /etc/systemd/system/multi-user.target.wants/avahi-daemon.service → /lib/systemd/system/avahi-daemon.service.
#10 622.5 Created symlink /etc/systemd/system/sockets.target.wants/avahi-daemon.socket → /lib/systemd/system/avahi-daemon.socket.
#10 622.9 Setting up libhdf5-hl-fortran-100:arm64 (1.10.7+repack-4ubuntu2) ...
#10 623.0 Setting up libboost-thread1.74-dev:arm64 (1.74.0-14ubuntu3) ...
#10 623.0 Setting up libhwloc-dev:arm64 (2.7.0-2ubuntu1) ...
#10 623.0 Setting up xterm (372-1ubuntu1) ...
#10 623.2 update-alternatives: using /usr/bin/xterm to provide /usr/bin/x-terminal-emulator (x-terminal-emulator) in auto mode
#10 623.2 update-alternatives: warning: skip creation of /usr/share/man/man1/x-terminal-emulator.1.gz because associated file /usr/share/man/man1/xterm.1.gz (of link group x-terminal-emulator) doesn't exist
#10 623.3 update-alternatives: using /usr/bin/lxterm to provide /usr/bin/x-terminal-emulator (x-terminal-emulator) in auto mode
#10 623.3 update-alternatives: warning: skip creation of /usr/share/man/man1/x-terminal-emulator.1.gz because associated file /usr/share/man/man1/lxterm.1.gz (of link group x-terminal-emulator) doesn't exist
#10 623.3 Setting up ros-humble-ament-cmake (1.3.12-1jammy.20250701.015401) ...
#10 623.4 Setting up ros-humble-ament-cmake-ros (0.10.0-3jammy.20250719.004624) ...
#10 623.4 Setting up libpmix-dev:arm64 (4.1.2-2ubuntu1) ...
#10 623.4 Setting up libboost-thread-dev:arm64 (1.74.0.3ubuntu7) ...
#10 623.5 Setting up libpoppler-dev:arm64 (22.02.0-2ubuntu0.12) ...
#10 623.6 Setting up tk8.6 (8.6.12-1build1) ...
#10 623.6 Setting up librdmacm1:arm64 (39.0-1) ...
#10 623.6 Setting up libboost-graph-dev:arm64 (1.74.0.3ubuntu7) ...
#10 623.7 Setting up libucx0:arm64 (1.12.1~rc2-1) ...
#10 623.8 Setting up libglx-mesa0:arm64 (23.2.1-1ubuntu3.1~22.04.3) ...
#10 623.8 Setting up libboost-log1.74-dev (1.74.0-14ubuntu3) ...
#10 623.9 Setting up libglx0:arm64 (1.4.0-1) ...
#10 623.9 Setting up libpcl-keypoints1.12:arm64 (1.12.1+dfsg-3build1) ...
#10 624.0 Setting up g++-11 (11.4.0-1ubuntu1~22.04.2) ...
#10 624.0 Setting up libfontconfig-dev:arm64 (2.13.1-4.2ubuntu5) ...
#10 624.1 Setting up ros-humble-rosidl-cmake (3.1.8-1jammy.20251212.151053) ...
#10 624.2 Setting up qdoc-qt5 (5.15.3-1) ...
#10 624.2 Setting up libpoppler-private-dev:arm64 (22.02.0-2ubuntu0.12) ...
#10 624.2 Setting up libqmi-proxy (1.32.0-1ubuntu0.22.04.1) ...
#10 624.3 Setting up libboost-iostreams-dev:arm64 (1.74.0.3ubuntu7) ...
#10 624.4 Setting up libibverbs-dev:arm64 (39.0-1) ...
#10 624.4 Setting up gfortran (4:11.2.0-1ubuntu1) ...
#10 624.4 update-alternatives: using /usr/bin/gfortran to provide /usr/bin/f95 (f95) in auto mode
#10 624.4 update-alternatives: warning: skip creation of /usr/share/man/man1/f95.1.gz because associated file /usr/share/man/man1/gfortran.1.gz (of link group f95) doesn't exist
#10 624.4 update-alternatives: using /usr/bin/gfortran to provide /usr/bin/f77 (f77) in auto mode
#10 624.4 update-alternatives: warning: skip creation of /usr/share/man/man1/f77.1.gz because associated file /usr/share/man/man1/gfortran.1.gz (of link group f77) doesn't exist
#10 624.5 Setting up libnetcdf-c++4 (4.2-12build1) ...
#10 624.6 Setting up libboost-context1.74-dev:arm64 (1.74.0-14ubuntu3) ...
#10 624.6 Setting up libfreetype6-dev:arm64 (2.11.1+dfsg-1ubuntu0.3) ...
#10 624.6 Setting up libboost-fiber1.74-dev:arm64 (1.74.0-14ubuntu3) ...
#10 624.7 Setting up ros-humble-rosidl-runtime-c (3.1.8-1jammy.20251217.203216) ...
#10 624.8 Setting up libgl1:arm64 (1.4.0-1) ...
#10 624.8 Setting up libboost-type-erasure1.74-dev:arm64 (1.74.0-14ubuntu3) ...
#10 624.8 Setting up libgdal30 (3.4.1+dfsg-1build4) ...
#10 625.1 Setting up ros-humble-rosidl-typesupport-introspection-c (3.1.8-1jammy.20251218.103811) ...
#10 625.1 Setting up libpcl-segmentation1.12:arm64 (1.12.1+dfsg-3build1) ...
#10 625.2 Setting up libhdf5-dev (1.10.7+repack-4ubuntu2) ...
#10 625.2 update-alternatives: using /usr/lib/aarch64-linux-gnu/pkgconfig/hdf5-serial.pc to provide /usr/lib/aarch64-linux-gnu/pkgconfig/hdf5.pc (hdf5.pc) in auto mode
#10 625.3 Setting up libnetcdf-dev (1:4.8.1-1) ...
#10 625.3 Setting up libboost-locale1.74-dev:arm64 (1.74.0-14ubuntu3) ...
#10 625.3 Setting up libglew2.2:arm64 (2.2.0-4) ...
#10 625.4 Setting up ros-humble-rosidl-generator-c (3.1.8-1jammy.20251217.203927) ...
#10 625.5 Setting up ros-humble-rmw-implementation-cmake (6.1.2-1jammy.20250719.011039) ...
#10 625.5 Setting up x11-utils (7.7+5build2) ...
#10 625.7 Setting up libboost-coroutine1.74-dev:arm64 (1.74.0-14ubuntu3) ...
#10 625.8 Setting up libboost-coroutine-dev:arm64 (1.74.0.3ubuntu7) ...
#10 625.8 Setting up modemmanager (1.20.0-1~ubuntu22.04.4) ...
#10 626.2 Created symlink /etc/systemd/system/dbus-org.freedesktop.ModemManager1.service → /lib/systemd/system/ModemManager.service.
#10 626.2 Created symlink /etc/systemd/system/multi-user.target.wants/ModemManager.service → /lib/systemd/system/ModemManager.service.
#10 626.2 Setting up libatk-wrapper-java (0.38.0-5build1) ...
#10 626.3 Setting up tk (8.6.11+1build2) ...
#10 626.4 Setting up libboost-log-dev (1.74.0.3ubuntu7) ...
#10 626.4 Setting up libboost-fiber-dev:arm64 (1.74.0.3ubuntu7) ...
#10 626.4 Setting up libfabric1:arm64 (1.11.0-3) ...
#10 626.5 Setting up libfontconfig1-dev:arm64 (2.13.1-4.2ubuntu5) ...
#10 626.6 Setting up freeglut3:arm64 (2.8.1-6) ...
#10 626.6 Setting up libcoarrays-dev:arm64 (2.9.2-3) ...
#10 626.6 Setting up libopenmpi3:arm64 (4.1.2-2ubuntu1) ...
#10 626.7 Setting up libboost-mpi1.74.0 (1.74.0-14ubuntu3) ...
#10 626.8 Setting up libqt5gui5:arm64 (5.15.3+dfsg-2ubuntu0.2) ...
#10 626.8 Setting up ros-humble-rmw (6.1.2-1jammy.20251217.203858) ...
#10 626.9 Setting up ros-humble-rosidl-typesupport-c (2.0.2-1jammy.20251218.104326) ...
#10 626.9 Setting up ros-humble-rosidl-runtime-cpp (3.1.8-1jammy.20251218.103608) ...
#10 627.0 Setting up libboost-locale-dev:arm64 (1.74.0.3ubuntu7) ...
#10 627.0 Setting up libqt5widgets5:arm64 (5.15.3+dfsg-2ubuntu0.2) ...
#10 627.1 Setting up ros-humble-rosidl-generator-py (0.14.6-1jammy.20251219.040936) ...
#10 627.2 Setting up libnetcdf-cxx-legacy-dev (4.2-12build1) ...
#10 627.2 Setting up libboost-context-dev:arm64 (1.74.0.3ubuntu7) ...
#10 627.2 Setting up libqt5help5:arm64 (5.15.3-1) ...
#10 627.3 Setting up qt5-gtk-platformtheme:arm64 (5.15.3+dfsg-2ubuntu0.2) ...
#10 627.4 Setting up libatk-wrapper-java-jni:arm64 (0.38.0-5build1) ...
#10 627.4 Setting up ros-humble-rosidl-generator-cpp (3.1.8-1jammy.20251218.104310) ...
#10 627.5 Setting up libgl2ps1.4 (1.4.2+dfsg1-2) ...
#10 627.5 Setting up libboost-type-erasure-dev:arm64 (1.74.0.3ubuntu7) ...
#10 627.6 Setting up ros-humble-rcl-yaml-param-parser (5.3.11-1jammy.20251218.103429) ...
#10 627.6 Setting up libarmadillo-dev (1:10.8.2+dfsg-1) ...
#10 627.7 Setting up libvtk9.1:arm64 (9.1.0+really9.1.0+dfsg2-3build1) ...
#10 627.7 Setting up libqt5printsupport5:arm64 (5.15.3+dfsg-2ubuntu0.2) ...
#10 627.8 Setting up libcaf-openmpi-3:arm64 (2.9.2-3) ...
#10 627.8 Setting up libhdf4-alt-dev (4.2.15-4) ...
#10 627.9 Setting up libgdal-dev (3.4.1+dfsg-1build4) ...
#10 627.9 Setting up ros-humble-rosidl-typesupport-cpp (2.0.2-1jammy.20251218.105614) ...
#10 628.0 Setting up vtk9 (9.1.0+really9.1.0+dfsg2-3build1) ...
#10 628.0 Setting up libvtk9.1-qt:arm64 (9.1.0+really9.1.0+dfsg2-3build1) ...
#10 628.1 Setting up ros-humble-rosidl-typesupport-fastrtps-cpp (2.2.4-1jammy.20251218.105705) ...
#10 628.1 Setting up libqt5opengl5:arm64 (5.15.3+dfsg-2ubuntu0.2) ...
#10 628.1 Setting up ros-humble-rosidl-typesupport-introspection-cpp (3.1.8-1jammy.20251218.104345) ...
#10 628.2 Setting up libboost-graph-parallel1.74.0 (1.74.0-14ubuntu3) ...
#10 628.3 Setting up libpcl-io1.12:arm64 (1.12.1+dfsg-3build1) ...
#10 628.3 Setting up libpcl-recognition1.12:arm64 (1.12.1+dfsg-3build1) ...
#10 628.4 Setting up libqt5quick5:arm64 (5.15.3+dfsg-1) ...
#10 628.4 Setting up openni-utils (1.5.4.0+dfsg-5) ...
#10 628.5 Setting up openmpi-bin (4.1.2-2ubuntu1) ...
#10 628.6 update-alternatives: using /usr/bin/mpirun.openmpi to provide /usr/bin/mpirun (mpirun) in auto mode
#10 628.6 update-alternatives: warning: skip creation of /usr/share/man/man1/mpirun.1.gz because associated file /usr/share/man/man1/mpirun.openmpi.1.gz (of link group mpirun) doesn't exist
#10 628.6 update-alternatives: warning: skip creation of /usr/share/man/man1/mpiexec.1.gz because associated file /usr/share/man/man1/mpiexec.openmpi.1.gz (of link group mpirun) doesn't exist
#10 628.6 update-alternatives: using /usr/bin/mpicc.openmpi to provide /usr/bin/mpicc (mpi) in auto mode
#10 628.6 update-alternatives: warning: skip creation of /usr/share/man/man1/mpicc.1.gz because associated file /usr/share/man/man1/mpicc.openmpi.1.gz (of link group mpi) doesn't exist
#10 628.6 update-alternatives: warning: skip creation of /usr/share/man/man1/mpic++.1.gz because associated file /usr/share/man/man1/mpic++.openmpi.1.gz (of link group mpi) doesn't exist
#10 628.6 update-alternatives: warning: skip creation of /usr/share/man/man1/mpicxx.1.gz because associated file /usr/share/man/man1/mpicxx.openmpi.1.gz (of link group mpi) doesn't exist
#10 628.6 update-alternatives: warning: skip creation of /usr/share/man/man1/mpiCC.1.gz because associated file /usr/share/man/man1/mpiCC.openmpi.1.gz (of link group mpi) doesn't exist
#10 628.6 update-alternatives: warning: skip creation of /usr/share/man/man1/mpif77.1.gz because associated file /usr/share/man/man1/mpif77.openmpi.1.gz (of link group mpi) doesn't exist
#10 628.6 update-alternatives: warning: skip creation of /usr/share/man/man1/mpif90.1.gz because associated file /usr/share/man/man1/mpif90.openmpi.1.gz (of link group mpi) doesn't exist
#10 628.6 update-alternatives: warning: skip creation of /usr/share/man/man1/mpifort.1.gz because associated file /usr/share/man/man1/mpifort.openmpi.1.gz (of link group mpi) doesn't exist
#10 628.7 Setting up libhdf5-openmpi-103-1:arm64 (1.10.7+repack-4ubuntu2) ...
#10 628.7 Setting up libpcl-visualization1.12:arm64 (1.12.1+dfsg-3build1) ...
#10 628.8 Setting up libqt5quickshapes5:arm64 (5.15.3+dfsg-1) ...
#10 628.8 Setting up libqt5quicktest5:arm64 (5.15.3+dfsg-1) ...
#10 628.9 Setting up libqt5designer5:arm64 (5.15.3-1) ...
#10 629.0 Setting up qtdeclarative5-dev-tools (5.15.3+dfsg-1) ...
#10 629.0 Setting up libqt5svg5:arm64 (5.15.3-1) ...
#10 629.1 Setting up mpi-default-bin (1.14) ...
#10 629.1 Setting up libopenni-sensor-pointclouds0 (5.1.0.41.9-4) ...
#10 629.2 Setting up ros-humble-rosidl-typesupport-fastrtps-c (2.2.4-1jammy.20251218.111310) ...
#10 629.3 Setting up qhelpgenerator-qt5 (5.15.3-1) ...
#10 629.4 Setting up libpcl-surface1.12:arm64 (1.12.1+dfsg-3build1) ...
#10 629.4 Setting up libqt5webkit5:arm64 (5.212.0~alpha4-15ubuntu1) ...
#10 629.5 Setting up libqt5designercomponents5:arm64 (5.15.3-1) ...
#10 629.6 Setting up python3-mpi4py (3.1.3-1build2) ...
#10 633.3 Setting up libgl2ps-dev (1.4.2+dfsg1-2) ...
#10 633.4 Setting up libcoarrays-openmpi-dev:arm64 (2.9.2-3) ...
#10 633.5 update-alternatives: using /usr/lib/aarch64-linux-gnu/open-coarrays/openmpi/bin/caf to provide /usr/bin/caf.openmpi (caf-openmpi) in auto mode
#10 633.5 update-alternatives: using /usr/bin/caf.openmpi to provide /usr/bin/caf (caf) in auto mode
#10 633.5 Setting up qt5-qmltooling-plugins:arm64 (5.15.3+dfsg-1) ...
#10 633.6 Setting up libqt5quickwidgets5:arm64 (5.15.3+dfsg-1) ...
#10 633.6 Setting up ros-humble-rosidl-default-runtime (1.2.0-2jammy.20251219.041625) ...
#10 633.7 Setting up libpcl-apps1.12:arm64 (1.12.1+dfsg-3build1) ...
#10 633.7 Setting up libhdf5-openmpi-fortran-102:arm64 (1.10.7+repack-4ubuntu2) ...
#10 633.8 Setting up ros-humble-builtin-interfaces (1.2.2-1jammy.20251219.042407) ...
#10 634.1 Setting up libvtk9-java (9.1.0+really9.1.0+dfsg2-3build1) ...
#10 634.1 Setting up libboost-graph-parallel1.74-dev (1.74.0-14ubuntu3) ...
#10 634.1 Setting up qt5-assistant (5.15.3-1) ...
#10 634.2 Setting up qttools5-dev-tools (5.15.3-1) ...
#10 634.3 Setting up ros-humble-statistics-msgs (1.2.2-1jammy.20251219.044502) ...
#10 634.3 Setting up libhdf5-openmpi-hl-100:arm64 (1.10.7+repack-4ubuntu2) ...
#10 634.4 Setting up libqt5quickparticles5:arm64 (5.15.3+dfsg-1) ...
#10 634.4 Setting up libopenmpi-dev:arm64 (4.1.2-2ubuntu1) ...
#10 634.5 update-alternatives: using /usr/lib/aarch64-linux-gnu/openmpi/include to provide /usr/include/aarch64-linux-gnu/mpi (mpi-aarch64-linux-gnu) in auto mode
#10 634.5 Setting up libhdf5-openmpi-cpp-103-1:arm64 (1.10.7+repack-4ubuntu2) ...
#10 634.6 Setting up ros-humble-rmw-dds-common (1.6.0-2jammy.20251219.094327) ...
#10 634.6 Setting up ros-humble-rmw-fastrtps-shared-cpp (6.2.9-1jammy.20251222.190313) ...
#10 634.7 Setting up libhdf5-openmpi-hl-cpp-100:arm64 (1.10.7+repack-4ubuntu2) ...
#10 634.7 Setting up ros-humble-rosgraph-msgs (1.2.2-1jammy.20251219.044342) ...
#10 634.8 Setting up libhdf5-openmpi-hl-fortran-100:arm64 (1.10.7+repack-4ubuntu2) ...
#10 634.8 Setting up ros-humble-lifecycle-msgs (1.2.2-1jammy.20251219.042736) ...
#10 634.9 Setting up libboost-mpi-python1.74.0 (1.74.0-14ubuntu3) ...
#10 635.4 Setting up python3-vtk9 (9.1.0+really9.1.0+dfsg2-3build1) ...
#10 636.1 Setting up ros-humble-unique-identifier-msgs (2.2.1-3jammy.20251219.045056) ...
#10 636.1 Setting up ros-humble-std-msgs (4.9.0-1jammy.20251219.044450) ...
#10 636.2 Setting up ros-humble-rcl-interfaces (1.2.2-1jammy.20251219.043558) ...
#10 636.2 Setting up ros-humble-rmw-fastrtps-cpp (6.2.9-1jammy.20251222.191135) ...
#10 636.3 Setting up libboost-graph-parallel-dev (1.74.0.3ubuntu7) ...
#10 636.4 Setting up mpi-default-dev (1.14) ...
#10 636.4 Setting up ros-humble-geometry-msgs (4.9.0-1jammy.20251219.053203) ...
#10 636.5 Setting up libhdf5-openmpi-dev (1.10.7+repack-4ubuntu2) ...
#10 636.5 update-alternatives: using /usr/bin/h5pcc.openmpi to provide /usr/bin/h5pcc (h5pcc) in auto mode
#10 636.5 update-alternatives: warning: skip creation of /usr/share/man/man1/h5pcc.1.gz because associated file /usr/share/man/man1/h5pcc.openmpi.1.gz (of link group h5pcc) doesn't exist
#10 636.5 update-alternatives: warning: skip creation of /usr/share/man/man1/h5pfc.1.gz because associated file /usr/share/man/man1/h5pfc.openmpi.1.gz (of link group h5pcc) doesn't exist
#10 636.5 update-alternatives: using /usr/lib/aarch64-linux-gnu/pkgconfig/hdf5-openmpi.pc to provide /usr/lib/aarch64-linux-gnu/pkgconfig/hdf5.pc (hdf5.pc) in auto mode
#10 636.6 update-alternatives: updating alternative /usr/bin/mpicc.openmpi because link group mpi has changed slave links
#10 636.6 update-alternatives: warning: skip creation of /usr/share/man/man1/mpiCC.1.gz because associated file /usr/share/man/man1/mpiCC.openmpi.1.gz (of link group mpi) doesn't exist
#10 636.6 update-alternatives: warning: skip creation of /usr/share/man/man1/mpic++.1.gz because associated file /usr/share/man/man1/mpic++.openmpi.1.gz (of link group mpi) doesn't exist
#10 636.6 update-alternatives: warning: skip creation of /usr/share/man/man1/mpicc.1.gz because associated file /usr/share/man/man1/mpicc.openmpi.1.gz (of link group mpi) doesn't exist
#10 636.6 update-alternatives: warning: skip creation of /usr/share/man/man1/mpicxx.1.gz because associated file /usr/share/man/man1/mpicxx.openmpi.1.gz (of link group mpi) doesn't exist
#10 636.6 update-alternatives: warning: skip creation of /usr/share/man/man1/mpif77.1.gz because associated file /usr/share/man/man1/mpif77.openmpi.1.gz (of link group mpi) doesn't exist
#10 636.6 update-alternatives: warning: skip creation of /usr/share/man/man1/mpif90.1.gz because associated file /usr/share/man/man1/mpif90.openmpi.1.gz (of link group mpi) doesn't exist
#10 636.6 update-alternatives: warning: skip creation of /usr/share/man/man1/mpifort.1.gz because associated file /usr/share/man/man1/mpifort.openmpi.1.gz (of link group mpi) doesn't exist
#10 636.6 update-alternatives: using /usr/lib/aarch64-linux-gnu/pkgconfig/hdf5-mpi.pc to provide /usr/lib/aarch64-linux-gnu/pkgconfig/hdf5.pc (hdf5.pc) in auto mode
#10 636.7 Setting up ros-humble-rmw-implementation (2.8.5-1jammy.20251222.191806) ...
#10 636.7 Setting up ros-humble-action-msgs (1.2.2-1jammy.20251219.045637) ...
#10 636.8 Setting up ros-humble-rcl (5.3.11-1jammy.20251222.192257) ...
#10 636.8 Setting up libboost-mpi1.74-dev (1.74.0-14ubuntu3) ...
#10 636.9 Setting up ros-humble-composition-interfaces (1.2.2-1jammy.20251219.044403) ...
#10 636.9 Setting up libboost-mpi-python1.74-dev (1.74.0-14ubuntu3) ...
#10 637.0 Setting up ros-humble-libstatistics-collector (1.3.4-1jammy.20251222.193516) ...
#10 637.0 Setting up ros-humble-tf2-msgs (0.25.18-1jammy.20251219.054717) ...
#10 637.1 Setting up ros-humble-rcl-lifecycle (5.3.11-1jammy.20251222.193511) ...
#10 637.2 Setting up ros-humble-tf2 (0.25.18-1jammy.20251219.093700) ...
#10 637.2 Setting up libboost-mpi-python-dev (1.74.0.3ubuntu7) ...
#10 637.2 Setting up ros-humble-rclcpp (16.0.17-1jammy.20251227.170147) ...
#10 637.3 Setting up libboost-mpi-dev (1.74.0.3ubuntu7) ...
#10 637.4 Setting up ros-humble-sensor-msgs (4.9.0-1jammy.20251219.060939) ...
#10 637.4 Setting up libhdf5-mpi-dev (1.10.7+repack-4ubuntu2) ...
#10 637.5 Setting up libboost-all-dev (1.74.0.3ubuntu7) ...
#10 637.5 Setting up ros-humble-rclcpp-components (16.0.17-1jammy.20251229.045302) ...
#10 637.6 Setting up ros-humble-rcl-action (5.3.11-1jammy.20251222.193516) ...
#10 637.7 Setting up libflann-dev:arm64 (1.9.1+dfsg-11) ...
#10 637.7 Setting up ros-humble-pcl-msgs (1.0.0-7jammy.20251219.063351) ...
#10 637.8 Setting up ros-humble-rclcpp-action (16.0.17-1jammy.20251229.044403) ...
#10 637.9 Setting up ros-humble-rclpy (3.3.19-1jammy.20251222.195020) ...
#10 637.9 Setting up ros-humble-message-filters (4.3.11-1jammy.20251229.055731) ...
#10 638.0 Setting up ros-humble-tf2-py (0.25.18-1jammy.20251222.202634) ...
#10 638.1 Setting up ros-humble-tf2-ros-py (0.25.18-1jammy.20251222.203202) ...
#10 638.1 Setting up ros-humble-tf2-ros (0.25.18-1jammy.20251229.060849) ...
#10 638.2 Setting up ros-humble-image-transport (3.1.12-1jammy.20251229.060859) ...
#10 638.2 Setting up ros-humble-tf2-geometry-msgs (0.25.18-1jammy.20251229.063927) ...
#10 638.3 Setting up default-jre-headless (2:1.11-72build2) ...
#10 638.4 Setting up openjdk-11-jre-headless:arm64 (11.0.29+7-1ubuntu1~22.04) ...
#10 638.8 update-alternatives: using /usr/lib/jvm/java-11-openjdk-arm64/bin/java to provide /usr/bin/java (java) in auto mode
#10 638.8 update-alternatives: using /usr/lib/jvm/java-11-openjdk-arm64/bin/jjs to provide /usr/bin/jjs (jjs) in auto mode
#10 638.8 update-alternatives: using /usr/lib/jvm/java-11-openjdk-arm64/bin/keytool to provide /usr/bin/keytool (keytool) in auto mode
#10 638.8 update-alternatives: using /usr/lib/jvm/java-11-openjdk-arm64/bin/rmid to provide /usr/bin/rmid (rmid) in auto mode
#10 638.9 update-alternatives: using /usr/lib/jvm/java-11-openjdk-arm64/bin/rmiregistry to provide /usr/bin/rmiregistry (rmiregistry) in auto mode
#10 638.9 update-alternatives: using /usr/lib/jvm/java-11-openjdk-arm64/bin/pack200 to provide /usr/bin/pack200 (pack200) in auto mode
#10 638.9 update-alternatives: using /usr/lib/jvm/java-11-openjdk-arm64/bin/unpack200 to provide /usr/bin/unpack200 (unpack200) in auto mode
#10 639.0 update-alternatives: using /usr/lib/jvm/java-11-openjdk-arm64/lib/jexec to provide /usr/bin/jexec (jexec) in auto mode
#10 639.0 Setting up openjdk-11-jre:arm64 (11.0.29+7-1ubuntu1~22.04) ...
#10 639.1 Setting up openjdk-11-jdk-headless:arm64 (11.0.29+7-1ubuntu1~22.04) ...
#10 639.2 update-alternatives: using /usr/lib/jvm/java-11-openjdk-arm64/bin/jar to provide /usr/bin/jar (jar) in auto mode
#10 639.2 update-alternatives: using /usr/lib/jvm/java-11-openjdk-arm64/bin/jarsigner to provide /usr/bin/jarsigner (jarsigner) in auto mode
#10 639.2 update-alternatives: using /usr/lib/jvm/java-11-openjdk-arm64/bin/javac to provide /usr/bin/javac (javac) in auto mode
#10 639.2 update-alternatives: using /usr/lib/jvm/java-11-openjdk-arm64/bin/javadoc to provide /usr/bin/javadoc (javadoc) in auto mode
#10 639.3 update-alternatives: using /usr/lib/jvm/java-11-openjdk-arm64/bin/javap to provide /usr/bin/javap (javap) in auto mode
#10 639.3 update-alternatives: using /usr/lib/jvm/java-11-openjdk-arm64/bin/jcmd to provide /usr/bin/jcmd (jcmd) in auto mode
#10 639.3 update-alternatives: using /usr/lib/jvm/java-11-openjdk-arm64/bin/jdb to provide /usr/bin/jdb (jdb) in auto mode
#10 639.3 update-alternatives: using /usr/lib/jvm/java-11-openjdk-arm64/bin/jdeprscan to provide /usr/bin/jdeprscan (jdeprscan) in auto mode
#10 639.3 update-alternatives: using /usr/lib/jvm/java-11-openjdk-arm64/bin/jdeps to provide /usr/bin/jdeps (jdeps) in auto mode
#10 639.4 update-alternatives: using /usr/lib/jvm/java-11-openjdk-arm64/bin/jfr to provide /usr/bin/jfr (jfr) in auto mode
#10 639.4 update-alternatives: using /usr/lib/jvm/java-11-openjdk-arm64/bin/jimage to provide /usr/bin/jimage (jimage) in auto mode
#10 639.4 update-alternatives: using /usr/lib/jvm/java-11-openjdk-arm64/bin/jinfo to provide /usr/bin/jinfo (jinfo) in auto mode
#10 639.5 update-alternatives: using /usr/lib/jvm/java-11-openjdk-arm64/bin/jlink to provide /usr/bin/jlink (jlink) in auto mode
#10 639.5 update-alternatives: using /usr/lib/jvm/java-11-openjdk-arm64/bin/jmap to provide /usr/bin/jmap (jmap) in auto mode
#10 639.5 update-alternatives: using /usr/lib/jvm/java-11-openjdk-arm64/bin/jmod to provide /usr/bin/jmod (jmod) in auto mode
#10 639.5 update-alternatives: using /usr/lib/jvm/java-11-openjdk-arm64/bin/jps to provide /usr/bin/jps (jps) in auto mode
#10 639.5 update-alternatives: using /usr/lib/jvm/java-11-openjdk-arm64/bin/jrunscript to provide /usr/bin/jrunscript (jrunscript) in auto mode
#10 639.6 update-alternatives: using /usr/lib/jvm/java-11-openjdk-arm64/bin/jshell to provide /usr/bin/jshell (jshell) in auto mode
#10 639.6 update-alternatives: using /usr/lib/jvm/java-11-openjdk-arm64/bin/jstack to provide /usr/bin/jstack (jstack) in auto mode
#10 639.6 update-alternatives: using /usr/lib/jvm/java-11-openjdk-arm64/bin/jstat to provide /usr/bin/jstat (jstat) in auto mode
#10 640.2 update-alternatives: using /usr/lib/jvm/java-11-openjdk-arm64/bin/jstatd to provide /usr/bin/jstatd (jstatd) in auto mode
#10 640.2 update-alternatives: using /usr/lib/jvm/java-11-openjdk-arm64/bin/rmic to provide /usr/bin/rmic (rmic) in auto mode
#10 640.3 update-alternatives: using /usr/lib/jvm/java-11-openjdk-arm64/bin/serialver to provide /usr/bin/serialver (serialver) in auto mode
#10 640.3 update-alternatives: using /usr/lib/jvm/java-11-openjdk-arm64/bin/jaotc to provide /usr/bin/jaotc (jaotc) in auto mode
#10 640.3 update-alternatives: using /usr/lib/jvm/java-11-openjdk-arm64/bin/jhsdb to provide /usr/bin/jhsdb (jhsdb) in auto mode
#10 640.4 Setting up default-jre (2:1.11-72build2) ...
#10 640.4 Setting up default-jdk-headless (2:1.11-72build2) ...
#10 640.6 Setting up openjdk-11-jdk:arm64 (11.0.29+7-1ubuntu1~22.04) ...
#10 640.6 update-alternatives: using /usr/lib/jvm/java-11-openjdk-arm64/bin/jconsole to provide /usr/bin/jconsole (jconsole) in auto mode
#10 640.6 Setting up ca-certificates-java (20190909ubuntu1.2) ...
#10 640.8 head: cannot open '/etc/ssl/certs/java/cacerts' for reading: No such file or directory
#10 641.8 Adding debian:Entrust_Root_Certification_Authority_-_G4.pem
#10 641.8 Adding debian:Entrust_Root_Certification_Authority.pem
#10 641.8 Adding debian:TWCA_Root_Certification_Authority.pem
#10 641.8 Adding debian:QuoVadis_Root_CA_3_G3.pem
#10 641.8 Adding debian:Certum_Trusted_Root_CA.pem
#10 641.9 Adding debian:ISRG_Root_X2.pem
#10 641.9 Adding debian:TunTrust_Root_CA.pem
#10 641.9 Adding debian:HARICA_TLS_ECC_Root_CA_2021.pem
#10 641.9 Adding debian:SecureTrust_CA.pem
#10 641.9 Adding debian:AffirmTrust_Networking.pem
#10 641.9 Adding debian:NAVER_Global_Root_Certification_Authority.pem
#10 641.9 Adding debian:e-Szigno_Root_CA_2017.pem
#10 641.9 Adding debian:Certum_Trusted_Network_CA_2.pem
#10 641.9 Adding debian:Secure_Global_CA.pem
#10 641.9 Adding debian:Baltimore_CyberTrust_Root.pem
#10 641.9 Adding debian:Autoridad_de_Certificacion_Firmaprofesional_CIF_A62634068.pem
#10 641.9 Adding debian:Certum_EC-384_CA.pem
#10 641.9 Adding debian:emSign_Root_CA_-_C1.pem
#10 641.9 Adding debian:QuoVadis_Root_CA_1_G3.pem
#10 641.9 Adding debian:UCA_Global_G2_Root.pem
#10 641.9 Adding debian:DigiCert_Global_Root_G3.pem
#10 642.0 Adding debian:Hellenic_Academic_and_Research_Institutions_ECC_RootCA_2015.pem
#10 642.0 Adding debian:QuoVadis_Root_CA_2.pem
#10 642.0 Adding debian:emSign_Root_CA_-_G1.pem
#10 642.0 Adding debian:Microsec_e-Szigno_Root_CA_2009.pem
#10 642.0 Adding debian:Izenpe.com.pem
#10 642.0 Adding debian:E-Tugra_Certification_Authority.pem
#10 642.0 Adding debian:GTS_Root_R2.pem
#10 642.0 Adding debian:USERTrust_RSA_Certification_Authority.pem
#10 642.0 Adding debian:COMODO_ECC_Certification_Authority.pem
#10 642.0 Adding debian:certSIGN_ROOT_CA.pem
#10 642.0 Adding debian:Trustwave_Global_Certification_Authority.pem
#10 642.0 Adding debian:Microsoft_ECC_Root_Certificate_Authority_2017.pem
#10 642.0 Adding debian:ePKI_Root_Certification_Authority.pem
#10 642.0 Adding debian:COMODO_Certification_Authority.pem
#10 642.0 Adding debian:D-TRUST_BR_Root_CA_1_2020.pem
#10 642.0 Adding debian:DigiCert_Global_Root_CA.pem
#10 642.1 Adding debian:GlobalSign_Root_CA.pem
#10 642.1 Adding debian:Hongkong_Post_Root_CA_1.pem
#10 642.1 Adding debian:DigiCert_Trusted_Root_G4.pem
#10 642.1 Adding debian:OISTE_WISeKey_Global_Root_GB_CA.pem
#10 642.1 Adding debian:Entrust_Root_Certification_Authority_-_G2.pem
#10 642.1 Adding debian:TUBITAK_Kamu_SM_SSL_Kok_Sertifikasi_-_Surum_1.pem
#10 642.1 Adding debian:E-Tugra_Global_Root_CA_RSA_v3.pem
#10 642.1 Adding debian:XRamp_Global_CA_Root.pem
#10 642.1 Adding debian:SwissSign_Gold_CA_-_G2.pem
#10 642.1 Adding debian:SSL.com_Root_Certification_Authority_RSA.pem
#10 642.1 Adding debian:Amazon_Root_CA_4.pem
#10 642.1 Adding debian:Certigna.pem
#10 642.1 Adding debian:IdenTrust_Commercial_Root_CA_1.pem
#10 642.1 Adding debian:CA_Disig_Root_R2.pem
#10 642.1 Adding debian:GlobalSign_ECC_Root_CA_-_R5.pem
#10 642.1 Adding debian:Hongkong_Post_Root_CA_3.pem
#10 642.1 Adding debian:SSL.com_EV_Root_Certification_Authority_ECC.pem
#10 642.2 Adding debian:DigiCert_Assured_ID_Root_CA.pem
#10 642.2 Adding debian:D-TRUST_EV_Root_CA_1_2020.pem
#10 642.2 Adding debian:Amazon_Root_CA_3.pem
#10 642.2 Adding debian:AffirmTrust_Premium.pem
#10 642.2 Adding debian:Trustwave_Global_ECC_P384_Certification_Authority.pem
#10 642.2 Adding debian:Hellenic_Academic_and_Research_Institutions_RootCA_2015.pem
#10 642.2 Adding debian:QuoVadis_Root_CA_3.pem
#10 642.2 Adding debian:HiPKI_Root_CA_-_G1.pem
#10 642.2 Adding debian:NetLock_Arany_=Class_Gold=_Főtanúsítvány.pem
#10 642.2 Adding debian:Microsoft_RSA_Root_Certificate_Authority_2017.pem
#10 642.2 Adding debian:GlobalSign_Root_CA_-_R3.pem
#10 642.2 Adding debian:Starfield_Root_Certificate_Authority_-_G2.pem
#10 642.2 Adding debian:Entrust.net_Premium_2048_Secure_Server_CA.pem
#10 642.2 Adding debian:DigiCert_TLS_ECC_P384_Root_G5.pem
#10 642.2 Adding debian:SZAFIR_ROOT_CA2.pem
#10 642.2 Adding debian:DigiCert_Global_Root_G2.pem
#10 642.2 Adding debian:Go_Daddy_Class_2_CA.pem
#10 642.2 Adding debian:DigiCert_Assured_ID_Root_G3.pem
#10 642.2 Adding debian:OISTE_WISeKey_Global_Root_GC_CA.pem
#10 642.2 Adding debian:T-TeleSec_GlobalRoot_Class_2.pem
#10 642.2 Adding debian:Certainly_Root_E1.pem
#10 642.2 Adding debian:T-TeleSec_GlobalRoot_Class_3.pem
#10 642.3 Adding debian:SecureSign_RootCA11.pem
#10 642.3 Adding debian:Certigna_Root_CA.pem
#10 642.3 Adding debian:Go_Daddy_Root_Certificate_Authority_-_G2.pem
#10 642.3 Adding debian:SSL.com_EV_Root_Certification_Authority_RSA_R2.pem
#10 642.3 Adding debian:Certainly_Root_R1.pem
#10 642.3 Adding debian:E-Tugra_Global_Root_CA_ECC_v3.pem
#10 642.3 Adding debian:ACCVRAIZ1.pem
#10 642.3 Adding debian:Trustwave_Global_ECC_P256_Certification_Authority.pem
#10 642.3 Adding debian:AffirmTrust_Premium_ECC.pem
#10 642.3 Adding debian:Security_Communication_Root_CA.pem
#10 642.3 Adding debian:UCA_Extended_Validation_Root.pem
#10 642.3 Adding debian:ANF_Secure_Server_Root_CA.pem
#10 642.3 Adding debian:Certum_Trusted_Network_CA.pem
#10 642.3 Adding debian:GTS_Root_R4.pem
#10 642.3 Adding debian:vTrus_ECC_Root_CA.pem
#10 642.3 Adding debian:D-TRUST_Root_Class_3_CA_2_EV_2009.pem
#10 642.3 Adding debian:DigiCert_TLS_RSA4096_Root_G5.pem
#10 642.3 Adding debian:GlobalSign_Root_CA_-_R6.pem
#10 642.3 Adding debian:Entrust_Root_Certification_Authority_-_EC1.pem
#10 642.3 Adding debian:DigiCert_Assured_ID_Root_G2.pem
#10 642.3 Adding debian:Security_Communication_RootCA2.pem
#10 642.3 Adding debian:AC_RAIZ_FNMT-RCM_SERVIDORES_SEGUROS.pem
#10 642.4 Adding debian:Atos_TrustedRoot_2011.pem
#10 642.4 Adding debian:Security_Communication_RootCA3.pem
#10 642.4 Adding debian:USERTrust_ECC_Certification_Authority.pem
#10 642.4 Adding debian:GLOBALTRUST_2020.pem
#10 642.4 Adding debian:IdenTrust_Public_Sector_Root_CA_1.pem
#10 642.4 Adding debian:Telia_Root_CA_v2.pem
#10 642.4 Adding debian:HARICA_TLS_RSA_Root_CA_2021.pem
#10 642.4 Adding debian:emSign_ECC_Root_CA_-_C3.pem
#10 642.4 Adding debian:AffirmTrust_Commercial.pem
#10 642.5 Adding debian:DigiCert_High_Assurance_EV_Root_CA.pem
#10 642.5 Adding debian:CFCA_EV_ROOT.pem
#10 642.5 Adding debian:vTrus_Root_CA.pem
#10 642.5 Adding debian:SwissSign_Silver_CA_-_G2.pem
#10 642.5 Adding debian:TeliaSonera_Root_CA_v1.pem
#10 642.5 Adding debian:D-TRUST_Root_Class_3_CA_2_2009.pem
#10 642.5 Adding debian:ISRG_Root_X1.pem
#10 642.5 Adding debian:AC_RAIZ_FNMT-RCM.pem
#10 642.5 Adding debian:GlobalSign_Root_E46.pem
#10 642.6 Adding debian:GTS_Root_R1.pem
#10 642.6 Adding debian:Amazon_Root_CA_1.pem
#10 642.6 Adding debian:GTS_Root_R3.pem
#10 642.6 Adding debian:emSign_ECC_Root_CA_-_G3.pem
#10 642.6 Adding debian:COMODO_RSA_Certification_Authority.pem
#10 642.6 Adding debian:GDCA_TrustAUTH_R5_ROOT.pem
#10 642.6 Adding debian:Actalis_Authentication_Root_CA.pem
#10 642.6 Adding debian:GlobalSign_Root_R46.pem
#10 642.6 Adding debian:Buypass_Class_2_Root_CA.pem
#10 642.6 Adding debian:Buypass_Class_3_Root_CA.pem
#10 642.6 Adding debian:Autoridad_de_Certificacion_Firmaprofesional_CIF_A62634068_2.pem
#10 642.7 Adding debian:TWCA_Global_Root_CA.pem
#10 642.7 Adding debian:Comodo_AAA_Services_root.pem
#10 642.7 Adding debian:GlobalSign_ECC_Root_CA_-_R4.pem
#10 642.7 Adding debian:Starfield_Class_2_CA.pem
#10 642.7 Adding debian:Security_Communication_ECC_RootCA1.pem
#10 642.7 Adding debian:certSIGN_Root_CA_G2.pem
#10 642.7 Adding debian:Starfield_Services_Root_Certificate_Authority_-_G2.pem
#10 642.7 Adding debian:QuoVadis_Root_CA_2_G3.pem
#10 642.7 Adding debian:Amazon_Root_CA_2.pem
#10 642.7 Adding debian:SSL.com_Root_Certification_Authority_ECC.pem
#10 642.8 done.
#10 642.9 Setting up default-jdk (2:1.11-72build2) ...
#10 643.1 Processing triggers for ca-certificates (20230311ubuntu0.22.04.1) ...
#10 643.2 Updating certificates in /etc/ssl/certs...
#10 645.0 0 added, 0 removed; done.
#10 645.0 Running hooks in /etc/ca-certificates/update.d...
#10 645.0 
#10 645.8 done.
#10 645.8 done.
#10 645.8 Processing triggers for dbus (1.12.20-2ubuntu4.1) ...
#10 645.9 Processing triggers for sgml-base (1.30) ...
#10 646.1 Setting up x11proto-dev (2021.5-1) ...
#10 646.1 Processing triggers for fontconfig (2.13.1-4.2ubuntu5) ...
#10 646.4 Setting up libxau-dev:arm64 (1:1.0.9-1build5) ...
#10 646.4 Processing triggers for hicolor-icon-theme (0.17-2) ...
#10 646.5 Setting up libice-dev:arm64 (2:1.0.10-1build2) ...
#10 646.6 Setting up libsm-dev:arm64 (2:1.2.3-1build2) ...
#10 646.7 Processing triggers for libglib2.0-0:arm64 (2.72.4-0ubuntu2.2) ...
#10 646.8 Processing triggers for libc-bin (2.35-0ubuntu3.4) ...
#10 647.4 /sbin/ldconfig.real: File /lib/aarch64-linux-gnu/libgstnvegl-1.0.so.0 is empty, not checked.
#10 647.4 /sbin/ldconfig.real: File /lib/aarch64-linux-gnu/libv4l2.so.0.0.999999 is empty, not checked.
#10 647.4 /sbin/ldconfig.real: File /lib/aarch64-linux-gnu/libcuda.so is empty, not checked.
#10 647.4 /sbin/ldconfig.real: File /lib/aarch64-linux-gnu/libnvcudla.so is empty, not checked.
#10 647.4 /sbin/ldconfig.real: File /lib/aarch64-linux-gnu/libgstnvivameta.so is empty, not checked.
#10 647.4 /sbin/ldconfig.real: File /lib/aarch64-linux-gnu/libgstnvexifmeta.so is empty, not checked.
#10 647.4 /sbin/ldconfig.real: File /lib/aarch64-linux-gnu/libv4l2.so.0 is empty, not checked.
#10 647.4 /sbin/ldconfig.real: File /lib/aarch64-linux-gnu/libv4lconvert.so.0.0.999999 is empty, not checked.
#10 647.4 /sbin/ldconfig.real: File /lib/aarch64-linux-gnu/libnvcucompat.so is empty, not checked.
#10 647.4 /sbin/ldconfig.real: File /lib/aarch64-linux-gnu/libnvsample_cudaprocess.so is empty, not checked.
#10 647.4 /sbin/ldconfig.real: File /lib/aarch64-linux-gnu/libv4lconvert.so.0 is empty, not checked.
#10 647.4 /sbin/ldconfig.real: File /usr/lib/aarch64-linux-gnu/nvidia/libnvidia-vksc-core.so is empty, not checked.
#10 647.4 /sbin/ldconfig.real: File /usr/lib/aarch64-linux-gnu/nvidia/libnvmmlite.so is empty, not checked.
#10 647.4 /sbin/ldconfig.real: File /usr/lib/aarch64-linux-gnu/nvidia/libnvmedia_dla.so is empty, not checked.
#10 647.4 /sbin/ldconfig.real: File /usr/lib/aarch64-linux-gnu/nvidia/libgstnvcustomhelper.so is empty, not checked.
#10 647.4 /sbin/ldconfig.real: File /usr/lib/aarch64-linux-gnu/nvidia/libnvidia-egl-gbm.so.1.1.0 is empty, not checked.
#10 647.4 /sbin/ldconfig.real: File /usr/lib/aarch64-linux-gnu/nvidia/libvulkansc.so.1.0.10 is empty, not checked.
#10 647.4 /sbin/ldconfig.real: File /usr/lib/aarch64-linux-gnu/nvidia/libnvmedia_isp_ext.so is empty, not checked.
#10 647.4 /sbin/ldconfig.real: File /usr/lib/aarch64-linux-gnu/nvidia/libnvargus.so is empty, not checked.
#10 647.4 /sbin/ldconfig.real: File /usr/lib/aarch64-linux-gnu/nvidia/libnvmedia_iep_sci.so is empty, not checked.
#10 647.4 /sbin/ldconfig.real: File /usr/lib/aarch64-linux-gnu/nvidia/libnvgov_generic.so is empty, not checked.
#10 647.4 /sbin/ldconfig.real: File /usr/lib/aarch64-linux-gnu/nvidia/libnvdc.so is empty, not checked.
#10 647.4 /sbin/ldconfig.real: File /usr/lib/aarch64-linux-gnu/nvidia/libnvvideo.so is empty, not checked.
#10 647.4 /sbin/ldconfig.real: File /usr/lib/aarch64-linux-gnu/nvidia/libnvrm_host1x.so is empty, not checked.
#10 647.4 /sbin/ldconfig.real: File /usr/lib/aarch64-linux-gnu/nvidia/libnvidia-kms.so is empty, not checked.
#10 647.4 /sbin/ldconfig.real: File /usr/lib/aarch64-linux-gnu/nvidia/libnvsciipc.so is empty, not checked.
#10 647.4 /sbin/ldconfig.real: File /usr/lib/aarch64-linux-gnu/nvidia/libnvfusacap.so is empty, not checked.
#10 647.4 /sbin/ldconfig.real: File /usr/lib/aarch64-linux-gnu/nvidia/libnvmedia_ijpe_sci.so is empty, not checked.
#10 647.4 /sbin/ldconfig.real: File /usr/lib/aarch64-linux-gnu/nvidia/libnvbufsurface.so.1.0.0 is empty, not checked.
#10 647.4 /sbin/ldconfig.real: File /usr/lib/aarch64-linux-gnu/nvidia/libnvbuf_fdmap.so.1.0.0 is empty, not checked.
#10 647.5 /sbin/ldconfig.real: File /usr/lib/aarch64-linux-gnu/nvidia/libnvfusacapinterface.so is empty, not checked.
#10 647.5 /sbin/ldconfig.real: File /usr/lib/aarch64-linux-gnu/nvidia/libnvgov_spincircle.so is empty, not checked.
#10 647.5 /sbin/ldconfig.real: File /usr/lib/aarch64-linux-gnu/nvidia/libnvmedia_ijpd_sci.so is empty, not checked.
#10 647.5 /sbin/ldconfig.real: File /usr/lib/aarch64-linux-gnu/nvidia/libgstnvdsseimeta.so.1.0.0 is empty, not checked.
#10 647.5 /sbin/ldconfig.real: File /usr/lib/aarch64-linux-gnu/nvidia/libtegrawfd.so is empty, not checked.
#10 647.5 /sbin/ldconfig.real: File /usr/lib/aarch64-linux-gnu/nvidia/libnvcamerautils.so is empty, not checked.
#10 647.5 /sbin/ldconfig.real: File /usr/lib/aarch64-linux-gnu/nvidia/libnvargus_socketserver.so is empty, not checked.
#10 647.5 /sbin/ldconfig.real: File /usr/lib/aarch64-linux-gnu/nvidia/libnvidia-egl-wayland.so.1.1.11 is empty, not checked.
#10 647.5 /sbin/ldconfig.real: File /usr/lib/aarch64-linux-gnu/nvidia/libtegrav4l2.so is empty, not checked.
#10 647.5 /sbin/ldconfig.real: File /usr/lib/aarch64-linux-gnu/nvidia/libnvgov_force.so is empty, not checked.
#10 647.5 /sbin/ldconfig.real: File /usr/lib/aarch64-linux-gnu/nvidia/libnvmedia_ide_sci.so is empty, not checked.
#10 647.5 /sbin/ldconfig.real: File /usr/lib/aarch64-linux-gnu/nvidia/libnvidia-allocator.so is empty, not checked.
#10 647.5 /sbin/ldconfig.real: File /usr/lib/aarch64-linux-gnu/nvidia/libgstnvcustomhelper.so.1.0.0 is empty, not checked.
#10 647.5 /sbin/ldconfig.real: File /usr/lib/aarch64-linux-gnu/nvidia/libv4l2_nvargus.so is empty, not checked.
#10 647.5 /sbin/ldconfig.real: File /usr/lib/aarch64-linux-gnu/nvidia/libnvmedia_2d.so is empty, not checked.
#10 647.5 /sbin/ldconfig.real: File /usr/lib/aarch64-linux-gnu/nvidia/libcuda.so.1.1 is empty, not checked.
#10 647.5 /sbin/ldconfig.real: File /usr/lib/aarch64-linux-gnu/nvidia/libnvscf.so is empty, not checked.
#10 647.5 /sbin/ldconfig.real: File /usr/lib/aarch64-linux-gnu/nvidia/libsensors.l4t.no_fusion.nvs.so is empty, not checked.
#10 647.5 /sbin/ldconfig.real: File /usr/lib/aarch64-linux-gnu/nvidia/libnvidia-vksc-core.so.540.2.0 is empty, not checked.
#10 647.5 /sbin/ldconfig.real: File /usr/lib/aarch64-linux-gnu/nvidia/libnvvideoencode_ppe.so is empty, not checked.
#10 647.5 /sbin/ldconfig.real: File /usr/lib/aarch64-linux-gnu/nvidia/libnveglstreamproducer.so is empty, not checked.
#10 647.5 /sbin/ldconfig.real: File /usr/lib/aarch64-linux-gnu/nvidia/libcuda.so is empty, not checked.
#10 647.5 /sbin/ldconfig.real: File /usr/lib/aarch64-linux-gnu/nvidia/libnvcudla.so is empty, not checked.
#10 647.5 /sbin/ldconfig.real: File /usr/lib/aarch64-linux-gnu/nvidia/ld.so.conf is empty, not checked.
#10 647.5 /sbin/ldconfig.real: File /usr/lib/aarch64-linux-gnu/nvidia/libnvscistream.so is empty, not checked.
#10 647.5 /sbin/ldconfig.real: File /usr/lib/aarch64-linux-gnu/nvidia/libcuda.so.1 is empty, not checked.
#10 647.5 /sbin/ldconfig.real: File /usr/lib/aarch64-linux-gnu/nvidia/libnvcamlog.so is empty, not checked.
#10 647.5 /sbin/ldconfig.real: File /usr/lib/aarch64-linux-gnu/nvidia/libvulkansc.so is empty, not checked.
#10 647.5 /sbin/ldconfig.real: File /usr/lib/aarch64-linux-gnu/nvidia/libnvidia-glcore.so.540.2.0 is empty, not checked.
#10 647.5 /sbin/ldconfig.real: File /usr/lib/aarch64-linux-gnu/nvidia/libnvidia-glsi.so.540.2.0 is empty, not checked.
#10 647.5 /sbin/ldconfig.real: File /usr/lib/aarch64-linux-gnu/nvidia/libsensors_hal.nvs.so is empty, not checked.
#10 647.5 /sbin/ldconfig.real: File /usr/lib/aarch64-linux-gnu/nvidia/libnvtegrahv.so is empty, not checked.
#10 647.5 /sbin/ldconfig.real: File /usr/lib/aarch64-linux-gnu/nvidia/libnvddk_vic.so is empty, not checked.
#10 647.5 /sbin/ldconfig.real: File /usr/lib/aarch64-linux-gnu/nvidia/libnvparser.so is empty, not checked.
#10 647.5 /sbin/ldconfig.real: File /usr/lib/aarch64-linux-gnu/nvidia/libnvvic.so is empty, not checked.
#10 647.5 /sbin/ldconfig.real: File /usr/lib/aarch64-linux-gnu/nvidia/libnvmm_contentpipe.so is empty, not checked.
#10 647.5 /sbin/ldconfig.real: File /usr/lib/aarch64-linux-gnu/nvidia/libnvargus_socketclient.so is empty, not checked.
#10 647.5 /sbin/ldconfig.real: File /usr/lib/aarch64-linux-gnu/nvidia/libnvpva_algorithms.so is empty, not checked.
#10 647.5 /sbin/ldconfig.real: File /usr/lib/aarch64-linux-gnu/nvidia/libnvcam_imageencoder.so is empty, not checked.
#10 647.5 /sbin/ldconfig.real: File /usr/lib/aarch64-linux-gnu/nvidia/libjetsonpower.so is empty, not checked.
#10 647.5 /sbin/ldconfig.real: File /usr/lib/aarch64-linux-gnu/nvidia/libnvbufsurftransform.so is empty, not checked.
#10 647.5 /sbin/ldconfig.real: File /usr/lib/aarch64-linux-gnu/nvidia/libnvidia-egl-wayland.so.1 is empty, not checked.
#10 647.5 /sbin/ldconfig.real: File /usr/lib/aarch64-linux-gnu/nvidia/libnvgov_boot.so is empty, not checked.
#10 647.5 /sbin/ldconfig.real: File /usr/lib/aarch64-linux-gnu/nvidia/libnvodm_imager.so is empty, not checked.
#10 647.5 /sbin/ldconfig.real: File /usr/lib/aarch64-linux-gnu/nvidia/libnvdla_runtime.so is empty, not checked.
#10 647.5 /sbin/ldconfig.real: File /usr/lib/aarch64-linux-gnu/nvidia/libnvmmlite_video.so is empty, not checked.
#10 647.5 /sbin/ldconfig.real: File /usr/lib/aarch64-linux-gnu/nvidia/libnvpva.so is empty, not checked.
#10 647.5 /sbin/ldconfig.real: File /usr/lib/aarch64-linux-gnu/nvidia/libnvddk_2d_v2.so is empty, not checked.
#10 647.5 /sbin/ldconfig.real: File /usr/lib/aarch64-linux-gnu/nvidia/libnvimp.so is empty, not checked.
#10 647.5 /sbin/ldconfig.real: File /usr/lib/aarch64-linux-gnu/nvidia/libnvmedia_iofa_sci.so is empty, not checked.
#10 647.5 /sbin/ldconfig.real: File /usr/lib/aarch64-linux-gnu/nvidia/libnvmmlite_image.so is empty, not checked.
#10 647.5 /sbin/ldconfig.real: File /usr/lib/aarch64-linux-gnu/nvidia/libnvtracebuf.so is empty, not checked.
#10 647.5 /sbin/ldconfig.real: File /usr/lib/aarch64-linux-gnu/nvidia/libGLX_indirect.so.0 is empty, not checked.
#10 647.5 /sbin/ldconfig.real: File /usr/lib/aarch64-linux-gnu/nvidia/libnvrm_chip.so is empty, not checked.
#10 647.5 /sbin/ldconfig.real: File /usr/lib/aarch64-linux-gnu/nvidia/libnvidia-nvvm.so.540.2.0 is empty, not checked.
#10 647.5 /sbin/ldconfig.real: File /usr/lib/aarch64-linux-gnu/nvidia/libnvgov_ui.so is empty, not checked.
#10 647.5 /sbin/ldconfig.real: File /usr/lib/aarch64-linux-gnu/nvidia/libnvmedialdc.so is empty, not checked.
#10 647.5 /sbin/ldconfig.real: File /usr/lib/aarch64-linux-gnu/nvidia/libnvmedia_eglstream.so is empty, not checked.
#10 647.5 /sbin/ldconfig.real: File /usr/lib/aarch64-linux-gnu/nvidia/libnvisp_utils.so is empty, not checked.
#10 647.5 /sbin/ldconfig.real: File /usr/lib/aarch64-linux-gnu/nvidia/libnvisppg.so is empty, not checked.
#10 647.5 /sbin/ldconfig.real: File /usr/lib/aarch64-linux-gnu/nvidia/libnvid_mapper.so.1.0.0 is empty, not checked.
#10 647.5 /sbin/ldconfig.real: File /usr/lib/aarch64-linux-gnu/nvidia/libnvcamv4l2.so is empty, not checked.
#10 647.5 /sbin/ldconfig.real: File /usr/lib/aarch64-linux-gnu/nvidia/libnvdsbufferpool.so.1.0.0 is empty, not checked.
#10 647.5 /sbin/ldconfig.real: File /usr/lib/aarch64-linux-gnu/nvidia/libnvscibuf.so is empty, not checked.
#10 647.5 /sbin/ldconfig.real: File /usr/lib/aarch64-linux-gnu/nvidia/libnvidia-allocator.so.1 is empty, not checked.
#10 647.5 /sbin/ldconfig.real: File /usr/lib/aarch64-linux-gnu/nvidia/libnvscievent.so is empty, not checked.
#10 647.5 /sbin/ldconfig.real: File /usr/lib/aarch64-linux-gnu/nvidia/libnvmm_utils.so is empty, not checked.
#10 647.5 /sbin/ldconfig.real: File /usr/lib/aarch64-linux-gnu/nvidia/libnvosd.so is empty, not checked.
#10 647.5 /sbin/ldconfig.real: File /usr/lib/aarch64-linux-gnu/nvidia/libnvscibuf.so.1 is empty, not checked.
#10 647.5 /sbin/ldconfig.real: File /usr/lib/aarch64-linux-gnu/nvidia/libVkLayer_json_gen.so is empty, not checked.
#10 647.5 /sbin/ldconfig.real: File /usr/lib/aarch64-linux-gnu/nvidia/libnvidia-gpucomp.so.540.2.0 is empty, not checked.
#10 647.5 /sbin/ldconfig.real: File /usr/lib/aarch64-linux-gnu/nvidia/libnvrm_gpu.so is empty, not checked.
#10 647.5 /sbin/ldconfig.real: File /usr/lib/aarch64-linux-gnu/nvidia/libnvmedia_ide_parser.so is empty, not checked.
#10 647.5 /sbin/ldconfig.real: File /usr/lib/aarch64-linux-gnu/nvidia/libnvexif.so is empty, not checked.
#10 647.5 /sbin/ldconfig.real: File /usr/lib/aarch64-linux-gnu/nvidia/libnvidia-tls.so.540.2.0 is empty, not checked.
#10 647.5 /sbin/ldconfig.real: File /usr/lib/aarch64-linux-gnu/nvidia/libnvofsdk.so is empty, not checked.
#10 647.5 /sbin/ldconfig.real: File /usr/lib/aarch64-linux-gnu/nvidia/libnvbufsurface.so is empty, not checked.
#10 647.5 /sbin/ldconfig.real: File /usr/lib/aarch64-linux-gnu/nvidia/libv4l2.so.0 is empty, not checked.
#10 647.5 /sbin/ldconfig.real: File /usr/lib/aarch64-linux-gnu/nvidia/libnvmedia2d.so is empty, not checked.
#10 647.5 /sbin/ldconfig.real: File /usr/lib/aarch64-linux-gnu/nvidia/libdrm.so.2 is empty, not checked.
#10 647.5 /sbin/ldconfig.real: File /usr/lib/aarch64-linux-gnu/nvidia/libnvisp.so is empty, not checked.
#10 647.5 /sbin/ldconfig.real: File /usr/lib/aarch64-linux-gnu/nvidia/libnvcameratools.so is empty, not checked.
#10 647.5 /sbin/ldconfig.real: File /usr/lib/aarch64-linux-gnu/nvidia/libnvrm_mem.so is empty, not checked.
#10 647.5 /sbin/ldconfig.real: File /usr/lib/aarch64-linux-gnu/nvidia/libnvgov_gpucompute.so is empty, not checked.
#10 647.5 /sbin/ldconfig.real: File /usr/lib/aarch64-linux-gnu/nvidia/libnvgov_il.so is empty, not checked.
#10 647.5 /sbin/ldconfig.real: File /usr/lib/aarch64-linux-gnu/nvidia/libnvgov_camera.so is empty, not checked.
#10 647.5 /sbin/ldconfig.real: File /usr/lib/aarch64-linux-gnu/nvidia/libnvsocsys.so is empty, not checked.
#10 647.5 /sbin/ldconfig.real: File /usr/lib/aarch64-linux-gnu/nvidia/libnvdecode2eglimage.so is empty, not checked.
#10 647.5 /sbin/ldconfig.real: File /usr/lib/aarch64-linux-gnu/nvidia/libnvpvaintf.so is empty, not checked.
#10 647.5 /sbin/ldconfig.real: File /usr/lib/aarch64-linux-gnu/nvidia/libnvmm_parser.so is empty, not checked.
#10 647.5 /sbin/ldconfig.real: File /usr/lib/aarch64-linux-gnu/nvidia/libnvidia-rmapi-tegra.so.540.2.0 is empty, not checked.
#10 647.5 /sbin/ldconfig.real: File /usr/lib/aarch64-linux-gnu/nvidia/libnvv4l2.so is empty, not checked.
#10 647.5 /sbin/ldconfig.real: File /usr/lib/aarch64-linux-gnu/nvidia/libnvv4lconvert.so is empty, not checked.
#10 647.5 /sbin/ldconfig.real: File /usr/lib/aarch64-linux-gnu/nvidia/libnvidia-ptxjitcompiler.so.540.2.0 is empty, not checked.
#10 647.5 /sbin/ldconfig.real: File /usr/lib/aarch64-linux-gnu/nvidia/libnvpvaumd.so is empty, not checked.
#10 647.5 /sbin/ldconfig.real: File /usr/lib/aarch64-linux-gnu/nvidia/libnvfnetstoredefog.so is empty, not checked.
#10 647.5 /sbin/ldconfig.real: File /usr/lib/aarch64-linux-gnu/nvidia/libnvscistream.so.1 is empty, not checked.
#10 647.5 /sbin/ldconfig.real: File /usr/lib/aarch64-linux-gnu/nvidia/libnvidia-kms.so.540.2.0 is empty, not checked.
#10 647.5 /sbin/ldconfig.real: File /usr/lib/aarch64-linux-gnu/nvidia/libnvmedia_tensor.so is empty, not checked.
#10 647.5 /sbin/ldconfig.real: File /usr/lib/aarch64-linux-gnu/nvidia/libnvidia-nvvm.so.4 is empty, not checked.
#10 647.5 /sbin/ldconfig.real: File /usr/lib/aarch64-linux-gnu/nvidia/libnvscicommon.so.1 is empty, not checked.
#10 647.5 /sbin/ldconfig.real: File /usr/lib/aarch64-linux-gnu/nvidia/libnvidia-ml.so.1 is empty, not checked.
#10 647.5 /sbin/ldconfig.real: File /usr/lib/aarch64-linux-gnu/nvidia/libnvrm_sync.so is empty, not checked.
#10 647.5 /sbin/ldconfig.real: File /usr/lib/aarch64-linux-gnu/nvidia/libnvcucompat.so is empty, not checked.
#10 647.5 /sbin/ldconfig.real: File /usr/lib/aarch64-linux-gnu/nvidia/libnvdla_compiler.so is empty, not checked.
#10 647.5 /sbin/ldconfig.real: File /usr/lib/aarch64-linux-gnu/nvidia/libnvidia-eglcore.so.540.2.0 is empty, not checked.
#10 647.5 /sbin/ldconfig.real: File /usr/lib/aarch64-linux-gnu/nvidia/libnvll.so is empty, not checked.
#10 647.5 /sbin/ldconfig.real: File /usr/lib/aarch64-linux-gnu/nvidia/libvulkansc.so.1 is empty, not checked.
#10 647.5 /sbin/ldconfig.real: File /usr/lib/aarch64-linux-gnu/nvidia/libsensors.hal-client.nvs.so is empty, not checked.
#10 647.5 /sbin/ldconfig.real: File /usr/lib/aarch64-linux-gnu/nvidia/libnvidia-rtcore.so.540.2.0 is empty, not checked.
#10 647.5 /sbin/ldconfig.real: File /usr/lib/aarch64-linux-gnu/nvidia/libnveventlib.so is empty, not checked.
#10 647.5 /sbin/ldconfig.real: File /usr/lib/aarch64-linux-gnu/nvidia/libnvgov_tbc.so is empty, not checked.
#10 647.5 /sbin/ldconfig.real: File /usr/lib/aarch64-linux-gnu/nvidia/libnvjpeg.so is empty, not checked.
#10 647.5 /sbin/ldconfig.real: File /usr/lib/aarch64-linux-gnu/nvidia/libnvscicommon.so is empty, not checked.
#10 647.5 /sbin/ldconfig.real: File /usr/lib/aarch64-linux-gnu/nvidia/libnvid_mapper.so is empty, not checked.
#10 647.5 /sbin/ldconfig.real: File /usr/lib/aarch64-linux-gnu/nvidia/libnvidia-glvkspirv.so.540.2.0 is empty, not checked.
#10 647.5 /sbin/ldconfig.real: File /usr/lib/aarch64-linux-gnu/nvidia/libv4l2_nvcuvidvideocodec.so is empty, not checked.
#10 647.5 /sbin/ldconfig.real: File /usr/lib/aarch64-linux-gnu/nvidia/libnvfnetstorehdfx.so is empty, not checked.
#10 647.5 /sbin/ldconfig.real: File /usr/lib/aarch64-linux-gnu/nvidia/libnvbufsurftransform.so.1.0.0 is empty, not checked.
#10 647.5 /sbin/ldconfig.real: File /usr/lib/aarch64-linux-gnu/nvidia/libnvrm_stream.so is empty, not checked.
#10 647.5 /sbin/ldconfig.real: File /usr/lib/aarch64-linux-gnu/nvidia/libnvmm.so is empty, not checked.
#10 647.5 /sbin/ldconfig.real: File /usr/lib/aarch64-linux-gnu/nvidia/libnvmedia.so is empty, not checked.
#10 647.5 /sbin/ldconfig.real: File /usr/lib/aarch64-linux-gnu/nvidia/libv4lconvert.so.0 is empty, not checked.
#10 647.5 /sbin/ldconfig.real: File /usr/lib/aarch64-linux-gnu/nvidia/libnvphsd.so is empty, not checked.
#10 647.5 /sbin/ldconfig.real: File /usr/lib/aarch64-linux-gnu/nvidia/libnvdsbufferpool.so is empty, not checked.
#10 647.5 /sbin/ldconfig.real: File /usr/lib/aarch64-linux-gnu/nvidia/libGLX_nvidia.so.0 is empty, not checked.
#10 647.5 /sbin/ldconfig.real: File /usr/lib/aarch64-linux-gnu/nvidia/libnvscisync.so is empty, not checked.
#10 647.5 /sbin/ldconfig.real: File /usr/lib/aarch64-linux-gnu/nvidia/libnvplayfair.so is empty, not checked.
#10 647.5 /sbin/ldconfig.real: File /usr/lib/aarch64-linux-gnu/nvidia/libnvscisync.so.1 is empty, not checked.
#10 647.5 /sbin/ldconfig.real: File /usr/lib/aarch64-linux-gnu/nvidia/libnvgov_graphics.so is empty, not checked.
#10 647.5 /sbin/ldconfig.real: File /usr/lib/aarch64-linux-gnu/nvidia/libnvomx.so is empty, not checked.
#10 647.5 /sbin/ldconfig.real: File /usr/lib/aarch64-linux-gnu/nvidia/libnvomxilclient.so is empty, not checked.
#10 647.5 /sbin/ldconfig.real: File /usr/lib/aarch64-linux-gnu/nvidia/libv4l2_nvvideocodec.so is empty, not checked.
#10 647.5 /sbin/ldconfig.real: File /usr/lib/aarch64-linux-gnu/nvidia/libnvcapture.so is empty, not checked.
#10 647.5 /sbin/ldconfig.real: File /usr/lib/aarch64-linux-gnu/nvidia/libnvidia-egl-gbm.so.1 is empty, not checked.
#10 647.5 /sbin/ldconfig.real: File /usr/lib/aarch64-linux-gnu/nvidia/libnvcuvidv4l2.so is empty, not checked.
#10 647.5 /sbin/ldconfig.real: File /usr/lib/aarch64-linux-gnu/nvidia/libnvfnet.so is empty, not checked.
#10 647.5 /sbin/ldconfig.real: File /usr/lib/aarch64-linux-gnu/nvidia/libnvphs.so is empty, not checked.
#10 647.5 /sbin/ldconfig.real: File /usr/lib/aarch64-linux-gnu/nvidia/libnvoggopus.so is empty, not checked.
#10 647.5 /sbin/ldconfig.real: File /usr/lib/aarch64-linux-gnu/nvidia/libnvmmlite_utils.so is empty, not checked.
#10 647.5 /sbin/ldconfig.real: File /usr/lib/aarch64-linux-gnu/nvidia/libnvidia-vksc-core.so.1 is empty, not checked.
#10 647.5 /sbin/ldconfig.real: File /usr/lib/aarch64-linux-gnu/nvidia/libnvcolorutil.so is empty, not checked.
#10 647.5 /sbin/ldconfig.real: File /usr/lib/aarch64-linux-gnu/nvidia/libnvos.so is empty, not checked.
#10 647.5 /sbin/ldconfig.real: File /usr/lib/aarch64-linux-gnu/nvidia/libnvtvmr_2d.so is empty, not checked.
#10 647.5 /sbin/ldconfig.real: File /usr/lib/aarch64-linux-gnu/nvidia/libnvrm_surface.so is empty, not checked.
#10 647.5 /sbin/ldconfig.real: File /usr/lib/aarch64-linux-gnu/nvidia/libnvtvmr.so is empty, not checked.
#10 647.5 /sbin/ldconfig.real: File /usr/lib/aarch64-linux-gnu/nvidia/libnvidia-ptxjitcompiler.so.1 is empty, not checked.
#10 647.5 /sbin/ldconfig.real: File /usr/lib/aarch64-linux-gnu/nvidia/libVkSCLayer_khronos_validation.so is empty, not checked.
#10 647.5 /sbin/ldconfig.real: File /usr/lib/aarch64-linux-gnu/nvidia/weston/libilmInput.so.2.2.0 is empty, not checked.
#10 647.5 /sbin/ldconfig.real: File /usr/lib/aarch64-linux-gnu/nvidia/weston/libilmControl.so.2.2.0 is empty, not checked.
#10 647.5 /sbin/ldconfig.real: File /usr/lib/aarch64-linux-gnu/nvidia/weston/libweston-6.so.0 is empty, not checked.
#10 647.5 /sbin/ldconfig.real: File /usr/lib/aarch64-linux-gnu/nvidia/weston/libilmCommon.so.2.2.0 is empty, not checked.
#10 647.5 /sbin/ldconfig.real: File /usr/lib/aarch64-linux-gnu/nvidia/weston/libilmClient.so.2.2.0 is empty, not checked.
#10 647.5 /sbin/ldconfig.real: File /usr/lib/aarch64-linux-gnu/nvidia/weston/libweston-desktop-6.so.0 is empty, not checked.
#10 647.5 /sbin/ldconfig.real: File /usr/lib/aarch64-linux-gnu/gstreamer-1.0/libgstnvvideosink.so is empty, not checked.
#10 647.5 /sbin/ldconfig.real: File /usr/lib/aarch64-linux-gnu/gstreamer-1.0/libgstnveglstreamsrc.so is empty, not checked.
#10 647.5 /sbin/ldconfig.real: File /usr/lib/aarch64-linux-gnu/gstreamer-1.0/libgstnvarguscamerasrc.so is empty, not checked.
#10 647.5 /sbin/ldconfig.real: File /usr/lib/aarch64-linux-gnu/gstreamer-1.0/libgstnvvideosinks.so is empty, not checked.
#10 647.5 /sbin/ldconfig.real: File /usr/lib/aarch64-linux-gnu/gstreamer-1.0/libgstnveglglessink.so is empty, not checked.
#10 647.5 /sbin/ldconfig.real: File /usr/lib/aarch64-linux-gnu/gstreamer-1.0/libgstnvegltransform.so is empty, not checked.
#10 647.5 /sbin/ldconfig.real: File /usr/lib/aarch64-linux-gnu/gstreamer-1.0/libgstnvdrmvideosink.so is empty, not checked.
#10 647.5 /sbin/ldconfig.real: File /usr/lib/aarch64-linux-gnu/gstreamer-1.0/libgstnvvidconv.so is empty, not checked.
#10 647.5 /sbin/ldconfig.real: File /usr/lib/aarch64-linux-gnu/gstreamer-1.0/libgstnvcompositor.so is empty, not checked.
#10 647.5 /sbin/ldconfig.real: File /usr/lib/aarch64-linux-gnu/gstreamer-1.0/libgstnvvideo4linux2.so is empty, not checked.
#10 647.5 /sbin/ldconfig.real: File /usr/lib/aarch64-linux-gnu/gstreamer-1.0/libgstnvtee.so is empty, not checked.
#10 647.5 /sbin/ldconfig.real: File /usr/lib/aarch64-linux-gnu/gstreamer-1.0/libgstnvv4l2camerasrc.so is empty, not checked.
#10 647.5 /sbin/ldconfig.real: File /usr/lib/aarch64-linux-gnu/gstreamer-1.0/libgstnvjpeg.so is empty, not checked.
#10 647.5 /sbin/ldconfig.real: File /usr/lib/aarch64-linux-gnu/gstreamer-1.0/libgstnvivafilter.so is empty, not checked.
#10 647.5 /sbin/ldconfig.real: File /usr/lib/aarch64-linux-gnu/tegra-egl/libGLESv1_CM_nvidia.so.1 is empty, not checked.
#10 647.5 /sbin/ldconfig.real: File /usr/lib/aarch64-linux-gnu/tegra-egl/ld.so.conf is empty, not checked.
#10 647.5 /sbin/ldconfig.real: File /usr/lib/aarch64-linux-gnu/tegra-egl/libGLESv2_nvidia.so.2 is empty, not checked.
#10 647.5 /sbin/ldconfig.real: File /usr/lib/aarch64-linux-gnu/tegra-egl/libEGL_nvidia.so.0 is empty, not checked.
#10 647.8 Setting up libxdmcp-dev:arm64 (1:1.1.3-0ubuntu5) ...
#10 647.9 Setting up glib-networking:arm64 (2.72.0-1) ...
#10 648.0 Setting up libxcb1-dev:arm64 (1.14-3ubuntu3) ...
#10 648.3 Setting up libsoup2.4-1:arm64 (2.74.2-3ubuntu0.6) ...
#10 648.4 Setting up libx11-dev:arm64 (2:1.7.5-1ubuntu0.3) ...
#10 648.5 Setting up geoclue-2.0 (2.5.7-3ubuntu3) ...
#10 649.1 Setting up libxt-dev:arm64 (1:1.2.1-1) ...
#10 649.1 Setting up libxext-dev:arm64 (2:1.3.4-1build1) ...
#10 649.2 Setting up libglx-dev:arm64 (1.4.0-1) ...
#10 649.3 Setting up libxrender-dev:arm64 (1:0.9.10-1build4) ...
#10 649.3 Setting up libgl-dev:arm64 (1.4.0-1) ...
#10 649.4 Setting up libxft-dev:arm64 (2.3.4-1) ...
#10 649.5 Setting up libegl-dev:arm64 (1.4.0-1) ...
#10 649.5 Setting up libxss-dev:arm64 (1:1.2.3-1build2) ...
#10 649.6 Setting up libglu1-mesa-dev:arm64 (9.0.2-1) ...
#10 649.7 Setting up tk8.6-dev:arm64 (8.6.12-1build1) ...
#10 649.7 Setting up qtbase5-dev:arm64 (5.15.3+dfsg-2ubuntu0.2) ...
#10 649.8 Setting up qtdeclarative5-dev:arm64 (5.15.3+dfsg-1) ...
#10 649.8 Setting up libgles-dev:arm64 (1.4.0-1) ...
#10 649.9 Setting up libqt5opengl5-dev:arm64 (5.15.3+dfsg-2ubuntu0.2) ...
#10 650.0 Setting up libglvnd-dev:arm64 (1.4.0-1) ...
#10 650.0 Setting up libqt5webkit5-dev:arm64 (5.212.0~alpha4-15ubuntu1) ...
#10 650.1 Setting up libglew-dev:arm64 (2.2.0-4) ...
#10 650.2 Setting up tk-dev:arm64 (8.6.11+1build2) ...
#10 650.2 Setting up qttools5-dev:arm64 (5.15.3-1) ...
#10 650.3 Setting up libgl1-mesa-dev:arm64 (23.2.1-1ubuntu3.1~22.04.3) ...
#10 650.4 Setting up qttools5-private-dev:arm64 (5.15.3-1) ...
#10 650.4 Setting up libvtk9-dev (9.1.0+really9.1.0+dfsg2-3build1) ...
#10 650.5 Setting up libvtk9-qt-dev:arm64 (9.1.0+really9.1.0+dfsg2-3build1) ...
#10 650.6 Setting up libpcl-dev (1.12.1+dfsg-3build1) ...
#10 650.7 Setting up ros-humble-pcl-conversions (2.4.5-2jammy.20251229.060905) ...
#10 650.7 Setting up ros-humble-pcl-ros (2.4.5-2jammy.20251229.105850) ...
#10 650.8 Processing triggers for libc-bin (2.35-0ubuntu3.4) ...
#10 650.9 /sbin/ldconfig.real: File /lib/aarch64-linux-gnu/libgstnvegl-1.0.so.0 is empty, not checked.
#10 650.9 /sbin/ldconfig.real: File /lib/aarch64-linux-gnu/libv4l2.so.0.0.999999 is empty, not checked.
#10 650.9 /sbin/ldconfig.real: File /lib/aarch64-linux-gnu/libcuda.so is empty, not checked.
#10 650.9 /sbin/ldconfig.real: File /lib/aarch64-linux-gnu/libnvcudla.so is empty, not checked.
#10 650.9 /sbin/ldconfig.real: File /lib/aarch64-linux-gnu/libgstnvivameta.so is empty, not checked.
#10 650.9 /sbin/ldconfig.real: File /lib/aarch64-linux-gnu/libgstnvexifmeta.so is empty, not checked.
#10 650.9 /sbin/ldconfig.real: File /lib/aarch64-linux-gnu/libv4l2.so.0 is empty, not checked.
#10 650.9 /sbin/ldconfig.real: File /lib/aarch64-linux-gnu/libv4lconvert.so.0.0.999999 is empty, not checked.
#10 650.9 /sbin/ldconfig.real: File /lib/aarch64-linux-gnu/libnvcucompat.so is empty, not checked.
#10 650.9 /sbin/ldconfig.real: File /lib/aarch64-linux-gnu/libnvsample_cudaprocess.so is empty, not checked.
#10 650.9 /sbin/ldconfig.real: File /lib/aarch64-linux-gnu/libv4lconvert.so.0 is empty, not checked.
#10 650.9 /sbin/ldconfig.real: File /usr/lib/aarch64-linux-gnu/nvidia/libnvidia-vksc-core.so is empty, not checked.
#10 650.9 /sbin/ldconfig.real: File /usr/lib/aarch64-linux-gnu/nvidia/libnvmmlite.so is empty, not checked.
#10 650.9 /sbin/ldconfig.real: File /usr/lib/aarch64-linux-gnu/nvidia/libnvmedia_dla.so is empty, not checked.
#10 650.9 /sbin/ldconfig.real: File /usr/lib/aarch64-linux-gnu/nvidia/libgstnvcustomhelper.so is empty, not checked.
#10 650.9 /sbin/ldconfig.real: File /usr/lib/aarch64-linux-gnu/nvidia/libnvidia-egl-gbm.so.1.1.0 is empty, not checked.
#10 650.9 /sbin/ldconfig.real: File /usr/lib/aarch64-linux-gnu/nvidia/libvulkansc.so.1.0.10 is empty, not checked.
#10 650.9 /sbin/ldconfig.real: File /usr/lib/aarch64-linux-gnu/nvidia/libnvmedia_isp_ext.so is empty, not checked.
#10 650.9 /sbin/ldconfig.real: File /usr/lib/aarch64-linux-gnu/nvidia/libnvargus.so is empty, not checked.
#10 650.9 /sbin/ldconfig.real: File /usr/lib/aarch64-linux-gnu/nvidia/libnvmedia_iep_sci.so is empty, not checked.
#10 650.9 /sbin/ldconfig.real: File /usr/lib/aarch64-linux-gnu/nvidia/libnvgov_generic.so is empty, not checked.
#10 650.9 /sbin/ldconfig.real: File /usr/lib/aarch64-linux-gnu/nvidia/libnvdc.so is empty, not checked.
#10 650.9 /sbin/ldconfig.real: File /usr/lib/aarch64-linux-gnu/nvidia/libnvvideo.so is empty, not checked.
#10 650.9 /sbin/ldconfig.real: File /usr/lib/aarch64-linux-gnu/nvidia/libnvrm_host1x.so is empty, not checked.
#10 650.9 /sbin/ldconfig.real: File /usr/lib/aarch64-linux-gnu/nvidia/libnvidia-kms.so is empty, not checked.
#10 650.9 /sbin/ldconfig.real: File /usr/lib/aarch64-linux-gnu/nvidia/libnvsciipc.so is empty, not checked.
#10 650.9 /sbin/ldconfig.real: File /usr/lib/aarch64-linux-gnu/nvidia/libnvfusacap.so is empty, not checked.
#10 650.9 /sbin/ldconfig.real: File /usr/lib/aarch64-linux-gnu/nvidia/libnvmedia_ijpe_sci.so is empty, not checked.
#10 650.9 /sbin/ldconfig.real: File /usr/lib/aarch64-linux-gnu/nvidia/libnvbufsurface.so.1.0.0 is empty, not checked.
#10 650.9 /sbin/ldconfig.real: File /usr/lib/aarch64-linux-gnu/nvidia/libnvbuf_fdmap.so.1.0.0 is empty, not checked.
#10 650.9 /sbin/ldconfig.real: File /usr/lib/aarch64-linux-gnu/nvidia/libnvfusacapinterface.so is empty, not checked.
#10 650.9 /sbin/ldconfig.real: File /usr/lib/aarch64-linux-gnu/nvidia/libnvgov_spincircle.so is empty, not checked.
#10 650.9 /sbin/ldconfig.real: File /usr/lib/aarch64-linux-gnu/nvidia/libnvmedia_ijpd_sci.so is empty, not checked.
#10 650.9 /sbin/ldconfig.real: File /usr/lib/aarch64-linux-gnu/nvidia/libgstnvdsseimeta.so.1.0.0 is empty, not checked.
#10 650.9 /sbin/ldconfig.real: File /usr/lib/aarch64-linux-gnu/nvidia/libtegrawfd.so is empty, not checked.
#10 650.9 /sbin/ldconfig.real: File /usr/lib/aarch64-linux-gnu/nvidia/libnvcamerautils.so is empty, not checked.
#10 650.9 /sbin/ldconfig.real: File /usr/lib/aarch64-linux-gnu/nvidia/libnvargus_socketserver.so is empty, not checked.
#10 650.9 /sbin/ldconfig.real: File /usr/lib/aarch64-linux-gnu/nvidia/libnvidia-egl-wayland.so.1.1.11 is empty, not checked.
#10 650.9 /sbin/ldconfig.real: File /usr/lib/aarch64-linux-gnu/nvidia/libtegrav4l2.so is empty, not checked.
#10 650.9 /sbin/ldconfig.real: File /usr/lib/aarch64-linux-gnu/nvidia/libnvgov_force.so is empty, not checked.
#10 650.9 /sbin/ldconfig.real: File /usr/lib/aarch64-linux-gnu/nvidia/libnvmedia_ide_sci.so is empty, not checked.
#10 650.9 /sbin/ldconfig.real: File /usr/lib/aarch64-linux-gnu/nvidia/libnvidia-allocator.so is empty, not checked.
#10 650.9 /sbin/ldconfig.real: File /usr/lib/aarch64-linux-gnu/nvidia/libgstnvcustomhelper.so.1.0.0 is empty, not checked.
#10 650.9 /sbin/ldconfig.real: File /usr/lib/aarch64-linux-gnu/nvidia/libv4l2_nvargus.so is empty, not checked.
#10 650.9 /sbin/ldconfig.real: File /usr/lib/aarch64-linux-gnu/nvidia/libnvmedia_2d.so is empty, not checked.
#10 650.9 /sbin/ldconfig.real: File /usr/lib/aarch64-linux-gnu/nvidia/libcuda.so.1.1 is empty, not checked.
#10 650.9 /sbin/ldconfig.real: File /usr/lib/aarch64-linux-gnu/nvidia/libnvscf.so is empty, not checked.
#10 650.9 /sbin/ldconfig.real: File /usr/lib/aarch64-linux-gnu/nvidia/libsensors.l4t.no_fusion.nvs.so is empty, not checked.
#10 650.9 /sbin/ldconfig.real: File /usr/lib/aarch64-linux-gnu/nvidia/libnvidia-vksc-core.so.540.2.0 is empty, not checked.
#10 650.9 /sbin/ldconfig.real: File /usr/lib/aarch64-linux-gnu/nvidia/libnvvideoencode_ppe.so is empty, not checked.
#10 650.9 /sbin/ldconfig.real: File /usr/lib/aarch64-linux-gnu/nvidia/libnveglstreamproducer.so is empty, not checked.
#10 650.9 /sbin/ldconfig.real: File /usr/lib/aarch64-linux-gnu/nvidia/libcuda.so is empty, not checked.
#10 650.9 /sbin/ldconfig.real: File /usr/lib/aarch64-linux-gnu/nvidia/libnvcudla.so is empty, not checked.
#10 650.9 /sbin/ldconfig.real: File /usr/lib/aarch64-linux-gnu/nvidia/ld.so.conf is empty, not checked.
#10 650.9 /sbin/ldconfig.real: File /usr/lib/aarch64-linux-gnu/nvidia/libnvscistream.so is empty, not checked.
#10 650.9 /sbin/ldconfig.real: File /usr/lib/aarch64-linux-gnu/nvidia/libcuda.so.1 is empty, not checked.
#10 650.9 /sbin/ldconfig.real: File /usr/lib/aarch64-linux-gnu/nvidia/libnvcamlog.so is empty, not checked.
#10 650.9 /sbin/ldconfig.real: File /usr/lib/aarch64-linux-gnu/nvidia/libvulkansc.so is empty, not checked.
#10 650.9 /sbin/ldconfig.real: File /usr/lib/aarch64-linux-gnu/nvidia/libnvidia-glcore.so.540.2.0 is empty, not checked.
#10 650.9 /sbin/ldconfig.real: File /usr/lib/aarch64-linux-gnu/nvidia/libnvidia-glsi.so.540.2.0 is empty, not checked.
#10 650.9 /sbin/ldconfig.real: File /usr/lib/aarch64-linux-gnu/nvidia/libsensors_hal.nvs.so is empty, not checked.
#10 650.9 /sbin/ldconfig.real: File /usr/lib/aarch64-linux-gnu/nvidia/libnvtegrahv.so is empty, not checked.
#10 650.9 /sbin/ldconfig.real: File /usr/lib/aarch64-linux-gnu/nvidia/libnvddk_vic.so is empty, not checked.
#10 650.9 /sbin/ldconfig.real: File /usr/lib/aarch64-linux-gnu/nvidia/libnvparser.so is empty, not checked.
#10 650.9 /sbin/ldconfig.real: File /usr/lib/aarch64-linux-gnu/nvidia/libnvvic.so is empty, not checked.
#10 650.9 /sbin/ldconfig.real: File /usr/lib/aarch64-linux-gnu/nvidia/libnvmm_contentpipe.so is empty, not checked.
#10 650.9 /sbin/ldconfig.real: File /usr/lib/aarch64-linux-gnu/nvidia/libnvargus_socketclient.so is empty, not checked.
#10 650.9 /sbin/ldconfig.real: File /usr/lib/aarch64-linux-gnu/nvidia/libnvpva_algorithms.so is empty, not checked.
#10 650.9 /sbin/ldconfig.real: File /usr/lib/aarch64-linux-gnu/nvidia/libnvcam_imageencoder.so is empty, not checked.
#10 650.9 /sbin/ldconfig.real: File /usr/lib/aarch64-linux-gnu/nvidia/libjetsonpower.so is empty, not checked.
#10 650.9 /sbin/ldconfig.real: File /usr/lib/aarch64-linux-gnu/nvidia/libnvbufsurftransform.so is empty, not checked.
#10 650.9 /sbin/ldconfig.real: File /usr/lib/aarch64-linux-gnu/nvidia/libnvidia-egl-wayland.so.1 is empty, not checked.
#10 650.9 /sbin/ldconfig.real: File /usr/lib/aarch64-linux-gnu/nvidia/libnvgov_boot.so is empty, not checked.
#10 650.9 /sbin/ldconfig.real: File /usr/lib/aarch64-linux-gnu/nvidia/libnvodm_imager.so is empty, not checked.
#10 650.9 /sbin/ldconfig.real: File /usr/lib/aarch64-linux-gnu/nvidia/libnvdla_runtime.so is empty, not checked.
#10 650.9 /sbin/ldconfig.real: File /usr/lib/aarch64-linux-gnu/nvidia/libnvmmlite_video.so is empty, not checked.
#10 650.9 /sbin/ldconfig.real: File /usr/lib/aarch64-linux-gnu/nvidia/libnvpva.so is empty, not checked.
#10 650.9 /sbin/ldconfig.real: File /usr/lib/aarch64-linux-gnu/nvidia/libnvddk_2d_v2.so is empty, not checked.
#10 650.9 /sbin/ldconfig.real: File /usr/lib/aarch64-linux-gnu/nvidia/libnvimp.so is empty, not checked.
#10 650.9 /sbin/ldconfig.real: File /usr/lib/aarch64-linux-gnu/nvidia/libnvmedia_iofa_sci.so is empty, not checked.
#10 650.9 /sbin/ldconfig.real: File /usr/lib/aarch64-linux-gnu/nvidia/libnvmmlite_image.so is empty, not checked.
#10 650.9 /sbin/ldconfig.real: File /usr/lib/aarch64-linux-gnu/nvidia/libnvtracebuf.so is empty, not checked.
#10 650.9 /sbin/ldconfig.real: File /usr/lib/aarch64-linux-gnu/nvidia/libGLX_indirect.so.0 is empty, not checked.
#10 650.9 /sbin/ldconfig.real: File /usr/lib/aarch64-linux-gnu/nvidia/libnvrm_chip.so is empty, not checked.
#10 650.9 /sbin/ldconfig.real: File /usr/lib/aarch64-linux-gnu/nvidia/libnvidia-nvvm.so.540.2.0 is empty, not checked.
#10 650.9 /sbin/ldconfig.real: File /usr/lib/aarch64-linux-gnu/nvidia/libnvgov_ui.so is empty, not checked.
#10 650.9 /sbin/ldconfig.real: File /usr/lib/aarch64-linux-gnu/nvidia/libnvmedialdc.so is empty, not checked.
#10 650.9 /sbin/ldconfig.real: File /usr/lib/aarch64-linux-gnu/nvidia/libnvmedia_eglstream.so is empty, not checked.
#10 650.9 /sbin/ldconfig.real: File /usr/lib/aarch64-linux-gnu/nvidia/libnvisp_utils.so is empty, not checked.
#10 650.9 /sbin/ldconfig.real: File /usr/lib/aarch64-linux-gnu/nvidia/libnvisppg.so is empty, not checked.
#10 650.9 /sbin/ldconfig.real: File /usr/lib/aarch64-linux-gnu/nvidia/libnvid_mapper.so.1.0.0 is empty, not checked.
#10 650.9 /sbin/ldconfig.real: File /usr/lib/aarch64-linux-gnu/nvidia/libnvcamv4l2.so is empty, not checked.
#10 650.9 /sbin/ldconfig.real: File /usr/lib/aarch64-linux-gnu/nvidia/libnvdsbufferpool.so.1.0.0 is empty, not checked.
#10 650.9 /sbin/ldconfig.real: File /usr/lib/aarch64-linux-gnu/nvidia/libnvscibuf.so is empty, not checked.
#10 650.9 /sbin/ldconfig.real: File /usr/lib/aarch64-linux-gnu/nvidia/libnvidia-allocator.so.1 is empty, not checked.
#10 650.9 /sbin/ldconfig.real: File /usr/lib/aarch64-linux-gnu/nvidia/libnvscievent.so is empty, not checked.
#10 650.9 /sbin/ldconfig.real: File /usr/lib/aarch64-linux-gnu/nvidia/libnvmm_utils.so is empty, not checked.
#10 650.9 /sbin/ldconfig.real: File /usr/lib/aarch64-linux-gnu/nvidia/libnvosd.so is empty, not checked.
#10 650.9 /sbin/ldconfig.real: File /usr/lib/aarch64-linux-gnu/nvidia/libnvscibuf.so.1 is empty, not checked.
#10 650.9 /sbin/ldconfig.real: File /usr/lib/aarch64-linux-gnu/nvidia/libVkLayer_json_gen.so is empty, not checked.
#10 650.9 /sbin/ldconfig.real: File /usr/lib/aarch64-linux-gnu/nvidia/libnvidia-gpucomp.so.540.2.0 is empty, not checked.
#10 650.9 /sbin/ldconfig.real: File /usr/lib/aarch64-linux-gnu/nvidia/libnvrm_gpu.so is empty, not checked.
#10 650.9 /sbin/ldconfig.real: File /usr/lib/aarch64-linux-gnu/nvidia/libnvmedia_ide_parser.so is empty, not checked.
#10 650.9 /sbin/ldconfig.real: File /usr/lib/aarch64-linux-gnu/nvidia/libnvexif.so is empty, not checked.
#10 650.9 /sbin/ldconfig.real: File /usr/lib/aarch64-linux-gnu/nvidia/libnvidia-tls.so.540.2.0 is empty, not checked.
#10 650.9 /sbin/ldconfig.real: File /usr/lib/aarch64-linux-gnu/nvidia/libnvofsdk.so is empty, not checked.
#10 650.9 /sbin/ldconfig.real: File /usr/lib/aarch64-linux-gnu/nvidia/libnvbufsurface.so is empty, not checked.
#10 650.9 /sbin/ldconfig.real: File /usr/lib/aarch64-linux-gnu/nvidia/libv4l2.so.0 is empty, not checked.
#10 650.9 /sbin/ldconfig.real: File /usr/lib/aarch64-linux-gnu/nvidia/libnvmedia2d.so is empty, not checked.
#10 650.9 /sbin/ldconfig.real: File /usr/lib/aarch64-linux-gnu/nvidia/libdrm.so.2 is empty, not checked.
#10 650.9 /sbin/ldconfig.real: File /usr/lib/aarch64-linux-gnu/nvidia/libnvisp.so is empty, not checked.
#10 650.9 /sbin/ldconfig.real: File /usr/lib/aarch64-linux-gnu/nvidia/libnvcameratools.so is empty, not checked.
#10 650.9 /sbin/ldconfig.real: File /usr/lib/aarch64-linux-gnu/nvidia/libnvrm_mem.so is empty, not checked.
#10 650.9 /sbin/ldconfig.real: File /usr/lib/aarch64-linux-gnu/nvidia/libnvgov_gpucompute.so is empty, not checked.
#10 650.9 /sbin/ldconfig.real: File /usr/lib/aarch64-linux-gnu/nvidia/libnvgov_il.so is empty, not checked.
#10 650.9 /sbin/ldconfig.real: File /usr/lib/aarch64-linux-gnu/nvidia/libnvgov_camera.so is empty, not checked.
#10 650.9 /sbin/ldconfig.real: File /usr/lib/aarch64-linux-gnu/nvidia/libnvsocsys.so is empty, not checked.
#10 650.9 /sbin/ldconfig.real: File /usr/lib/aarch64-linux-gnu/nvidia/libnvdecode2eglimage.so is empty, not checked.
#10 650.9 /sbin/ldconfig.real: File /usr/lib/aarch64-linux-gnu/nvidia/libnvpvaintf.so is empty, not checked.
#10 650.9 /sbin/ldconfig.real: File /usr/lib/aarch64-linux-gnu/nvidia/libnvmm_parser.so is empty, not checked.
#10 650.9 /sbin/ldconfig.real: File /usr/lib/aarch64-linux-gnu/nvidia/libnvidia-rmapi-tegra.so.540.2.0 is empty, not checked.
#10 650.9 /sbin/ldconfig.real: File /usr/lib/aarch64-linux-gnu/nvidia/libnvv4l2.so is empty, not checked.
#10 650.9 /sbin/ldconfig.real: File /usr/lib/aarch64-linux-gnu/nvidia/libnvv4lconvert.so is empty, not checked.
#10 650.9 /sbin/ldconfig.real: File /usr/lib/aarch64-linux-gnu/nvidia/libnvidia-ptxjitcompiler.so.540.2.0 is empty, not checked.
#10 650.9 /sbin/ldconfig.real: File /usr/lib/aarch64-linux-gnu/nvidia/libnvpvaumd.so is empty, not checked.
#10 650.9 /sbin/ldconfig.real: File /usr/lib/aarch64-linux-gnu/nvidia/libnvfnetstoredefog.so is empty, not checked.
#10 650.9 /sbin/ldconfig.real: File /usr/lib/aarch64-linux-gnu/nvidia/libnvscistream.so.1 is empty, not checked.
#10 650.9 /sbin/ldconfig.real: File /usr/lib/aarch64-linux-gnu/nvidia/libnvidia-kms.so.540.2.0 is empty, not checked.
#10 650.9 /sbin/ldconfig.real: File /usr/lib/aarch64-linux-gnu/nvidia/libnvmedia_tensor.so is empty, not checked.
#10 650.9 /sbin/ldconfig.real: File /usr/lib/aarch64-linux-gnu/nvidia/libnvidia-nvvm.so.4 is empty, not checked.
#10 650.9 /sbin/ldconfig.real: File /usr/lib/aarch64-linux-gnu/nvidia/libnvscicommon.so.1 is empty, not checked.
#10 650.9 /sbin/ldconfig.real: File /usr/lib/aarch64-linux-gnu/nvidia/libnvidia-ml.so.1 is empty, not checked.
#10 650.9 /sbin/ldconfig.real: File /usr/lib/aarch64-linux-gnu/nvidia/libnvrm_sync.so is empty, not checked.
#10 650.9 /sbin/ldconfig.real: File /usr/lib/aarch64-linux-gnu/nvidia/libnvcucompat.so is empty, not checked.
#10 650.9 /sbin/ldconfig.real: File /usr/lib/aarch64-linux-gnu/nvidia/libnvdla_compiler.so is empty, not checked.
#10 650.9 /sbin/ldconfig.real: File /usr/lib/aarch64-linux-gnu/nvidia/libnvidia-eglcore.so.540.2.0 is empty, not checked.
#10 650.9 /sbin/ldconfig.real: File /usr/lib/aarch64-linux-gnu/nvidia/libnvll.so is empty, not checked.
#10 650.9 /sbin/ldconfig.real: File /usr/lib/aarch64-linux-gnu/nvidia/libvulkansc.so.1 is empty, not checked.
#10 650.9 /sbin/ldconfig.real: File /usr/lib/aarch64-linux-gnu/nvidia/libsensors.hal-client.nvs.so is empty, not checked.
#10 650.9 /sbin/ldconfig.real: File /usr/lib/aarch64-linux-gnu/nvidia/libnvidia-rtcore.so.540.2.0 is empty, not checked.
#10 650.9 /sbin/ldconfig.real: File /usr/lib/aarch64-linux-gnu/nvidia/libnveventlib.so is empty, not checked.
#10 650.9 /sbin/ldconfig.real: File /usr/lib/aarch64-linux-gnu/nvidia/libnvgov_tbc.so is empty, not checked.
#10 650.9 /sbin/ldconfig.real: File /usr/lib/aarch64-linux-gnu/nvidia/libnvjpeg.so is empty, not checked.
#10 650.9 /sbin/ldconfig.real: File /usr/lib/aarch64-linux-gnu/nvidia/libnvscicommon.so is empty, not checked.
#10 650.9 /sbin/ldconfig.real: File /usr/lib/aarch64-linux-gnu/nvidia/libnvid_mapper.so is empty, not checked.
#10 650.9 /sbin/ldconfig.real: File /usr/lib/aarch64-linux-gnu/nvidia/libnvidia-glvkspirv.so.540.2.0 is empty, not checked.
#10 650.9 /sbin/ldconfig.real: File /usr/lib/aarch64-linux-gnu/nvidia/libv4l2_nvcuvidvideocodec.so is empty, not checked.
#10 650.9 /sbin/ldconfig.real: File /usr/lib/aarch64-linux-gnu/nvidia/libnvfnetstorehdfx.so is empty, not checked.
#10 650.9 /sbin/ldconfig.real: File /usr/lib/aarch64-linux-gnu/nvidia/libnvbufsurftransform.so.1.0.0 is empty, not checked.
#10 650.9 /sbin/ldconfig.real: File /usr/lib/aarch64-linux-gnu/nvidia/libnvrm_stream.so is empty, not checked.
#10 650.9 /sbin/ldconfig.real: File /usr/lib/aarch64-linux-gnu/nvidia/libnvmm.so is empty, not checked.
#10 650.9 /sbin/ldconfig.real: File /usr/lib/aarch64-linux-gnu/nvidia/libnvmedia.so is empty, not checked.
#10 650.9 /sbin/ldconfig.real: File /usr/lib/aarch64-linux-gnu/nvidia/libv4lconvert.so.0 is empty, not checked.
#10 650.9 /sbin/ldconfig.real: File /usr/lib/aarch64-linux-gnu/nvidia/libnvphsd.so is empty, not checked.
#10 650.9 /sbin/ldconfig.real: File /usr/lib/aarch64-linux-gnu/nvidia/libnvdsbufferpool.so is empty, not checked.
#10 650.9 /sbin/ldconfig.real: File /usr/lib/aarch64-linux-gnu/nvidia/libGLX_nvidia.so.0 is empty, not checked.
#10 650.9 /sbin/ldconfig.real: File /usr/lib/aarch64-linux-gnu/nvidia/libnvscisync.so is empty, not checked.
#10 650.9 /sbin/ldconfig.real: File /usr/lib/aarch64-linux-gnu/nvidia/libnvplayfair.so is empty, not checked.
#10 650.9 /sbin/ldconfig.real: File /usr/lib/aarch64-linux-gnu/nvidia/libnvscisync.so.1 is empty, not checked.
#10 650.9 /sbin/ldconfig.real: File /usr/lib/aarch64-linux-gnu/nvidia/libnvgov_graphics.so is empty, not checked.
#10 650.9 /sbin/ldconfig.real: File /usr/lib/aarch64-linux-gnu/nvidia/libnvomx.so is empty, not checked.
#10 650.9 /sbin/ldconfig.real: File /usr/lib/aarch64-linux-gnu/nvidia/libnvomxilclient.so is empty, not checked.
#10 650.9 /sbin/ldconfig.real: File /usr/lib/aarch64-linux-gnu/nvidia/libv4l2_nvvideocodec.so is empty, not checked.
#10 650.9 /sbin/ldconfig.real: File /usr/lib/aarch64-linux-gnu/nvidia/libnvcapture.so is empty, not checked.
#10 650.9 /sbin/ldconfig.real: File /usr/lib/aarch64-linux-gnu/nvidia/libnvidia-egl-gbm.so.1 is empty, not checked.
#10 650.9 /sbin/ldconfig.real: File /usr/lib/aarch64-linux-gnu/nvidia/libnvcuvidv4l2.so is empty, not checked.
#10 650.9 /sbin/ldconfig.real: File /usr/lib/aarch64-linux-gnu/nvidia/libnvfnet.so is empty, not checked.
#10 650.9 /sbin/ldconfig.real: File /usr/lib/aarch64-linux-gnu/nvidia/libnvphs.so is empty, not checked.
#10 650.9 /sbin/ldconfig.real: File /usr/lib/aarch64-linux-gnu/nvidia/libnvoggopus.so is empty, not checked.
#10 650.9 /sbin/ldconfig.real: File /usr/lib/aarch64-linux-gnu/nvidia/libnvmmlite_utils.so is empty, not checked.
#10 650.9 /sbin/ldconfig.real: File /usr/lib/aarch64-linux-gnu/nvidia/libnvidia-vksc-core.so.1 is empty, not checked.
#10 650.9 /sbin/ldconfig.real: File /usr/lib/aarch64-linux-gnu/nvidia/libnvcolorutil.so is empty, not checked.
#10 650.9 /sbin/ldconfig.real: File /usr/lib/aarch64-linux-gnu/nvidia/libnvos.so is empty, not checked.
#10 650.9 /sbin/ldconfig.real: File /usr/lib/aarch64-linux-gnu/nvidia/libnvtvmr_2d.so is empty, not checked.
#10 650.9 /sbin/ldconfig.real: File /usr/lib/aarch64-linux-gnu/nvidia/libnvrm_surface.so is empty, not checked.
#10 650.9 /sbin/ldconfig.real: File /usr/lib/aarch64-linux-gnu/nvidia/libnvtvmr.so is empty, not checked.
#10 650.9 /sbin/ldconfig.real: File /usr/lib/aarch64-linux-gnu/nvidia/libnvidia-ptxjitcompiler.so.1 is empty, not checked.
#10 650.9 /sbin/ldconfig.real: File /usr/lib/aarch64-linux-gnu/nvidia/libVkSCLayer_khronos_validation.so is empty, not checked.
#10 650.9 /sbin/ldconfig.real: File /usr/lib/aarch64-linux-gnu/nvidia/weston/libilmInput.so.2.2.0 is empty, not checked.
#10 650.9 /sbin/ldconfig.real: File /usr/lib/aarch64-linux-gnu/nvidia/weston/libilmControl.so.2.2.0 is empty, not checked.
#10 650.9 /sbin/ldconfig.real: File /usr/lib/aarch64-linux-gnu/nvidia/weston/libweston-6.so.0 is empty, not checked.
#10 650.9 /sbin/ldconfig.real: File /usr/lib/aarch64-linux-gnu/nvidia/weston/libilmCommon.so.2.2.0 is empty, not checked.
#10 650.9 /sbin/ldconfig.real: File /usr/lib/aarch64-linux-gnu/nvidia/weston/libilmClient.so.2.2.0 is empty, not checked.
#10 650.9 /sbin/ldconfig.real: File /usr/lib/aarch64-linux-gnu/nvidia/weston/libweston-desktop-6.so.0 is empty, not checked.
#10 650.9 /sbin/ldconfig.real: File /usr/lib/aarch64-linux-gnu/gstreamer-1.0/libgstnvvideosink.so is empty, not checked.
#10 650.9 /sbin/ldconfig.real: File /usr/lib/aarch64-linux-gnu/gstreamer-1.0/libgstnveglstreamsrc.so is empty, not checked.
#10 650.9 /sbin/ldconfig.real: File /usr/lib/aarch64-linux-gnu/gstreamer-1.0/libgstnvarguscamerasrc.so is empty, not checked.
#10 650.9 /sbin/ldconfig.real: File /usr/lib/aarch64-linux-gnu/gstreamer-1.0/libgstnvvideosinks.so is empty, not checked.
#10 650.9 /sbin/ldconfig.real: File /usr/lib/aarch64-linux-gnu/gstreamer-1.0/libgstnveglglessink.so is empty, not checked.
#10 650.9 /sbin/ldconfig.real: File /usr/lib/aarch64-linux-gnu/gstreamer-1.0/libgstnvegltransform.so is empty, not checked.
#10 650.9 /sbin/ldconfig.real: File /usr/lib/aarch64-linux-gnu/gstreamer-1.0/libgstnvdrmvideosink.so is empty, not checked.
#10 650.9 /sbin/ldconfig.real: File /usr/lib/aarch64-linux-gnu/gstreamer-1.0/libgstnvvidconv.so is empty, not checked.
#10 650.9 /sbin/ldconfig.real: File /usr/lib/aarch64-linux-gnu/gstreamer-1.0/libgstnvcompositor.so is empty, not checked.
#10 650.9 /sbin/ldconfig.real: File /usr/lib/aarch64-linux-gnu/gstreamer-1.0/libgstnvvideo4linux2.so is empty, not checked.
#10 650.9 /sbin/ldconfig.real: File /usr/lib/aarch64-linux-gnu/gstreamer-1.0/libgstnvtee.so is empty, not checked.
#10 650.9 /sbin/ldconfig.real: File /usr/lib/aarch64-linux-gnu/gstreamer-1.0/libgstnvv4l2camerasrc.so is empty, not checked.
#10 650.9 /sbin/ldconfig.real: File /usr/lib/aarch64-linux-gnu/gstreamer-1.0/libgstnvjpeg.so is empty, not checked.
#10 650.9 /sbin/ldconfig.real: File /usr/lib/aarch64-linux-gnu/gstreamer-1.0/libgstnvivafilter.so is empty, not checked.
#10 650.9 /sbin/ldconfig.real: File /usr/lib/aarch64-linux-gnu/tegra-egl/libGLESv1_CM_nvidia.so.1 is empty, not checked.
#10 650.9 /sbin/ldconfig.real: File /usr/lib/aarch64-linux-gnu/tegra-egl/ld.so.conf is empty, not checked.
#10 650.9 /sbin/ldconfig.real: File /usr/lib/aarch64-linux-gnu/tegra-egl/libGLESv2_nvidia.so.2 is empty, not checked.
#10 650.9 /sbin/ldconfig.real: File /usr/lib/aarch64-linux-gnu/tegra-egl/libEGL_nvidia.so.0 is empty, not checked.
#10 651.0 Processing triggers for dbus (1.12.20-2ubuntu4.1) ...
#10 DONE 653.2s

#11 [ 7/15] RUN apt-get update && apt-get install -y     libatlas-base-dev     libeigen3-dev     libpcl-dev     libgoogle-glog-dev     libsuitesparse-dev     libglew-dev     && apt-get clean && rm -rf /var/lib/apt/lists/*
#11 2.028 Get:1 http://ports.ubuntu.com/ubuntu-ports jammy InRelease [270 kB]
#11 2.034 Get:2 http://packages.ros.org/ros2/ubuntu jammy InRelease [4,682 B]
#11 2.598 Get:3 http://packages.ros.org/ros2/ubuntu jammy/main arm64 Packages [1,698 kB]
#11 4.960 Get:4 http://ports.ubuntu.com/ubuntu-ports jammy-updates InRelease [128 kB]
#11 5.841 Get:5 http://ports.ubuntu.com/ubuntu-ports jammy-backports InRelease [127 kB]
#11 6.276 Get:6 http://ports.ubuntu.com/ubuntu-ports jammy-security InRelease [129 kB]
#11 7.632 Get:7 http://ports.ubuntu.com/ubuntu-ports jammy/restricted arm64 Packages [24.2 kB]
#11 7.637 Get:8 http://ports.ubuntu.com/ubuntu-ports jammy/main arm64 Packages [1,758 kB]
#11 8.873 Get:9 http://ports.ubuntu.com/ubuntu-ports jammy/universe arm64 Packages [17.2 MB]
#11 13.09 Get:10 http://ports.ubuntu.com/ubuntu-ports jammy/multiverse arm64 Packages [224 kB]
#11 13.36 Get:11 http://ports.ubuntu.com/ubuntu-ports jammy-updates/restricted arm64 Packages [6,078 kB]
#11 14.42 Get:12 http://ports.ubuntu.com/ubuntu-ports jammy-updates/universe arm64 Packages [1,633 kB]
#11 14.45 Get:13 http://ports.ubuntu.com/ubuntu-ports jammy-updates/main arm64 Packages [3,724 kB]
#11 16.38 Get:14 http://ports.ubuntu.com/ubuntu-ports jammy-updates/multiverse arm64 Packages [46.0 kB]
#11 16.38 Get:15 http://ports.ubuntu.com/ubuntu-ports jammy-backports/universe arm64 Packages [35.3 kB]
#11 16.38 Get:16 http://ports.ubuntu.com/ubuntu-ports jammy-backports/main arm64 Packages [83.5 kB]
#11 16.38 Get:17 http://ports.ubuntu.com/ubuntu-ports jammy-security/multiverse arm64 Packages [39.5 kB]
#11 16.39 Get:18 http://ports.ubuntu.com/ubuntu-ports jammy-security/restricted arm64 Packages [5,886 kB]
#11 17.27 Get:19 http://ports.ubuntu.com/ubuntu-ports jammy-security/universe arm64 Packages [1,330 kB]
#11 17.43 Get:20 http://ports.ubuntu.com/ubuntu-ports jammy-security/main arm64 Packages [3,407 kB]
#11 18.66 Fetched 43.8 MB in 17s (2,588 kB/s)
#11 18.66 Reading package lists...
#11 22.43 Reading package lists...
#11 26.05 Building dependency tree...
#11 27.55 Reading state information...
#11 29.66 libeigen3-dev is already the newest version (3.4.0-2ubuntu2).
#11 29.66 libglew-dev is already the newest version (2.2.0-4).
#11 29.66 libglew-dev set to manually installed.
#11 29.66 libpcl-dev is already the newest version (1.12.1+dfsg-3build1).
#11 29.66 libpcl-dev set to manually installed.
#11 29.66 The following additional packages will be installed:
#11 29.66   libamd2 libbtf1 libcamd2 libccolamd2 libcholmod3 libcolamd2 libcxsparse3
#11 29.66   libgflags-dev libgflags2.2 libgoogle-glog0v5 libgraphblas-dev libgraphblas6
#11 29.66   libklu1 libldl2 libmetis5 libmongoose2 librbio2 libsliplu1 libspqr2
#11 29.67   libsuitesparseconfig5 libumfpack5
#11 29.68 Suggested packages:
#11 29.68   libatlas-doc liblapack-doc
#11 30.02 The following NEW packages will be installed:
#11 30.02   libamd2 libatlas-base-dev libbtf1 libcamd2 libccolamd2 libcholmod3
#11 30.02   libcolamd2 libcxsparse3 libgflags-dev libgflags2.2 libgoogle-glog-dev
#11 30.02   libgoogle-glog0v5 libgraphblas-dev libgraphblas6 libklu1 libldl2 libmetis5
#11 30.02   libmongoose2 librbio2 libsliplu1 libspqr2 libsuitesparse-dev
#11 30.02   libsuitesparseconfig5 libumfpack5
#11 30.97 0 upgraded, 24 newly installed, 0 to remove and 177 not upgraded.
#11 30.97 Need to get 21.9 MB of archives.
#11 30.97 After this operation, 158 MB of additional disk space will be used.
#11 30.97 Get:1 http://ports.ubuntu.com/ubuntu-ports jammy/main arm64 libsuitesparseconfig5 arm64 1:5.10.1+dfsg-4build1 [10.2 kB]
#11 31.35 Get:2 http://ports.ubuntu.com/ubuntu-ports jammy/universe arm64 libamd2 arm64 1:5.10.1+dfsg-4build1 [19.7 kB]
#11 31.55 Get:3 http://ports.ubuntu.com/ubuntu-ports jammy/universe arm64 libatlas-base-dev arm64 3.10.3-12ubuntu1 [2,859 kB]
#11 34.08 Get:4 http://ports.ubuntu.com/ubuntu-ports jammy/universe arm64 libbtf1 arm64 1:5.10.1+dfsg-4build1 [11.6 kB]
#11 34.08 Get:5 http://ports.ubuntu.com/ubuntu-ports jammy/universe arm64 libcamd2 arm64 1:5.10.1+dfsg-4build1 [20.9 kB]
#11 34.08 Get:6 http://ports.ubuntu.com/ubuntu-ports jammy/universe arm64 libccolamd2 arm64 1:5.10.1+dfsg-4build1 [23.9 kB]
#11 34.09 Get:7 http://ports.ubuntu.com/ubuntu-ports jammy/main arm64 libcolamd2 arm64 1:5.10.1+dfsg-4build1 [17.4 kB]
#11 34.09 Get:8 http://ports.ubuntu.com/ubuntu-ports jammy/universe arm64 libmetis5 arm64 5.1.0.dfsg-7build2 [175 kB]
#11 34.12 Get:9 http://ports.ubuntu.com/ubuntu-ports jammy/universe arm64 libcholmod3 arm64 1:5.10.1+dfsg-4build1 [316 kB]
#11 34.20 Get:10 http://ports.ubuntu.com/ubuntu-ports jammy/universe arm64 libcxsparse3 arm64 1:5.10.1+dfsg-4build1 [65.9 kB]
#11 34.20 Get:11 http://ports.ubuntu.com/ubuntu-ports jammy/universe arm64 libgflags2.2 arm64 2.2.2-2 [67.0 kB]
#11 34.24 Get:12 http://ports.ubuntu.com/ubuntu-ports jammy/universe arm64 libgflags-dev arm64 2.2.2-2 [84.8 kB]
#11 34.44 Get:13 http://ports.ubuntu.com/ubuntu-ports jammy/universe arm64 libgoogle-glog0v5 arm64 0.5.0+really0.4.0-2 [57.7 kB]
#11 34.62 Get:14 http://ports.ubuntu.com/ubuntu-ports jammy/universe arm64 libgoogle-glog-dev arm64 0.5.0+really0.4.0-2 [91.7 kB]
#11 34.65 Get:15 http://ports.ubuntu.com/ubuntu-ports jammy/universe arm64 libgraphblas6 arm64 6.1.4+dfsg-2 [16.6 MB]
#11 36.80 Get:16 http://ports.ubuntu.com/ubuntu-ports jammy/universe arm64 libgraphblas-dev arm64 6.1.4+dfsg-2 [54.4 kB]
#11 36.81 Get:17 http://ports.ubuntu.com/ubuntu-ports jammy/universe arm64 libklu1 arm64 1:5.10.1+dfsg-4build1 [70.3 kB]
#11 36.81 Get:18 http://ports.ubuntu.com/ubuntu-ports jammy/universe arm64 libldl2 arm64 1:5.10.1+dfsg-4build1 [11.2 kB]
#11 36.81 Get:19 http://ports.ubuntu.com/ubuntu-ports jammy/universe arm64 libmongoose2 arm64 1:5.10.1+dfsg-4build1 [31.3 kB]
#11 36.82 Get:20 http://ports.ubuntu.com/ubuntu-ports jammy/universe arm64 librbio2 arm64 1:5.10.1+dfsg-4build1 [25.9 kB]
#11 36.82 Get:21 http://ports.ubuntu.com/ubuntu-ports jammy/universe arm64 libsliplu1 arm64 1:5.10.1+dfsg-4build1 [34.1 kB]
#11 36.83 Get:22 http://ports.ubuntu.com/ubuntu-ports jammy/universe arm64 libspqr2 arm64 1:5.10.1+dfsg-4build1 [67.4 kB]
#11 36.83 Get:23 http://ports.ubuntu.com/ubuntu-ports jammy/universe arm64 libumfpack5 arm64 1:5.10.1+dfsg-4build1 [220 kB]
#11 36.85 Get:24 http://ports.ubuntu.com/ubuntu-ports jammy/universe arm64 libsuitesparse-dev arm64 1:5.10.1+dfsg-4build1 [997 kB]
#11 39.08 debconf: delaying package configuration, since apt-utils is not installed
#11 39.40 Fetched 21.9 MB in 7s (3,172 kB/s)
#11 39.60 Selecting previously unselected package libsuitesparseconfig5:arm64.
#11 39.60 (Reading database ... (Reading database ... 5%(Reading database ... 10%(Reading database ... 15%(Reading database ... 20%(Reading database ... 25%(Reading database ... 30%(Reading database ... 35%(Reading database ... 40%(Reading database ... 45%(Reading database ... 50%(Reading database ... 55%(Reading database ... 60%(Reading database ... 65%(Reading database ... 70%(Reading database ... 75%(Reading database ... 80%(Reading database ... 85%(Reading database ... 90%(Reading database ... 95%(Reading database ... 100%(Reading database ... 100031 files and directories currently installed.)
#11 39.84 Preparing to unpack .../00-libsuitesparseconfig5_1%3a5.10.1+dfsg-4build1_arm64.deb ...
#11 39.87 Unpacking libsuitesparseconfig5:arm64 (1:5.10.1+dfsg-4build1) ...
#11 40.10 Selecting previously unselected package libamd2:arm64.
#11 40.12 Preparing to unpack .../01-libamd2_1%3a5.10.1+dfsg-4build1_arm64.deb ...
#11 40.14 Unpacking libamd2:arm64 (1:5.10.1+dfsg-4build1) ...
#11 40.33 Selecting previously unselected package libatlas-base-dev:arm64.
#11 40.36 Preparing to unpack .../02-libatlas-base-dev_3.10.3-12ubuntu1_arm64.deb ...
#11 40.39 Unpacking libatlas-base-dev:arm64 (3.10.3-12ubuntu1) ...
#11 40.91 Selecting previously unselected package libbtf1:arm64.
#11 40.93 Preparing to unpack .../03-libbtf1_1%3a5.10.1+dfsg-4build1_arm64.deb ...
#11 40.95 Unpacking libbtf1:arm64 (1:5.10.1+dfsg-4build1) ...
#11 41.10 Selecting previously unselected package libcamd2:arm64.
#11 41.13 Preparing to unpack .../04-libcamd2_1%3a5.10.1+dfsg-4build1_arm64.deb ...
#11 41.14 Unpacking libcamd2:arm64 (1:5.10.1+dfsg-4build1) ...
#11 41.50 Selecting previously unselected package libccolamd2:arm64.
#11 41.53 Preparing to unpack .../05-libccolamd2_1%3a5.10.1+dfsg-4build1_arm64.deb ...
#11 41.55 Unpacking libccolamd2:arm64 (1:5.10.1+dfsg-4build1) ...
#11 41.70 Selecting previously unselected package libcolamd2:arm64.
#11 41.72 Preparing to unpack .../06-libcolamd2_1%3a5.10.1+dfsg-4build1_arm64.deb ...
#11 41.73 Unpacking libcolamd2:arm64 (1:5.10.1+dfsg-4build1) ...
#11 41.93 Selecting previously unselected package libmetis5:arm64.
#11 41.97 Preparing to unpack .../07-libmetis5_5.1.0.dfsg-7build2_arm64.deb ...
#11 41.98 Unpacking libmetis5:arm64 (5.1.0.dfsg-7build2) ...
#11 42.19 Selecting previously unselected package libcholmod3:arm64.
#11 42.22 Preparing to unpack .../08-libcholmod3_1%3a5.10.1+dfsg-4build1_arm64.deb ...
#11 42.23 Unpacking libcholmod3:arm64 (1:5.10.1+dfsg-4build1) ...
#11 42.68 Selecting previously unselected package libcxsparse3:arm64.
#11 42.72 Preparing to unpack .../09-libcxsparse3_1%3a5.10.1+dfsg-4build1_arm64.deb ...
#11 42.73 Unpacking libcxsparse3:arm64 (1:5.10.1+dfsg-4build1) ...
#11 42.94 Selecting previously unselected package libgflags2.2.
#11 42.97 Preparing to unpack .../10-libgflags2.2_2.2.2-2_arm64.deb ...
#11 42.98 Unpacking libgflags2.2 (2.2.2-2) ...
#11 43.12 Selecting previously unselected package libgflags-dev.
#11 43.15 Preparing to unpack .../11-libgflags-dev_2.2.2-2_arm64.deb ...
#11 43.16 Unpacking libgflags-dev (2.2.2-2) ...
#11 43.37 Selecting previously unselected package libgoogle-glog0v5.
#11 43.41 Preparing to unpack .../12-libgoogle-glog0v5_0.5.0+really0.4.0-2_arm64.deb ...
#11 43.43 Unpacking libgoogle-glog0v5 (0.5.0+really0.4.0-2) ...
#11 43.56 Selecting previously unselected package libgoogle-glog-dev.
#11 43.59 Preparing to unpack .../13-libgoogle-glog-dev_0.5.0+really0.4.0-2_arm64.deb ...
#11 43.66 Unpacking libgoogle-glog-dev (0.5.0+really0.4.0-2) ...
#11 43.90 Selecting previously unselected package libgraphblas6:arm64.
#11 43.94 Preparing to unpack .../14-libgraphblas6_6.1.4+dfsg-2_arm64.deb ...
#11 43.95 Unpacking libgraphblas6:arm64 (6.1.4+dfsg-2) ...
#11 66.49 Selecting previously unselected package libgraphblas-dev:arm64.
#11 66.52 Preparing to unpack .../15-libgraphblas-dev_6.1.4+dfsg-2_arm64.deb ...
#11 66.54 Unpacking libgraphblas-dev:arm64 (6.1.4+dfsg-2) ...
#11 66.72 Selecting previously unselected package libklu1:arm64.
#11 66.75 Preparing to unpack .../16-libklu1_1%3a5.10.1+dfsg-4build1_arm64.deb ...
#11 66.76 Unpacking libklu1:arm64 (1:5.10.1+dfsg-4build1) ...
#11 66.90 Selecting previously unselected package libldl2:arm64.
#11 66.93 Preparing to unpack .../17-libldl2_1%3a5.10.1+dfsg-4build1_arm64.deb ...
#11 66.95 Unpacking libldl2:arm64 (1:5.10.1+dfsg-4build1) ...
#11 67.12 Selecting previously unselected package libmongoose2:arm64.
#11 67.15 Preparing to unpack .../18-libmongoose2_1%3a5.10.1+dfsg-4build1_arm64.deb ...
#11 67.16 Unpacking libmongoose2:arm64 (1:5.10.1+dfsg-4build1) ...
#11 67.30 Selecting previously unselected package librbio2:arm64.
#11 67.33 Preparing to unpack .../19-librbio2_1%3a5.10.1+dfsg-4build1_arm64.deb ...
#11 67.38 Unpacking librbio2:arm64 (1:5.10.1+dfsg-4build1) ...
#11 67.53 Selecting previously unselected package libsliplu1:arm64.
#11 67.57 Preparing to unpack .../20-libsliplu1_1%3a5.10.1+dfsg-4build1_arm64.deb ...
#11 67.58 Unpacking libsliplu1:arm64 (1:5.10.1+dfsg-4build1) ...
#11 67.75 Selecting previously unselected package libspqr2:arm64.
#11 67.78 Preparing to unpack .../21-libspqr2_1%3a5.10.1+dfsg-4build1_arm64.deb ...
#11 67.80 Unpacking libspqr2:arm64 (1:5.10.1+dfsg-4build1) ...
#11 67.96 Selecting previously unselected package libumfpack5:arm64.
#11 68.01 Preparing to unpack .../22-libumfpack5_1%3a5.10.1+dfsg-4build1_arm64.deb ...
#11 68.08 Unpacking libumfpack5:arm64 (1:5.10.1+dfsg-4build1) ...
#11 68.22 Selecting previously unselected package libsuitesparse-dev:arm64.
#11 68.25 Preparing to unpack .../23-libsuitesparse-dev_1%3a5.10.1+dfsg-4build1_arm64.deb ...
#11 68.26 Unpacking libsuitesparse-dev:arm64 (1:5.10.1+dfsg-4build1) ...
#11 68.86 Setting up libgraphblas6:arm64 (6.1.4+dfsg-2) ...
#11 68.90 Setting up libldl2:arm64 (1:5.10.1+dfsg-4build1) ...
#11 69.00 Setting up libmetis5:arm64 (5.1.0.dfsg-7build2) ...
#11 69.03 Setting up libatlas-base-dev:arm64 (3.10.3-12ubuntu1) ...
#11 69.09 update-alternatives: using /usr/lib/aarch64-linux-gnu/atlas/libblas.so to provide /usr/lib/aarch64-linux-gnu/libblas.so (libblas.so-aarch64-linux-gnu) in auto mode
#11 69.11 update-alternatives: using /usr/lib/aarch64-linux-gnu/atlas/liblapack.so to provide /usr/lib/aarch64-linux-gnu/liblapack.so (liblapack.so-aarch64-linux-gnu) in auto mode
#11 69.19 Setting up libbtf1:arm64 (1:5.10.1+dfsg-4build1) ...
#11 69.22 Setting up libgraphblas-dev:arm64 (6.1.4+dfsg-2) ...
#11 69.26 Setting up libcxsparse3:arm64 (1:5.10.1+dfsg-4build1) ...
#11 69.30 Setting up libsuitesparseconfig5:arm64 (1:5.10.1+dfsg-4build1) ...
#11 69.39 Setting up librbio2:arm64 (1:5.10.1+dfsg-4build1) ...
#11 69.43 Setting up libgflags2.2 (2.2.2-2) ...
#11 69.47 Setting up libamd2:arm64 (1:5.10.1+dfsg-4build1) ...
#11 69.56 Setting up libcolamd2:arm64 (1:5.10.1+dfsg-4build1) ...
#11 69.60 Setting up libsliplu1:arm64 (1:5.10.1+dfsg-4build1) ...
#11 69.64 Setting up libcamd2:arm64 (1:5.10.1+dfsg-4build1) ...
#11 69.68 Setting up libmongoose2:arm64 (1:5.10.1+dfsg-4build1) ...
#11 69.77 Setting up libgflags-dev (2.2.2-2) ...
#11 69.81 Setting up libklu1:arm64 (1:5.10.1+dfsg-4build1) ...
#11 69.84 Setting up libccolamd2:arm64 (1:5.10.1+dfsg-4build1) ...
#11 69.90 Setting up libgoogle-glog0v5 (0.5.0+really0.4.0-2) ...
#11 69.94 Setting up libcholmod3:arm64 (1:5.10.1+dfsg-4build1) ...
#11 69.97 Setting up libspqr2:arm64 (1:5.10.1+dfsg-4build1) ...
#11 70.01 Setting up libumfpack5:arm64 (1:5.10.1+dfsg-4build1) ...
#11 70.11 Setting up libgoogle-glog-dev (0.5.0+really0.4.0-2) ...
#11 70.14 Setting up libsuitesparse-dev:arm64 (1:5.10.1+dfsg-4build1) ...
#11 70.18 Processing triggers for libc-bin (2.35-0ubuntu3.4) ...
#11 70.29 /sbin/ldconfig.real: File /lib/aarch64-linux-gnu/libgstnvegl-1.0.so.0 is empty, not checked.
#11 70.29 /sbin/ldconfig.real: File /lib/aarch64-linux-gnu/libv4l2.so.0.0.999999 is empty, not checked.
#11 70.29 /sbin/ldconfig.real: File /lib/aarch64-linux-gnu/libcuda.so is empty, not checked.
#11 70.29 /sbin/ldconfig.real: File /lib/aarch64-linux-gnu/libnvcudla.so is empty, not checked.
#11 70.29 /sbin/ldconfig.real: File /lib/aarch64-linux-gnu/libgstnvivameta.so is empty, not checked.
#11 70.29 /sbin/ldconfig.real: File /lib/aarch64-linux-gnu/libgstnvexifmeta.so is empty, not checked.
#11 70.29 /sbin/ldconfig.real: File /lib/aarch64-linux-gnu/libv4l2.so.0 is empty, not checked.
#11 70.29 /sbin/ldconfig.real: File /lib/aarch64-linux-gnu/libv4lconvert.so.0.0.999999 is empty, not checked.
#11 70.29 /sbin/ldconfig.real: File /lib/aarch64-linux-gnu/libnvcucompat.so is empty, not checked.
#11 70.29 /sbin/ldconfig.real: File /lib/aarch64-linux-gnu/libnvsample_cudaprocess.so is empty, not checked.
#11 70.29 /sbin/ldconfig.real: File /lib/aarch64-linux-gnu/libv4lconvert.so.0 is empty, not checked.
#11 70.33 /sbin/ldconfig.real: File /usr/lib/aarch64-linux-gnu/nvidia/libnvidia-vksc-core.so is empty, not checked.
#11 70.33 /sbin/ldconfig.real: File /usr/lib/aarch64-linux-gnu/nvidia/libnvmmlite.so is empty, not checked.
#11 70.33 /sbin/ldconfig.real: File /usr/lib/aarch64-linux-gnu/nvidia/libnvmedia_dla.so is empty, not checked.
#11 70.33 /sbin/ldconfig.real: File /usr/lib/aarch64-linux-gnu/nvidia/libgstnvcustomhelper.so is empty, not checked.
#11 70.33 /sbin/ldconfig.real: File /usr/lib/aarch64-linux-gnu/nvidia/libnvidia-egl-gbm.so.1.1.0 is empty, not checked.
#11 70.33 /sbin/ldconfig.real: File /usr/lib/aarch64-linux-gnu/nvidia/libvulkansc.so.1.0.10 is empty, not checked.
#11 70.33 /sbin/ldconfig.real: File /usr/lib/aarch64-linux-gnu/nvidia/libnvmedia_isp_ext.so is empty, not checked.
#11 70.33 /sbin/ldconfig.real: File /usr/lib/aarch64-linux-gnu/nvidia/libnvargus.so is empty, not checked.
#11 70.33 /sbin/ldconfig.real: File /usr/lib/aarch64-linux-gnu/nvidia/libnvmedia_iep_sci.so is empty, not checked.
#11 70.33 /sbin/ldconfig.real: File /usr/lib/aarch64-linux-gnu/nvidia/libnvgov_generic.so is empty, not checked.
#11 70.33 /sbin/ldconfig.real: File /usr/lib/aarch64-linux-gnu/nvidia/libnvdc.so is empty, not checked.
#11 70.33 /sbin/ldconfig.real: File /usr/lib/aarch64-linux-gnu/nvidia/libnvvideo.so is empty, not checked.
#11 70.33 /sbin/ldconfig.real: File /usr/lib/aarch64-linux-gnu/nvidia/libnvrm_host1x.so is empty, not checked.
#11 70.33 /sbin/ldconfig.real: File /usr/lib/aarch64-linux-gnu/nvidia/libnvidia-kms.so is empty, not checked.
#11 70.33 /sbin/ldconfig.real: File /usr/lib/aarch64-linux-gnu/nvidia/libnvsciipc.so is empty, not checked.
#11 70.33 /sbin/ldconfig.real: File /usr/lib/aarch64-linux-gnu/nvidia/libnvfusacap.so is empty, not checked.
#11 70.33 /sbin/ldconfig.real: File /usr/lib/aarch64-linux-gnu/nvidia/libnvmedia_ijpe_sci.so is empty, not checked.
#11 70.33 /sbin/ldconfig.real: File /usr/lib/aarch64-linux-gnu/nvidia/libnvbufsurface.so.1.0.0 is empty, not checked.
#11 70.33 /sbin/ldconfig.real: File /usr/lib/aarch64-linux-gnu/nvidia/libnvbuf_fdmap.so.1.0.0 is empty, not checked.
#11 70.33 /sbin/ldconfig.real: File /usr/lib/aarch64-linux-gnu/nvidia/libnvfusacapinterface.so is empty, not checked.
#11 70.33 /sbin/ldconfig.real: File /usr/lib/aarch64-linux-gnu/nvidia/libnvgov_spincircle.so is empty, not checked.
#11 70.33 /sbin/ldconfig.real: File /usr/lib/aarch64-linux-gnu/nvidia/libnvmedia_ijpd_sci.so is empty, not checked.
#11 70.33 /sbin/ldconfig.real: File /usr/lib/aarch64-linux-gnu/nvidia/libgstnvdsseimeta.so.1.0.0 is empty, not checked.
#11 70.33 /sbin/ldconfig.real: File /usr/lib/aarch64-linux-gnu/nvidia/libtegrawfd.so is empty, not checked.
#11 70.33 /sbin/ldconfig.real: File /usr/lib/aarch64-linux-gnu/nvidia/libnvcamerautils.so is empty, not checked.
#11 70.33 /sbin/ldconfig.real: File /usr/lib/aarch64-linux-gnu/nvidia/libnvargus_socketserver.so is empty, not checked.
#11 70.33 /sbin/ldconfig.real: File /usr/lib/aarch64-linux-gnu/nvidia/libnvidia-egl-wayland.so.1.1.11 is empty, not checked.
#11 70.33 /sbin/ldconfig.real: File /usr/lib/aarch64-linux-gnu/nvidia/libtegrav4l2.so is empty, not checked.
#11 70.33 /sbin/ldconfig.real: File /usr/lib/aarch64-linux-gnu/nvidia/libnvgov_force.so is empty, not checked.
#11 70.33 /sbin/ldconfig.real: File /usr/lib/aarch64-linux-gnu/nvidia/libnvmedia_ide_sci.so is empty, not checked.
#11 70.33 /sbin/ldconfig.real: File /usr/lib/aarch64-linux-gnu/nvidia/libnvidia-allocator.so is empty, not checked.
#11 70.33 /sbin/ldconfig.real: File /usr/lib/aarch64-linux-gnu/nvidia/libgstnvcustomhelper.so.1.0.0 is empty, not checked.
#11 70.33 /sbin/ldconfig.real: File /usr/lib/aarch64-linux-gnu/nvidia/libv4l2_nvargus.so is empty, not checked.
#11 70.33 /sbin/ldconfig.real: File /usr/lib/aarch64-linux-gnu/nvidia/libnvmedia_2d.so is empty, not checked.
#11 70.33 /sbin/ldconfig.real: File /usr/lib/aarch64-linux-gnu/nvidia/libcuda.so.1.1 is empty, not checked.
#11 70.33 /sbin/ldconfig.real: File /usr/lib/aarch64-linux-gnu/nvidia/libnvscf.so is empty, not checked.
#11 70.33 /sbin/ldconfig.real: File /usr/lib/aarch64-linux-gnu/nvidia/libsensors.l4t.no_fusion.nvs.so is empty, not checked.
#11 70.33 /sbin/ldconfig.real: File /usr/lib/aarch64-linux-gnu/nvidia/libnvidia-vksc-core.so.540.2.0 is empty, not checked.
#11 70.33 /sbin/ldconfig.real: File /usr/lib/aarch64-linux-gnu/nvidia/libnvvideoencode_ppe.so is empty, not checked.
#11 70.33 /sbin/ldconfig.real: File /usr/lib/aarch64-linux-gnu/nvidia/libnveglstreamproducer.so is empty, not checked.
#11 70.33 /sbin/ldconfig.real: File /usr/lib/aarch64-linux-gnu/nvidia/libcuda.so is empty, not checked.
#11 70.33 /sbin/ldconfig.real: File /usr/lib/aarch64-linux-gnu/nvidia/libnvcudla.so is empty, not checked.
#11 70.33 /sbin/ldconfig.real: File /usr/lib/aarch64-linux-gnu/nvidia/ld.so.conf is empty, not checked.
#11 70.33 /sbin/ldconfig.real: File /usr/lib/aarch64-linux-gnu/nvidia/libnvscistream.so is empty, not checked.
#11 70.33 /sbin/ldconfig.real: File /usr/lib/aarch64-linux-gnu/nvidia/libcuda.so.1 is empty, not checked.
#11 70.33 /sbin/ldconfig.real: File /usr/lib/aarch64-linux-gnu/nvidia/libnvcamlog.so is empty, not checked.
#11 70.33 /sbin/ldconfig.real: File /usr/lib/aarch64-linux-gnu/nvidia/libvulkansc.so is empty, not checked.
#11 70.33 /sbin/ldconfig.real: File /usr/lib/aarch64-linux-gnu/nvidia/libnvidia-glcore.so.540.2.0 is empty, not checked.
#11 70.33 /sbin/ldconfig.real: File /usr/lib/aarch64-linux-gnu/nvidia/libnvidia-glsi.so.540.2.0 is empty, not checked.
#11 70.33 /sbin/ldconfig.real: File /usr/lib/aarch64-linux-gnu/nvidia/libsensors_hal.nvs.so is empty, not checked.
#11 70.33 /sbin/ldconfig.real: File /usr/lib/aarch64-linux-gnu/nvidia/libnvtegrahv.so is empty, not checked.
#11 70.33 /sbin/ldconfig.real: File /usr/lib/aarch64-linux-gnu/nvidia/libnvddk_vic.so is empty, not checked.
#11 70.33 /sbin/ldconfig.real: File /usr/lib/aarch64-linux-gnu/nvidia/libnvparser.so is empty, not checked.
#11 70.33 /sbin/ldconfig.real: File /usr/lib/aarch64-linux-gnu/nvidia/libnvvic.so is empty, not checked.
#11 70.33 /sbin/ldconfig.real: File /usr/lib/aarch64-linux-gnu/nvidia/libnvmm_contentpipe.so is empty, not checked.
#11 70.33 /sbin/ldconfig.real: File /usr/lib/aarch64-linux-gnu/nvidia/libnvargus_socketclient.so is empty, not checked.
#11 70.33 /sbin/ldconfig.real: File /usr/lib/aarch64-linux-gnu/nvidia/libnvpva_algorithms.so is empty, not checked.
#11 70.33 /sbin/ldconfig.real: File /usr/lib/aarch64-linux-gnu/nvidia/libnvcam_imageencoder.so is empty, not checked.
#11 70.33 /sbin/ldconfig.real: File /usr/lib/aarch64-linux-gnu/nvidia/libjetsonpower.so is empty, not checked.
#11 70.33 /sbin/ldconfig.real: File /usr/lib/aarch64-linux-gnu/nvidia/libnvbufsurftransform.so is empty, not checked.
#11 70.33 /sbin/ldconfig.real: File /usr/lib/aarch64-linux-gnu/nvidia/libnvidia-egl-wayland.so.1 is empty, not checked.
#11 70.33 /sbin/ldconfig.real: File /usr/lib/aarch64-linux-gnu/nvidia/libnvgov_boot.so is empty, not checked.
#11 70.33 /sbin/ldconfig.real: File /usr/lib/aarch64-linux-gnu/nvidia/libnvodm_imager.so is empty, not checked.
#11 70.33 /sbin/ldconfig.real: File /usr/lib/aarch64-linux-gnu/nvidia/libnvdla_runtime.so is empty, not checked.
#11 70.33 /sbin/ldconfig.real: File /usr/lib/aarch64-linux-gnu/nvidia/libnvmmlite_video.so is empty, not checked.
#11 70.33 /sbin/ldconfig.real: File /usr/lib/aarch64-linux-gnu/nvidia/libnvpva.so is empty, not checked.
#11 70.33 /sbin/ldconfig.real: File /usr/lib/aarch64-linux-gnu/nvidia/libnvddk_2d_v2.so is empty, not checked.
#11 70.33 /sbin/ldconfig.real: File /usr/lib/aarch64-linux-gnu/nvidia/libnvimp.so is empty, not checked.
#11 70.33 /sbin/ldconfig.real: File /usr/lib/aarch64-linux-gnu/nvidia/libnvmedia_iofa_sci.so is empty, not checked.
#11 70.33 /sbin/ldconfig.real: File /usr/lib/aarch64-linux-gnu/nvidia/libnvmmlite_image.so is empty, not checked.
#11 70.33 /sbin/ldconfig.real: File /usr/lib/aarch64-linux-gnu/nvidia/libnvtracebuf.so is empty, not checked.
#11 70.33 /sbin/ldconfig.real: File /usr/lib/aarch64-linux-gnu/nvidia/libGLX_indirect.so.0 is empty, not checked.
#11 70.33 /sbin/ldconfig.real: File /usr/lib/aarch64-linux-gnu/nvidia/libnvrm_chip.so is empty, not checked.
#11 70.33 /sbin/ldconfig.real: File /usr/lib/aarch64-linux-gnu/nvidia/libnvidia-nvvm.so.540.2.0 is empty, not checked.
#11 70.33 /sbin/ldconfig.real: File /usr/lib/aarch64-linux-gnu/nvidia/libnvgov_ui.so is empty, not checked.
#11 70.33 /sbin/ldconfig.real: File /usr/lib/aarch64-linux-gnu/nvidia/libnvmedialdc.so is empty, not checked.
#11 70.33 /sbin/ldconfig.real: File /usr/lib/aarch64-linux-gnu/nvidia/libnvmedia_eglstream.so is empty, not checked.
#11 70.33 /sbin/ldconfig.real: File /usr/lib/aarch64-linux-gnu/nvidia/libnvisp_utils.so is empty, not checked.
#11 70.33 /sbin/ldconfig.real: File /usr/lib/aarch64-linux-gnu/nvidia/libnvisppg.so is empty, not checked.
#11 70.33 /sbin/ldconfig.real: File /usr/lib/aarch64-linux-gnu/nvidia/libnvid_mapper.so.1.0.0 is empty, not checked.
#11 70.33 /sbin/ldconfig.real: File /usr/lib/aarch64-linux-gnu/nvidia/libnvcamv4l2.so is empty, not checked.
#11 70.33 /sbin/ldconfig.real: File /usr/lib/aarch64-linux-gnu/nvidia/libnvdsbufferpool.so.1.0.0 is empty, not checked.
#11 70.33 /sbin/ldconfig.real: File /usr/lib/aarch64-linux-gnu/nvidia/libnvscibuf.so is empty, not checked.
#11 70.33 /sbin/ldconfig.real: File /usr/lib/aarch64-linux-gnu/nvidia/libnvidia-allocator.so.1 is empty, not checked.
#11 70.33 /sbin/ldconfig.real: File /usr/lib/aarch64-linux-gnu/nvidia/libnvscievent.so is empty, not checked.
#11 70.34 /sbin/ldconfig.real: File /usr/lib/aarch64-linux-gnu/nvidia/libnvmm_utils.so is empty, not checked.
#11 70.34 /sbin/ldconfig.real: File /usr/lib/aarch64-linux-gnu/nvidia/libnvosd.so is empty, not checked.
#11 70.34 /sbin/ldconfig.real: File /usr/lib/aarch64-linux-gnu/nvidia/libnvscibuf.so.1 is empty, not checked.
#11 70.34 /sbin/ldconfig.real: File /usr/lib/aarch64-linux-gnu/nvidia/libVkLayer_json_gen.so is empty, not checked.
#11 70.34 /sbin/ldconfig.real: File /usr/lib/aarch64-linux-gnu/nvidia/libnvidia-gpucomp.so.540.2.0 is empty, not checked.
#11 70.34 /sbin/ldconfig.real: File /usr/lib/aarch64-linux-gnu/nvidia/libnvrm_gpu.so is empty, not checked.
#11 70.34 /sbin/ldconfig.real: File /usr/lib/aarch64-linux-gnu/nvidia/libnvmedia_ide_parser.so is empty, not checked.
#11 70.34 /sbin/ldconfig.real: File /usr/lib/aarch64-linux-gnu/nvidia/libnvexif.so is empty, not checked.
#11 70.34 /sbin/ldconfig.real: File /usr/lib/aarch64-linux-gnu/nvidia/libnvidia-tls.so.540.2.0 is empty, not checked.
#11 70.34 /sbin/ldconfig.real: File /usr/lib/aarch64-linux-gnu/nvidia/libnvofsdk.so is empty, not checked.
#11 70.34 /sbin/ldconfig.real: File /usr/lib/aarch64-linux-gnu/nvidia/libnvbufsurface.so is empty, not checked.
#11 70.34 /sbin/ldconfig.real: File /usr/lib/aarch64-linux-gnu/nvidia/libv4l2.so.0 is empty, not checked.
#11 70.34 /sbin/ldconfig.real: File /usr/lib/aarch64-linux-gnu/nvidia/libnvmedia2d.so is empty, not checked.
#11 70.34 /sbin/ldconfig.real: File /usr/lib/aarch64-linux-gnu/nvidia/libdrm.so.2 is empty, not checked.
#11 70.34 /sbin/ldconfig.real: File /usr/lib/aarch64-linux-gnu/nvidia/libnvisp.so is empty, not checked.
#11 70.34 /sbin/ldconfig.real: File /usr/lib/aarch64-linux-gnu/nvidia/libnvcameratools.so is empty, not checked.
#11 70.34 /sbin/ldconfig.real: File /usr/lib/aarch64-linux-gnu/nvidia/libnvrm_mem.so is empty, not checked.
#11 70.34 /sbin/ldconfig.real: File /usr/lib/aarch64-linux-gnu/nvidia/libnvgov_gpucompute.so is empty, not checked.
#11 70.34 /sbin/ldconfig.real: File /usr/lib/aarch64-linux-gnu/nvidia/libnvgov_il.so is empty, not checked.
#11 70.34 /sbin/ldconfig.real: File /usr/lib/aarch64-linux-gnu/nvidia/libnvgov_camera.so is empty, not checked.
#11 70.34 /sbin/ldconfig.real: File /usr/lib/aarch64-linux-gnu/nvidia/libnvsocsys.so is empty, not checked.
#11 70.34 /sbin/ldconfig.real: File /usr/lib/aarch64-linux-gnu/nvidia/libnvdecode2eglimage.so is empty, not checked.
#11 70.34 /sbin/ldconfig.real: File /usr/lib/aarch64-linux-gnu/nvidia/libnvpvaintf.so is empty, not checked.
#11 70.34 /sbin/ldconfig.real: File /usr/lib/aarch64-linux-gnu/nvidia/libnvmm_parser.so is empty, not checked.
#11 70.34 /sbin/ldconfig.real: File /usr/lib/aarch64-linux-gnu/nvidia/libnvidia-rmapi-tegra.so.540.2.0 is empty, not checked.
#11 70.34 /sbin/ldconfig.real: File /usr/lib/aarch64-linux-gnu/nvidia/libnvv4l2.so is empty, not checked.
#11 70.34 /sbin/ldconfig.real: File /usr/lib/aarch64-linux-gnu/nvidia/libnvv4lconvert.so is empty, not checked.
#11 70.34 /sbin/ldconfig.real: File /usr/lib/aarch64-linux-gnu/nvidia/libnvidia-ptxjitcompiler.so.540.2.0 is empty, not checked.
#11 70.34 /sbin/ldconfig.real: File /usr/lib/aarch64-linux-gnu/nvidia/libnvpvaumd.so is empty, not checked.
#11 70.34 /sbin/ldconfig.real: File /usr/lib/aarch64-linux-gnu/nvidia/libnvfnetstoredefog.so is empty, not checked.
#11 70.34 /sbin/ldconfig.real: File /usr/lib/aarch64-linux-gnu/nvidia/libnvscistream.so.1 is empty, not checked.
#11 70.34 /sbin/ldconfig.real: File /usr/lib/aarch64-linux-gnu/nvidia/libnvidia-kms.so.540.2.0 is empty, not checked.
#11 70.34 /sbin/ldconfig.real: File /usr/lib/aarch64-linux-gnu/nvidia/libnvmedia_tensor.so is empty, not checked.
#11 70.34 /sbin/ldconfig.real: File /usr/lib/aarch64-linux-gnu/nvidia/libnvidia-nvvm.so.4 is empty, not checked.
#11 70.34 /sbin/ldconfig.real: File /usr/lib/aarch64-linux-gnu/nvidia/libnvscicommon.so.1 is empty, not checked.
#11 70.34 /sbin/ldconfig.real: File /usr/lib/aarch64-linux-gnu/nvidia/libnvidia-ml.so.1 is empty, not checked.
#11 70.34 /sbin/ldconfig.real: File /usr/lib/aarch64-linux-gnu/nvidia/libnvrm_sync.so is empty, not checked.
#11 70.34 /sbin/ldconfig.real: File /usr/lib/aarch64-linux-gnu/nvidia/libnvcucompat.so is empty, not checked.
#11 70.34 /sbin/ldconfig.real: File /usr/lib/aarch64-linux-gnu/nvidia/libnvdla_compiler.so is empty, not checked.
#11 70.34 /sbin/ldconfig.real: File /usr/lib/aarch64-linux-gnu/nvidia/libnvidia-eglcore.so.540.2.0 is empty, not checked.
#11 70.34 /sbin/ldconfig.real: File /usr/lib/aarch64-linux-gnu/nvidia/libnvll.so is empty, not checked.
#11 70.34 /sbin/ldconfig.real: File /usr/lib/aarch64-linux-gnu/nvidia/libvulkansc.so.1 is empty, not checked.
#11 70.34 /sbin/ldconfig.real: File /usr/lib/aarch64-linux-gnu/nvidia/libsensors.hal-client.nvs.so is empty, not checked.
#11 70.34 /sbin/ldconfig.real: File /usr/lib/aarch64-linux-gnu/nvidia/libnvidia-rtcore.so.540.2.0 is empty, not checked.
#11 70.34 /sbin/ldconfig.real: File /usr/lib/aarch64-linux-gnu/nvidia/libnveventlib.so is empty, not checked.
#11 70.34 /sbin/ldconfig.real: File /usr/lib/aarch64-linux-gnu/nvidia/libnvgov_tbc.so is empty, not checked.
#11 70.34 /sbin/ldconfig.real: File /usr/lib/aarch64-linux-gnu/nvidia/libnvjpeg.so is empty, not checked.
#11 70.34 /sbin/ldconfig.real: File /usr/lib/aarch64-linux-gnu/nvidia/libnvscicommon.so is empty, not checked.
#11 70.34 /sbin/ldconfig.real: File /usr/lib/aarch64-linux-gnu/nvidia/libnvid_mapper.so is empty, not checked.
#11 70.34 /sbin/ldconfig.real: File /usr/lib/aarch64-linux-gnu/nvidia/libnvidia-glvkspirv.so.540.2.0 is empty, not checked.
#11 70.34 /sbin/ldconfig.real: File /usr/lib/aarch64-linux-gnu/nvidia/libv4l2_nvcuvidvideocodec.so is empty, not checked.
#11 70.34 /sbin/ldconfig.real: File /usr/lib/aarch64-linux-gnu/nvidia/libnvfnetstorehdfx.so is empty, not checked.
#11 70.34 /sbin/ldconfig.real: File /usr/lib/aarch64-linux-gnu/nvidia/libnvbufsurftransform.so.1.0.0 is empty, not checked.
#11 70.34 /sbin/ldconfig.real: File /usr/lib/aarch64-linux-gnu/nvidia/libnvrm_stream.so is empty, not checked.
#11 70.34 /sbin/ldconfig.real: File /usr/lib/aarch64-linux-gnu/nvidia/libnvmm.so is empty, not checked.
#11 70.34 /sbin/ldconfig.real: File /usr/lib/aarch64-linux-gnu/nvidia/libnvmedia.so is empty, not checked.
#11 70.34 /sbin/ldconfig.real: File /usr/lib/aarch64-linux-gnu/nvidia/libv4lconvert.so.0 is empty, not checked.
#11 70.34 /sbin/ldconfig.real: File /usr/lib/aarch64-linux-gnu/nvidia/libnvphsd.so is empty, not checked.
#11 70.34 /sbin/ldconfig.real: File /usr/lib/aarch64-linux-gnu/nvidia/libnvdsbufferpool.so is empty, not checked.
#11 70.34 /sbin/ldconfig.real: File /usr/lib/aarch64-linux-gnu/nvidia/libGLX_nvidia.so.0 is empty, not checked.
#11 70.34 /sbin/ldconfig.real: File /usr/lib/aarch64-linux-gnu/nvidia/libnvscisync.so is empty, not checked.
#11 70.34 /sbin/ldconfig.real: File /usr/lib/aarch64-linux-gnu/nvidia/libnvplayfair.so is empty, not checked.
#11 70.34 /sbin/ldconfig.real: File /usr/lib/aarch64-linux-gnu/nvidia/libnvscisync.so.1 is empty, not checked.
#11 70.34 /sbin/ldconfig.real: File /usr/lib/aarch64-linux-gnu/nvidia/libnvgov_graphics.so is empty, not checked.
#11 70.34 /sbin/ldconfig.real: File /usr/lib/aarch64-linux-gnu/nvidia/libnvomx.so is empty, not checked.
#11 70.34 /sbin/ldconfig.real: File /usr/lib/aarch64-linux-gnu/nvidia/libnvomxilclient.so is empty, not checked.
#11 70.34 /sbin/ldconfig.real: File /usr/lib/aarch64-linux-gnu/nvidia/libv4l2_nvvideocodec.so is empty, not checked.
#11 70.34 /sbin/ldconfig.real: File /usr/lib/aarch64-linux-gnu/nvidia/libnvcapture.so is empty, not checked.
#11 70.34 /sbin/ldconfig.real: File /usr/lib/aarch64-linux-gnu/nvidia/libnvidia-egl-gbm.so.1 is empty, not checked.
#11 70.34 /sbin/ldconfig.real: File /usr/lib/aarch64-linux-gnu/nvidia/libnvcuvidv4l2.so is empty, not checked.
#11 70.34 /sbin/ldconfig.real: File /usr/lib/aarch64-linux-gnu/nvidia/libnvfnet.so is empty, not checked.
#11 70.34 /sbin/ldconfig.real: File /usr/lib/aarch64-linux-gnu/nvidia/libnvphs.so is empty, not checked.
#11 70.34 /sbin/ldconfig.real: File /usr/lib/aarch64-linux-gnu/nvidia/libnvoggopus.so is empty, not checked.
#11 70.34 /sbin/ldconfig.real: File /usr/lib/aarch64-linux-gnu/nvidia/libnvmmlite_utils.so is empty, not checked.
#11 70.34 /sbin/ldconfig.real: File /usr/lib/aarch64-linux-gnu/nvidia/libnvidia-vksc-core.so.1 is empty, not checked.
#11 70.34 /sbin/ldconfig.real: File /usr/lib/aarch64-linux-gnu/nvidia/libnvcolorutil.so is empty, not checked.
#11 70.34 /sbin/ldconfig.real: File /usr/lib/aarch64-linux-gnu/nvidia/libnvos.so is empty, not checked.
#11 70.34 /sbin/ldconfig.real: File /usr/lib/aarch64-linux-gnu/nvidia/libnvtvmr_2d.so is empty, not checked.
#11 70.34 /sbin/ldconfig.real: File /usr/lib/aarch64-linux-gnu/nvidia/libnvrm_surface.so is empty, not checked.
#11 70.34 /sbin/ldconfig.real: File /usr/lib/aarch64-linux-gnu/nvidia/libnvtvmr.so is empty, not checked.
#11 70.34 /sbin/ldconfig.real: File /usr/lib/aarch64-linux-gnu/nvidia/libnvidia-ptxjitcompiler.so.1 is empty, not checked.
#11 70.34 /sbin/ldconfig.real: File /usr/lib/aarch64-linux-gnu/nvidia/libVkSCLayer_khronos_validation.so is empty, not checked.
#11 70.34 /sbin/ldconfig.real: File /usr/lib/aarch64-linux-gnu/nvidia/weston/libilmInput.so.2.2.0 is empty, not checked.
#11 70.34 /sbin/ldconfig.real: File /usr/lib/aarch64-linux-gnu/nvidia/weston/libilmControl.so.2.2.0 is empty, not checked.
#11 70.34 /sbin/ldconfig.real: File /usr/lib/aarch64-linux-gnu/nvidia/weston/libweston-6.so.0 is empty, not checked.
#11 70.34 /sbin/ldconfig.real: File /usr/lib/aarch64-linux-gnu/nvidia/weston/libilmCommon.so.2.2.0 is empty, not checked.
#11 70.34 /sbin/ldconfig.real: File /usr/lib/aarch64-linux-gnu/nvidia/weston/libilmClient.so.2.2.0 is empty, not checked.
#11 70.34 /sbin/ldconfig.real: File /usr/lib/aarch64-linux-gnu/nvidia/weston/libweston-desktop-6.so.0 is empty, not checked.
#11 70.34 /sbin/ldconfig.real: File /usr/lib/aarch64-linux-gnu/gstreamer-1.0/libgstnvvideosink.so is empty, not checked.
#11 70.34 /sbin/ldconfig.real: File /usr/lib/aarch64-linux-gnu/gstreamer-1.0/libgstnveglstreamsrc.so is empty, not checked.
#11 70.34 /sbin/ldconfig.real: File /usr/lib/aarch64-linux-gnu/gstreamer-1.0/libgstnvarguscamerasrc.so is empty, not checked.
#11 70.34 /sbin/ldconfig.real: File /usr/lib/aarch64-linux-gnu/gstreamer-1.0/libgstnvvideosinks.so is empty, not checked.
#11 70.34 /sbin/ldconfig.real: File /usr/lib/aarch64-linux-gnu/gstreamer-1.0/libgstnveglglessink.so is empty, not checked.
#11 70.34 /sbin/ldconfig.real: File /usr/lib/aarch64-linux-gnu/gstreamer-1.0/libgstnvegltransform.so is empty, not checked.
#11 70.34 /sbin/ldconfig.real: File /usr/lib/aarch64-linux-gnu/gstreamer-1.0/libgstnvdrmvideosink.so is empty, not checked.
#11 70.34 /sbin/ldconfig.real: File /usr/lib/aarch64-linux-gnu/gstreamer-1.0/libgstnvvidconv.so is empty, not checked.
#11 70.34 /sbin/ldconfig.real: File /usr/lib/aarch64-linux-gnu/gstreamer-1.0/libgstnvcompositor.so is empty, not checked.
#11 70.34 /sbin/ldconfig.real: File /usr/lib/aarch64-linux-gnu/gstreamer-1.0/libgstnvvideo4linux2.so is empty, not checked.
#11 70.34 /sbin/ldconfig.real: File /usr/lib/aarch64-linux-gnu/gstreamer-1.0/libgstnvtee.so is empty, not checked.
#11 70.34 /sbin/ldconfig.real: File /usr/lib/aarch64-linux-gnu/gstreamer-1.0/libgstnvv4l2camerasrc.so is empty, not checked.
#11 70.34 /sbin/ldconfig.real: File /usr/lib/aarch64-linux-gnu/gstreamer-1.0/libgstnvjpeg.so is empty, not checked.
#11 70.34 /sbin/ldconfig.real: File /usr/lib/aarch64-linux-gnu/gstreamer-1.0/libgstnvivafilter.so is empty, not checked.
#11 70.34 /sbin/ldconfig.real: File /usr/lib/aarch64-linux-gnu/tegra-egl/libGLESv1_CM_nvidia.so.1 is empty, not checked.
#11 70.34 /sbin/ldconfig.real: File /usr/lib/aarch64-linux-gnu/tegra-egl/ld.so.conf is empty, not checked.
#11 70.34 /sbin/ldconfig.real: File /usr/lib/aarch64-linux-gnu/tegra-egl/libGLESv2_nvidia.so.2 is empty, not checked.
#11 70.34 /sbin/ldconfig.real: File /usr/lib/aarch64-linux-gnu/tegra-egl/libEGL_nvidia.so.0 is empty, not checked.
#11 DONE 71.8s

#12 [ 8/15] WORKDIR /root/
#12 DONE 0.4s

#13 [ 9/15] RUN git clone https://github.com/Livox-SDK/Livox-SDK2.git &&     cd Livox-SDK2 &&     mkdir build && cd build &&     cmake .. && make -j$(nproc) && make install &&     cd /root && rm -rf Livox-SDK2
#13 0.926 Cloning into 'Livox-SDK2'...
#13 8.282 CMake Deprecation Warning at CMakeLists.txt:1 (cmake_minimum_required):
#13 8.282   Compatibility with CMake < 3.5 will be removed from a future version of
#13 8.282   CMake.
#13 8.282 
#13 8.282   Update the VERSION argument <min> value or use a ...<max> suffix to tell
#13 8.282   CMake that the project does not need compatibility with older versions.
#13 8.282 
#13 8.282 
#13 8.494 -- The C compiler identification is GNU 11.4.0
#13 8.695 -- The CXX compiler identification is GNU 11.4.0
#13 8.761 -- Detecting C compiler ABI info
#13 8.984 -- Detecting C compiler ABI info - done
#13 9.016 -- Check for working C compiler: /usr/bin/cc - skipped
#13 9.019 -- Detecting C compile features
#13 9.021 -- Detecting C compile features - done
#13 9.056 -- Detecting CXX compiler ABI info
#13 9.351 -- Detecting CXX compiler ABI info - done
#13 9.393 -- Check for working CXX compiler: /usr/bin/c++ - skipped
#13 9.394 -- Detecting CXX compile features
#13 9.397 -- Detecting CXX compile features - done
#13 9.402 -- main project dir: /root/Livox-SDK2
#13 9.404 CMake Deprecation Warning at sdk_core/CMakeLists.txt:1 (cmake_minimum_required):
#13 9.404   Compatibility with CMake < 3.5 will be removed from a future version of
#13 9.404   CMake.
#13 9.404 
#13 9.404   Update the VERSION argument <min> value or use a ...<max> suffix to tell
#13 9.404   CMake that the project does not need compatibility with older versions.
#13 9.404 
#13 9.404 
#13 9.408 CMake Deprecation Warning at samples/CMakeLists.txt:1 (cmake_minimum_required):
#13 9.408   Compatibility with CMake < 3.5 will be removed from a future version of
#13 9.408   CMake.
#13 9.408 
#13 9.408   Update the VERSION argument <min> value or use a ...<max> suffix to tell
#13 9.408   CMake that the project does not need compatibility with older versions.
#13 9.408 
#13 9.408 
#13 9.409 -- main project dir: /root/Livox-SDK2/samples
#13 9.410 CMake Deprecation Warning at samples/livox_lidar_quick_start/CMakeLists.txt:1 (cmake_minimum_required):
#13 9.410   Compatibility with CMake < 3.5 will be removed from a future version of
#13 9.410   CMake.
#13 9.410 
#13 9.410   Update the VERSION argument <min> value or use a ...<max> suffix to tell
#13 9.410   CMake that the project does not need compatibility with older versions.
#13 9.410 
#13 9.410 
#13 9.413 CMake Deprecation Warning at samples/multi_lidars_upgrade/CMakeLists.txt:1 (cmake_minimum_required):
#13 9.413   Compatibility with CMake < 3.5 will be removed from a future version of
#13 9.413   CMake.
#13 9.413 
#13 9.413   Update the VERSION argument <min> value or use a ...<max> suffix to tell
#13 9.413   CMake that the project does not need compatibility with older versions.
#13 9.413 
#13 9.413 
#13 9.415 CMake Deprecation Warning at samples/logger/CMakeLists.txt:1 (cmake_minimum_required):
#13 9.415   Compatibility with CMake < 3.5 will be removed from a future version of
#13 9.415   CMake.
#13 9.415 
#13 9.415   Update the VERSION argument <min> value or use a ...<max> suffix to tell
#13 9.415   CMake that the project does not need compatibility with older versions.
#13 9.415 
#13 9.415 
#13 9.417 CMake Deprecation Warning at samples/debug_point_cloud/CMakeLists.txt:1 (cmake_minimum_required):
#13 9.417   Compatibility with CMake < 3.5 will be removed from a future version of
#13 9.417   CMake.
#13 9.417 
#13 9.417   Update the VERSION argument <min> value or use a ...<max> suffix to tell
#13 9.417   CMake that the project does not need compatibility with older versions.
#13 9.417 
#13 9.417 
#13 9.418 CMake Deprecation Warning at samples/lidar_cmd_observer/CMakeLists.txt:1 (cmake_minimum_required):
#13 9.418   Compatibility with CMake < 3.5 will be removed from a future version of
#13 9.418   CMake.
#13 9.418 
#13 9.418   Update the VERSION argument <min> value or use a ...<max> suffix to tell
#13 9.418   CMake that the project does not need compatibility with older versions.
#13 9.418 
#13 9.418 
#13 9.420 CMake Deprecation Warning at samples/livox_lidar_rmc_time_sync/CMakeLists.txt:1 (cmake_minimum_required):
#13 9.420   Compatibility with CMake < 3.5 will be removed from a future version of
#13 9.420   CMake.
#13 9.420 
#13 9.420   Update the VERSION argument <min> value or use a ...<max> suffix to tell
#13 9.420   CMake that the project does not need compatibility with older versions.
#13 9.420 
#13 9.420 
#13 9.422 -- Configuring done (1.1s)
#13 9.515 -- Generating done (0.1s)
#13 9.522 -- Build files have been written to: /root/Livox-SDK2/build
#13 9.635 [  1%] Building CXX object sdk_core/CMakeFiles/livox_lidar_sdk_static.dir/device_manager.cpp.o
#13 9.638 [  2%] Building CXX object sdk_core/CMakeFiles/livox_lidar_sdk_static.dir/__/3rdparty/FastCRC/FastCRCsw.cpp.o
#13 9.638 [  4%] Building CXX object sdk_core/CMakeFiles/livox_lidar_sdk_static.dir/livox_lidar_sdk.cpp.o
#13 9.639 [  4%] Building CXX object sdk_core/CMakeFiles/livox_lidar_sdk_shared.dir/__/3rdparty/FastCRC/FastCRCsw.cpp.o
#13 9.640 [  6%] Building CXX object sdk_core/CMakeFiles/livox_lidar_sdk_shared.dir/device_manager.cpp.o
#13 9.647 [  7%] Building CXX object sdk_core/CMakeFiles/livox_lidar_sdk_shared.dir/livox_lidar_sdk.cpp.o
#13 10.04 [  8%] Building CXX object sdk_core/CMakeFiles/livox_lidar_sdk_static.dir/params_check.cpp.o
#13 10.41 [  9%] Building CXX object sdk_core/CMakeFiles/livox_lidar_sdk_shared.dir/params_check.cpp.o
#13 23.77 [ 10%] Building CXX object sdk_core/CMakeFiles/livox_lidar_sdk_shared.dir/parse_cfg_file.cpp.o
#13 23.84 [ 12%] Building CXX object sdk_core/CMakeFiles/livox_lidar_sdk_static.dir/parse_cfg_file.cpp.o
#13 24.98 [ 13%] Building CXX object sdk_core/CMakeFiles/livox_lidar_sdk_static.dir/upgrade_manager.cpp.o
#13 25.15 [ 14%] Building CXX object sdk_core/CMakeFiles/livox_lidar_sdk_shared.dir/upgrade_manager.cpp.o
#13 26.80 [ 15%] Building CXX object sdk_core/CMakeFiles/livox_lidar_sdk_shared.dir/base/io_loop.cpp.o
#13 27.15 [ 16%] Building CXX object sdk_core/CMakeFiles/livox_lidar_sdk_static.dir/base/io_loop.cpp.o
#13 27.71 [ 18%] Building CXX object sdk_core/CMakeFiles/livox_lidar_sdk_shared.dir/base/thread_base.cpp.o
#13 29.35 [ 19%] Building CXX object sdk_core/CMakeFiles/livox_lidar_sdk_static.dir/base/thread_base.cpp.o
#13 29.62 [ 20%] Building CXX object sdk_core/CMakeFiles/livox_lidar_sdk_shared.dir/base/io_thread.cpp.o
#13 30.71 [ 21%] Building CXX object sdk_core/CMakeFiles/livox_lidar_sdk_static.dir/base/io_thread.cpp.o
#13 32.12 [ 22%] Building CXX object sdk_core/CMakeFiles/livox_lidar_sdk_shared.dir/base/logging.cpp.o
#13 32.43 [ 24%] Building CXX object sdk_core/CMakeFiles/livox_lidar_sdk_static.dir/base/logging.cpp.o
#13 35.51 [ 25%] Building CXX object sdk_core/CMakeFiles/livox_lidar_sdk_shared.dir/base/network/unix/network_util.cpp.o
#13 35.94 [ 26%] Building CXX object sdk_core/CMakeFiles/livox_lidar_sdk_static.dir/base/network/unix/network_util.cpp.o
#13 36.29 [ 27%] Building CXX object sdk_core/CMakeFiles/livox_lidar_sdk_shared.dir/base/multiple_io/multiple_io_base.cpp.o
#13 36.52 [ 28%] Building CXX object sdk_core/CMakeFiles/livox_lidar_sdk_static.dir/base/multiple_io/multiple_io_base.cpp.o
#13 37.12 [ 30%] Building CXX object sdk_core/CMakeFiles/livox_lidar_sdk_shared.dir/base/multiple_io/multiple_io_epoll.cpp.o
#13 37.61 [ 31%] Building CXX object sdk_core/CMakeFiles/livox_lidar_sdk_shared.dir/base/multiple_io/multiple_io_poll.cpp.o
#13 37.61 [ 32%] Building CXX object sdk_core/CMakeFiles/livox_lidar_sdk_static.dir/base/multiple_io/multiple_io_epoll.cpp.o
#13 37.82 [ 33%] Building CXX object sdk_core/CMakeFiles/livox_lidar_sdk_static.dir/base/multiple_io/multiple_io_poll.cpp.o
#13 38.48 [ 34%] Building CXX object sdk_core/CMakeFiles/livox_lidar_sdk_shared.dir/base/multiple_io/multiple_io_select.cpp.o
#13 38.64 [ 36%] Building CXX object sdk_core/CMakeFiles/livox_lidar_sdk_static.dir/base/multiple_io/multiple_io_select.cpp.o
#13 38.66 [ 37%] Building CXX object sdk_core/CMakeFiles/livox_lidar_sdk_shared.dir/base/multiple_io/multiple_io_kqueue.cpp.o
#13 38.95 [ 38%] Building CXX object sdk_core/CMakeFiles/livox_lidar_sdk_static.dir/base/multiple_io/multiple_io_kqueue.cpp.o
#13 39.36 [ 39%] Building CXX object sdk_core/CMakeFiles/livox_lidar_sdk_shared.dir/base/wake_up/unix/wake_up_pipe.cpp.o
#13 39.52 [ 40%] Building CXX object sdk_core/CMakeFiles/livox_lidar_sdk_shared.dir/comm/comm_port.cpp.o
#13 39.62 [ 42%] Building CXX object sdk_core/CMakeFiles/livox_lidar_sdk_static.dir/base/wake_up/unix/wake_up_pipe.cpp.o
#13 39.65 [ 43%] Building CXX object sdk_core/CMakeFiles/livox_lidar_sdk_shared.dir/comm/sdk_protocol.cpp.o
#13 39.78 [ 44%] Building CXX object sdk_core/CMakeFiles/livox_lidar_sdk_static.dir/comm/comm_port.cpp.o
#13 39.84 [ 45%] Building CXX object sdk_core/CMakeFiles/livox_lidar_sdk_shared.dir/comm/generate_seq.cpp.o
#13 40.06 [ 46%] Building CXX object sdk_core/CMakeFiles/livox_lidar_sdk_static.dir/comm/sdk_protocol.cpp.o
#13 40.23 [ 48%] Building CXX object sdk_core/CMakeFiles/livox_lidar_sdk_static.dir/comm/generate_seq.cpp.o
#13 40.24 [ 49%] Building CXX object sdk_core/CMakeFiles/livox_lidar_sdk_shared.dir/upgrade/firmware.cpp.o
#13 40.36 [ 50%] Building CXX object sdk_core/CMakeFiles/livox_lidar_sdk_static.dir/upgrade/firmware.cpp.o
#13 40.53 [ 51%] Building CXX object sdk_core/CMakeFiles/livox_lidar_sdk_shared.dir/upgrade/livox_lidar_upgrader.cpp.o
#13 40.71 [ 53%] Building CXX object sdk_core/CMakeFiles/livox_lidar_sdk_static.dir/upgrade/livox_lidar_upgrader.cpp.o
#13 41.09 [ 54%] Building CXX object sdk_core/CMakeFiles/livox_lidar_sdk_static.dir/logger_handler/logger_manager.cpp.o
#13 41.27 [ 55%] Building CXX object sdk_core/CMakeFiles/livox_lidar_sdk_shared.dir/logger_handler/logger_manager.cpp.o
#13 43.37 [ 56%] Building CXX object sdk_core/CMakeFiles/livox_lidar_sdk_static.dir/logger_handler/logger_handler.cpp.o
#13 43.70 [ 57%] Building CXX object sdk_core/CMakeFiles/livox_lidar_sdk_shared.dir/logger_handler/logger_handler.cpp.o
#13 46.29 [ 59%] Building CXX object sdk_core/CMakeFiles/livox_lidar_sdk_static.dir/logger_handler/file_manager.cpp.o
#13 47.16 [ 60%] Building CXX object sdk_core/CMakeFiles/livox_lidar_sdk_shared.dir/logger_handler/file_manager.cpp.o
#13 52.95 [ 61%] Building CXX object sdk_core/CMakeFiles/livox_lidar_sdk_static.dir/data_handler/data_handler.cpp.o
#13 53.35 [ 62%] Building CXX object sdk_core/CMakeFiles/livox_lidar_sdk_shared.dir/data_handler/data_handler.cpp.o
#13 55.70 [ 63%] Building CXX object sdk_core/CMakeFiles/livox_lidar_sdk_static.dir/command_handler/command_impl.cpp.o
#13 56.29 [ 65%] Building CXX object sdk_core/CMakeFiles/livox_lidar_sdk_shared.dir/command_handler/command_impl.cpp.o
#13 56.79 [ 66%] Building CXX object sdk_core/CMakeFiles/livox_lidar_sdk_static.dir/command_handler/general_command_handler.cpp.o
#13 57.05 [ 67%] Building CXX object sdk_core/CMakeFiles/livox_lidar_sdk_shared.dir/command_handler/general_command_handler.cpp.o
#13 63.17 [ 68%] Building CXX object sdk_core/CMakeFiles/livox_lidar_sdk_shared.dir/command_handler/hap_command_handler.cpp.o
#13 63.18 [ 69%] Building CXX object sdk_core/CMakeFiles/livox_lidar_sdk_static.dir/command_handler/hap_command_handler.cpp.o
#13 66.45 [ 71%] Building CXX object sdk_core/CMakeFiles/livox_lidar_sdk_static.dir/command_handler/mid360_command_handler.cpp.o
#13 66.84 In file included from /root/Livox-SDK2/sdk_core/../3rdparty/rapidjson/stream.h:19,
#13 66.84                  from /root/Livox-SDK2/sdk_core/../3rdparty/rapidjson/memorystream.h:22,
#13 66.84                  from /root/Livox-SDK2/sdk_core/../3rdparty/rapidjson/encodedstream.h:22,
#13 66.84                  from /root/Livox-SDK2/sdk_core/../3rdparty/rapidjson/document.h:26,
#13 66.84                  from /root/Livox-SDK2/sdk_core/command_handler/parse_lidar_state_info.h:38,
#13 66.84                  from /root/Livox-SDK2/sdk_core/command_handler/hap_command_handler.cpp:37:
#13 66.84 /root/Livox-SDK2/sdk_core/../3rdparty/rapidjson/rapidjson.h:542:29: warning: unknown option after ‘#pragma GCC diagnostic’ kind [-Wpragmas]
#13 66.84   542 | #define RAPIDJSON_PRAGMA(x) _Pragma(RAPIDJSON_STRINGIFY(x))
#13 66.84       |                             ^~~~~~~
#13 66.84 /root/Livox-SDK2/sdk_core/../3rdparty/rapidjson/rapidjson.h:543:34: note: in expansion of macro ‘RAPIDJSON_PRAGMA’
#13 66.84   543 | #define RAPIDJSON_DIAG_PRAGMA(x) RAPIDJSON_PRAGMA(GCC diagnostic x)
#13 66.84       |                                  ^~~~~~~~~~~~~~~~
#13 66.84 /root/Livox-SDK2/sdk_core/../3rdparty/rapidjson/rapidjson.h:545:3: note: in expansion of macro ‘RAPIDJSON_DIAG_PRAGMA’
#13 66.84   545 |   RAPIDJSON_DIAG_PRAGMA(ignored RAPIDJSON_STRINGIFY(RAPIDJSON_JOIN(-W, x)))
#13 66.84       |   ^~~~~~~~~~~~~~~~~~~~~
#13 66.84 /root/Livox-SDK2/sdk_core/../3rdparty/rapidjson/internal/dtoa.h:36:1: note: in expansion of macro ‘RAPIDJSON_DIAG_OFF’
#13 66.84    36 | RAPIDJSON_DIAG_OFF(array - bounds)  // some gcc versions generate wrong warnings
#13 66.84       | ^~~~~~~~~~~~~~~~~~
#13 66.85 /root/Livox-SDK2/sdk_core/../3rdparty/rapidjson/rapidjson.h:542:29: note: did you mean ‘-Warray-bounds’?
#13 66.85   542 | #define RAPIDJSON_PRAGMA(x) _Pragma(RAPIDJSON_STRINGIFY(x))
#13 66.85       |                             ^~~~~~~
#13 66.85 /root/Livox-SDK2/sdk_core/../3rdparty/rapidjson/rapidjson.h:543:34: note: in expansion of macro ‘RAPIDJSON_PRAGMA’
#13 66.85   543 | #define RAPIDJSON_DIAG_PRAGMA(x) RAPIDJSON_PRAGMA(GCC diagnostic x)
#13 66.85       |                                  ^~~~~~~~~~~~~~~~
#13 66.85 /root/Livox-SDK2/sdk_core/../3rdparty/rapidjson/rapidjson.h:545:3: note: in expansion of macro ‘RAPIDJSON_DIAG_PRAGMA’
#13 66.85   545 |   RAPIDJSON_DIAG_PRAGMA(ignored RAPIDJSON_STRINGIFY(RAPIDJSON_JOIN(-W, x)))
#13 66.85       |   ^~~~~~~~~~~~~~~~~~~~~
#13 66.85 /root/Livox-SDK2/sdk_core/../3rdparty/rapidjson/internal/dtoa.h:36:1: note: in expansion of macro ‘RAPIDJSON_DIAG_OFF’
#13 66.85    36 | RAPIDJSON_DIAG_OFF(array - bounds)  // some gcc versions generate wrong warnings
#13 66.85       | ^~~~~~~~~~~~~~~~~~
#13 67.85 [ 72%] Building CXX object sdk_core/CMakeFiles/livox_lidar_sdk_shared.dir/command_handler/mid360_command_handler.cpp.o
#13 68.12 In file included from /root/Livox-SDK2/sdk_core/../3rdparty/rapidjson/stream.h:19,
#13 68.12                  from /root/Livox-SDK2/sdk_core/../3rdparty/rapidjson/memorystream.h:22,
#13 68.12                  from /root/Livox-SDK2/sdk_core/../3rdparty/rapidjson/encodedstream.h:22,
#13 68.12                  from /root/Livox-SDK2/sdk_core/../3rdparty/rapidjson/document.h:26,
#13 68.12                  from /root/Livox-SDK2/sdk_core/command_handler/parse_lidar_state_info.h:38,
#13 68.12                  from /root/Livox-SDK2/sdk_core/command_handler/hap_command_handler.cpp:37:
#13 68.12 /root/Livox-SDK2/sdk_core/../3rdparty/rapidjson/rapidjson.h:542:29: warning: unknown option after ‘#pragma GCC diagnostic’ kind [-Wpragmas]
#13 68.12   542 | #define RAPIDJSON_PRAGMA(x) _Pragma(RAPIDJSON_STRINGIFY(x))
#13 68.12       |                             ^~~~~~~
#13 68.12 /root/Livox-SDK2/sdk_core/../3rdparty/rapidjson/rapidjson.h:543:34: note: in expansion of macro ‘RAPIDJSON_PRAGMA’
#13 68.12   543 | #define RAPIDJSON_DIAG_PRAGMA(x) RAPIDJSON_PRAGMA(GCC diagnostic x)
#13 68.12       |                                  ^~~~~~~~~~~~~~~~
#13 68.12 /root/Livox-SDK2/sdk_core/../3rdparty/rapidjson/rapidjson.h:545:3: note: in expansion of macro ‘RAPIDJSON_DIAG_PRAGMA’
#13 68.12   545 |   RAPIDJSON_DIAG_PRAGMA(ignored RAPIDJSON_STRINGIFY(RAPIDJSON_JOIN(-W, x)))
#13 68.12       |   ^~~~~~~~~~~~~~~~~~~~~
#13 68.12 /root/Livox-SDK2/sdk_core/../3rdparty/rapidjson/internal/dtoa.h:36:1: note: in expansion of macro ‘RAPIDJSON_DIAG_OFF’
#13 68.12    36 | RAPIDJSON_DIAG_OFF(array - bounds)  // some gcc versions generate wrong warnings
#13 68.12       | ^~~~~~~~~~~~~~~~~~
#13 68.13 /root/Livox-SDK2/sdk_core/../3rdparty/rapidjson/rapidjson.h:542:29: note: did you mean ‘-Warray-bounds’?
#13 68.13   542 | #define RAPIDJSON_PRAGMA(x) _Pragma(RAPIDJSON_STRINGIFY(x))
#13 68.13       |                             ^~~~~~~
#13 68.13 /root/Livox-SDK2/sdk_core/../3rdparty/rapidjson/rapidjson.h:543:34: note: in expansion of macro ‘RAPIDJSON_PRAGMA’
#13 68.13   543 | #define RAPIDJSON_DIAG_PRAGMA(x) RAPIDJSON_PRAGMA(GCC diagnostic x)
#13 68.13       |                                  ^~~~~~~~~~~~~~~~
#13 68.13 /root/Livox-SDK2/sdk_core/../3rdparty/rapidjson/rapidjson.h:545:3: note: in expansion of macro ‘RAPIDJSON_DIAG_PRAGMA’
#13 68.13   545 |   RAPIDJSON_DIAG_PRAGMA(ignored RAPIDJSON_STRINGIFY(RAPIDJSON_JOIN(-W, x)))
#13 68.13       |   ^~~~~~~~~~~~~~~~~~~~~
#13 68.13 /root/Livox-SDK2/sdk_core/../3rdparty/rapidjson/internal/dtoa.h:36:1: note: in expansion of macro ‘RAPIDJSON_DIAG_OFF’
#13 68.13    36 | RAPIDJSON_DIAG_OFF(array - bounds)  // some gcc versions generate wrong warnings
#13 68.13       | ^~~~~~~~~~~~~~~~~~
#13 70.88 In file included from /root/Livox-SDK2/sdk_core/../3rdparty/rapidjson/stream.h:19,
#13 70.88                  from /root/Livox-SDK2/sdk_core/../3rdparty/rapidjson/memorystream.h:22,
#13 70.88                  from /root/Livox-SDK2/sdk_core/../3rdparty/rapidjson/encodedstream.h:22,
#13 70.88                  from /root/Livox-SDK2/sdk_core/../3rdparty/rapidjson/document.h:26,
#13 70.88                  from /root/Livox-SDK2/sdk_core/command_handler/parse_lidar_state_info.h:38,
#13 70.88                  from /root/Livox-SDK2/sdk_core/command_handler/mid360_command_handler.cpp:37:
#13 70.88 /root/Livox-SDK2/sdk_core/../3rdparty/rapidjson/rapidjson.h:542:29: warning: unknown option after ‘#pragma GCC diagnostic’ kind [-Wpragmas]
#13 70.88   542 | #define RAPIDJSON_PRAGMA(x) _Pragma(RAPIDJSON_STRINGIFY(x))
#13 70.88       |                             ^~~~~~~
#13 70.88 /root/Livox-SDK2/sdk_core/../3rdparty/rapidjson/rapidjson.h:543:34: note: in expansion of macro ‘RAPIDJSON_PRAGMA’
#13 70.88   543 | #define RAPIDJSON_DIAG_PRAGMA(x) RAPIDJSON_PRAGMA(GCC diagnostic x)
#13 70.88       |                                  ^~~~~~~~~~~~~~~~
#13 70.88 /root/Livox-SDK2/sdk_core/../3rdparty/rapidjson/rapidjson.h:545:3: note: in expansion of macro ‘RAPIDJSON_DIAG_PRAGMA’
#13 70.88   545 |   RAPIDJSON_DIAG_PRAGMA(ignored RAPIDJSON_STRINGIFY(RAPIDJSON_JOIN(-W, x)))
#13 70.88       |   ^~~~~~~~~~~~~~~~~~~~~
#13 70.88 /root/Livox-SDK2/sdk_core/../3rdparty/rapidjson/internal/dtoa.h:36:1: note: in expansion of macro ‘RAPIDJSON_DIAG_OFF’
#13 70.88    36 | RAPIDJSON_DIAG_OFF(array - bounds)  // some gcc versions generate wrong warnings
#13 70.88       | ^~~~~~~~~~~~~~~~~~
#13 70.89 /root/Livox-SDK2/sdk_core/../3rdparty/rapidjson/rapidjson.h:542:29: note: did you mean ‘-Warray-bounds’?
#13 70.89   542 | #define RAPIDJSON_PRAGMA(x) _Pragma(RAPIDJSON_STRINGIFY(x))
#13 70.89       |                             ^~~~~~~
#13 70.89 /root/Livox-SDK2/sdk_core/../3rdparty/rapidjson/rapidjson.h:543:34: note: in expansion of macro ‘RAPIDJSON_PRAGMA’
#13 70.89   543 | #define RAPIDJSON_DIAG_PRAGMA(x) RAPIDJSON_PRAGMA(GCC diagnostic x)
#13 70.89       |                                  ^~~~~~~~~~~~~~~~
#13 70.89 /root/Livox-SDK2/sdk_core/../3rdparty/rapidjson/rapidjson.h:545:3: note: in expansion of macro ‘RAPIDJSON_DIAG_PRAGMA’
#13 70.89   545 |   RAPIDJSON_DIAG_PRAGMA(ignored RAPIDJSON_STRINGIFY(RAPIDJSON_JOIN(-W, x)))
#13 70.89       |   ^~~~~~~~~~~~~~~~~~~~~
#13 70.89 /root/Livox-SDK2/sdk_core/../3rdparty/rapidjson/internal/dtoa.h:36:1: note: in expansion of macro ‘RAPIDJSON_DIAG_OFF’
#13 70.89    36 | RAPIDJSON_DIAG_OFF(array - bounds)  // some gcc versions generate wrong warnings
#13 70.89       | ^~~~~~~~~~~~~~~~~~
#13 71.39 [ 73%] Building CXX object sdk_core/CMakeFiles/livox_lidar_sdk_shared.dir/command_handler/build_request.cpp.o
#13 71.99 In file included from /root/Livox-SDK2/sdk_core/../3rdparty/rapidjson/stream.h:19,
#13 71.99                  from /root/Livox-SDK2/sdk_core/../3rdparty/rapidjson/memorystream.h:22,
#13 71.99                  from /root/Livox-SDK2/sdk_core/../3rdparty/rapidjson/encodedstream.h:22,
#13 71.99                  from /root/Livox-SDK2/sdk_core/../3rdparty/rapidjson/document.h:26,
#13 71.99                  from /root/Livox-SDK2/sdk_core/command_handler/parse_lidar_state_info.h:38,
#13 71.99                  from /root/Livox-SDK2/sdk_core/command_handler/mid360_command_handler.cpp:37:
#13 71.99 /root/Livox-SDK2/sdk_core/../3rdparty/rapidjson/rapidjson.h:542:29: warning: unknown option after ‘#pragma GCC diagnostic’ kind [-Wpragmas]
#13 71.99   542 | #define RAPIDJSON_PRAGMA(x) _Pragma(RAPIDJSON_STRINGIFY(x))
#13 71.99       |                             ^~~~~~~
#13 71.99 /root/Livox-SDK2/sdk_core/../3rdparty/rapidjson/rapidjson.h:543:34: note: in expansion of macro ‘RAPIDJSON_PRAGMA’
#13 71.99   543 | #define RAPIDJSON_DIAG_PRAGMA(x) RAPIDJSON_PRAGMA(GCC diagnostic x)
#13 71.99       |                                  ^~~~~~~~~~~~~~~~
#13 71.99 /root/Livox-SDK2/sdk_core/../3rdparty/rapidjson/rapidjson.h:545:3: note: in expansion of macro ‘RAPIDJSON_DIAG_PRAGMA’
#13 71.99   545 |   RAPIDJSON_DIAG_PRAGMA(ignored RAPIDJSON_STRINGIFY(RAPIDJSON_JOIN(-W, x)))
#13 71.99       |   ^~~~~~~~~~~~~~~~~~~~~
#13 71.99 /root/Livox-SDK2/sdk_core/../3rdparty/rapidjson/internal/dtoa.h:36:1: note: in expansion of macro ‘RAPIDJSON_DIAG_OFF’
#13 71.99    36 | RAPIDJSON_DIAG_OFF(array - bounds)  // some gcc versions generate wrong warnings
#13 71.99       | ^~~~~~~~~~~~~~~~~~
#13 72.00 /root/Livox-SDK2/sdk_core/../3rdparty/rapidjson/rapidjson.h:542:29: note: did you mean ‘-Warray-bounds’?
#13 72.00   542 | #define RAPIDJSON_PRAGMA(x) _Pragma(RAPIDJSON_STRINGIFY(x))
#13 72.00       |                             ^~~~~~~
#13 72.00 /root/Livox-SDK2/sdk_core/../3rdparty/rapidjson/rapidjson.h:543:34: note: in expansion of macro ‘RAPIDJSON_PRAGMA’
#13 72.00   543 | #define RAPIDJSON_DIAG_PRAGMA(x) RAPIDJSON_PRAGMA(GCC diagnostic x)
#13 72.00       |                                  ^~~~~~~~~~~~~~~~
#13 72.00 /root/Livox-SDK2/sdk_core/../3rdparty/rapidjson/rapidjson.h:545:3: note: in expansion of macro ‘RAPIDJSON_DIAG_PRAGMA’
#13 72.00   545 |   RAPIDJSON_DIAG_PRAGMA(ignored RAPIDJSON_STRINGIFY(RAPIDJSON_JOIN(-W, x)))
#13 72.00       |   ^~~~~~~~~~~~~~~~~~~~~
#13 72.00 /root/Livox-SDK2/sdk_core/../3rdparty/rapidjson/internal/dtoa.h:36:1: note: in expansion of macro ‘RAPIDJSON_DIAG_OFF’
#13 72.00    36 | RAPIDJSON_DIAG_OFF(array - bounds)  // some gcc versions generate wrong warnings
#13 72.00       | ^~~~~~~~~~~~~~~~~~
#13 72.33 [ 74%] Building CXX object sdk_core/CMakeFiles/livox_lidar_sdk_static.dir/command_handler/build_request.cpp.o
#13 73.46 [ 75%] Building CXX object sdk_core/CMakeFiles/livox_lidar_sdk_shared.dir/command_handler/parse_lidar_state_info.cpp.o
#13 75.40 In file included from /root/Livox-SDK2/sdk_core/../3rdparty/rapidjson/stream.h:19,
#13 75.40                  from /root/Livox-SDK2/sdk_core/../3rdparty/rapidjson/memorystream.h:22,
#13 75.40                  from /root/Livox-SDK2/sdk_core/../3rdparty/rapidjson/encodedstream.h:22,
#13 75.40                  from /root/Livox-SDK2/sdk_core/../3rdparty/rapidjson/document.h:26,
#13 75.40                  from /root/Livox-SDK2/sdk_core/command_handler/parse_lidar_state_info.h:38,
#13 75.40                  from /root/Livox-SDK2/sdk_core/command_handler/parse_lidar_state_info.cpp:2:
#13 75.40 /root/Livox-SDK2/sdk_core/../3rdparty/rapidjson/rapidjson.h:542:29: warning: unknown option after ‘#pragma GCC diagnostic’ kind [-Wpragmas]
#13 75.40   542 | #define RAPIDJSON_PRAGMA(x) _Pragma(RAPIDJSON_STRINGIFY(x))
#13 75.40       |                             ^~~~~~~
#13 75.40 /root/Livox-SDK2/sdk_core/../3rdparty/rapidjson/rapidjson.h:543:34: note: in expansion of macro ‘RAPIDJSON_PRAGMA’
#13 75.40   543 | #define RAPIDJSON_DIAG_PRAGMA(x) RAPIDJSON_PRAGMA(GCC diagnostic x)
#13 75.40       |                                  ^~~~~~~~~~~~~~~~
#13 75.40 /root/Livox-SDK2/sdk_core/../3rdparty/rapidjson/rapidjson.h:545:3: note: in expansion of macro ‘RAPIDJSON_DIAG_PRAGMA’
#13 75.40   545 |   RAPIDJSON_DIAG_PRAGMA(ignored RAPIDJSON_STRINGIFY(RAPIDJSON_JOIN(-W, x)))
#13 75.40       |   ^~~~~~~~~~~~~~~~~~~~~
#13 75.40 /root/Livox-SDK2/sdk_core/../3rdparty/rapidjson/internal/dtoa.h:36:1: note: in expansion of macro ‘RAPIDJSON_DIAG_OFF’
#13 75.40    36 | RAPIDJSON_DIAG_OFF(array - bounds)  // some gcc versions generate wrong warnings
#13 75.40       | ^~~~~~~~~~~~~~~~~~
#13 75.41 /root/Livox-SDK2/sdk_core/../3rdparty/rapidjson/rapidjson.h:542:29: note: did you mean ‘-Warray-bounds’?
#13 75.41   542 | #define RAPIDJSON_PRAGMA(x) _Pragma(RAPIDJSON_STRINGIFY(x))
#13 75.41       |                             ^~~~~~~
#13 75.41 /root/Livox-SDK2/sdk_core/../3rdparty/rapidjson/rapidjson.h:543:34: note: in expansion of macro ‘RAPIDJSON_PRAGMA’
#13 75.41   543 | #define RAPIDJSON_DIAG_PRAGMA(x) RAPIDJSON_PRAGMA(GCC diagnostic x)
#13 75.41       |                                  ^~~~~~~~~~~~~~~~
#13 75.41 /root/Livox-SDK2/sdk_core/../3rdparty/rapidjson/rapidjson.h:545:3: note: in expansion of macro ‘RAPIDJSON_DIAG_PRAGMA’
#13 75.41   545 |   RAPIDJSON_DIAG_PRAGMA(ignored RAPIDJSON_STRINGIFY(RAPIDJSON_JOIN(-W, x)))
#13 75.41       |   ^~~~~~~~~~~~~~~~~~~~~
#13 75.41 /root/Livox-SDK2/sdk_core/../3rdparty/rapidjson/internal/dtoa.h:36:1: note: in expansion of macro ‘RAPIDJSON_DIAG_OFF’
#13 75.41    36 | RAPIDJSON_DIAG_OFF(array - bounds)  // some gcc versions generate wrong warnings
#13 75.41       | ^~~~~~~~~~~~~~~~~~
#13 75.44 [ 77%] Building CXX object sdk_core/CMakeFiles/livox_lidar_sdk_static.dir/command_handler/parse_lidar_state_info.cpp.o
#13 77.67 In file included from /root/Livox-SDK2/sdk_core/../3rdparty/rapidjson/stream.h:19,
#13 77.67                  from /root/Livox-SDK2/sdk_core/../3rdparty/rapidjson/memorystream.h:22,
#13 77.67                  from /root/Livox-SDK2/sdk_core/../3rdparty/rapidjson/encodedstream.h:22,
#13 77.67                  from /root/Livox-SDK2/sdk_core/../3rdparty/rapidjson/document.h:26,
#13 77.67                  from /root/Livox-SDK2/sdk_core/command_handler/parse_lidar_state_info.h:38,
#13 77.67                  from /root/Livox-SDK2/sdk_core/command_handler/parse_lidar_state_info.cpp:2:
#13 77.67 /root/Livox-SDK2/sdk_core/../3rdparty/rapidjson/rapidjson.h:542:29: warning: unknown option after ‘#pragma GCC diagnostic’ kind [-Wpragmas]
#13 77.67   542 | #define RAPIDJSON_PRAGMA(x) _Pragma(RAPIDJSON_STRINGIFY(x))
#13 77.67       |                             ^~~~~~~
#13 77.67 /root/Livox-SDK2/sdk_core/../3rdparty/rapidjson/rapidjson.h:543:34: note: in expansion of macro ‘RAPIDJSON_PRAGMA’
#13 77.67   543 | #define RAPIDJSON_DIAG_PRAGMA(x) RAPIDJSON_PRAGMA(GCC diagnostic x)
#13 77.67       |                                  ^~~~~~~~~~~~~~~~
#13 77.67 /root/Livox-SDK2/sdk_core/../3rdparty/rapidjson/rapidjson.h:545:3: note: in expansion of macro ‘RAPIDJSON_DIAG_PRAGMA’
#13 77.67   545 |   RAPIDJSON_DIAG_PRAGMA(ignored RAPIDJSON_STRINGIFY(RAPIDJSON_JOIN(-W, x)))
#13 77.67       |   ^~~~~~~~~~~~~~~~~~~~~
#13 77.67 /root/Livox-SDK2/sdk_core/../3rdparty/rapidjson/internal/dtoa.h:36:1: note: in expansion of macro ‘RAPIDJSON_DIAG_OFF’
#13 77.67    36 | RAPIDJSON_DIAG_OFF(array - bounds)  // some gcc versions generate wrong warnings
#13 77.67       | ^~~~~~~~~~~~~~~~~~
#13 77.68 /root/Livox-SDK2/sdk_core/../3rdparty/rapidjson/rapidjson.h:542:29: note: did you mean ‘-Warray-bounds’?
#13 77.68   542 | #define RAPIDJSON_PRAGMA(x) _Pragma(RAPIDJSON_STRINGIFY(x))
#13 77.68       |                             ^~~~~~~
#13 77.68 /root/Livox-SDK2/sdk_core/../3rdparty/rapidjson/rapidjson.h:543:34: note: in expansion of macro ‘RAPIDJSON_PRAGMA’
#13 77.68   543 | #define RAPIDJSON_DIAG_PRAGMA(x) RAPIDJSON_PRAGMA(GCC diagnostic x)
#13 77.68       |                                  ^~~~~~~~~~~~~~~~
#13 77.68 /root/Livox-SDK2/sdk_core/../3rdparty/rapidjson/rapidjson.h:545:3: note: in expansion of macro ‘RAPIDJSON_DIAG_PRAGMA’
#13 77.68   545 |   RAPIDJSON_DIAG_PRAGMA(ignored RAPIDJSON_STRINGIFY(RAPIDJSON_JOIN(-W, x)))
#13 77.68       |   ^~~~~~~~~~~~~~~~~~~~~
#13 77.68 /root/Livox-SDK2/sdk_core/../3rdparty/rapidjson/internal/dtoa.h:36:1: note: in expansion of macro ‘RAPIDJSON_DIAG_OFF’
#13 77.68    36 | RAPIDJSON_DIAG_OFF(array - bounds)  // some gcc versions generate wrong warnings
#13 77.68       | ^~~~~~~~~~~~~~~~~~
#13 78.78 [ 78%] Building CXX object sdk_core/CMakeFiles/livox_lidar_sdk_static.dir/debug_point_cloud_handler/debug_point_cloud_manager.cpp.o
#13 78.92 [ 79%] Building CXX object sdk_core/CMakeFiles/livox_lidar_sdk_shared.dir/debug_point_cloud_handler/debug_point_cloud_manager.cpp.o
#13 81.75 [ 80%] Building CXX object sdk_core/CMakeFiles/livox_lidar_sdk_static.dir/debug_point_cloud_handler/debug_point_cloud_handler.cpp.o
#13 81.77 [ 81%] Building CXX object sdk_core/CMakeFiles/livox_lidar_sdk_shared.dir/debug_point_cloud_handler/debug_point_cloud_handler.cpp.o
#13 91.05 [ 83%] Linking CXX shared library liblivox_lidar_sdk_shared.so
#13 91.99 [ 84%] Linking CXX static library liblivox_lidar_sdk_static.a
#13 95.81 [ 84%] Built target livox_lidar_sdk_shared
#13 95.94 [ 84%] Built target livox_lidar_sdk_static
#13 95.98 [ 85%] Building CXX object samples/logger/CMakeFiles/logger.dir/main.cpp.o
#13 95.99 [ 86%] Building CXX object samples/multi_lidars_upgrade/CMakeFiles/multi_lidars_upgrade.dir/main.cpp.o
#13 96.00 [ 87%] Building CXX object samples/livox_lidar_rmc_time_sync/CMakeFiles/livox_lidar_rmc_time_sync.dir/main.cpp.o
#13 96.00 [ 90%] Building CXX object samples/debug_point_cloud/CMakeFiles/debug_point_cloud.dir/main.cpp.o
#13 96.00 [ 90%] Building CXX object samples/livox_lidar_quick_start/CMakeFiles/livox_lidar_quick_start.dir/main.cpp.o
#13 96.01 [ 91%] Building CXX object samples/lidar_cmd_observer/CMakeFiles/lidar_cmd_observer.dir/main.cpp.o
#13 99.09 [ 92%] Linking CXX executable livox_lidar_quick_start
#13 99.12 [ 93%] Linking CXX executable multi_lidars_upgrade
#13 99.15 [ 95%] Linking CXX executable lidar_cmd_observer
#13 99.19 [ 96%] Building CXX object samples/livox_lidar_rmc_time_sync/CMakeFiles/livox_lidar_rmc_time_sync.dir/linux/synchro.cpp.o
#13 100.4 [ 97%] Linking CXX executable debug_point_cloud
#13 100.7 [ 98%] Linking CXX executable logger
#13 101.1 [100%] Linking CXX executable livox_lidar_rmc_time_sync
#13 101.3 [100%] Built target multi_lidars_upgrade
#13 101.9 [100%] Built target livox_lidar_quick_start
#13 102.1 [100%] Built target lidar_cmd_observer
#13 102.5 [100%] Built target logger
#13 102.6 [100%] Built target debug_point_cloud
#13 102.9 [100%] Built target livox_lidar_rmc_time_sync
#13 103.1 [ 42%] Built target livox_lidar_sdk_static
#13 103.2 [ 84%] Built target livox_lidar_sdk_shared
#13 103.2 [ 86%] Built target livox_lidar_quick_start
#13 103.2 [ 89%] Built target multi_lidars_upgrade
#13 103.3 [ 91%] Built target logger
#13 103.3 [ 93%] Built target debug_point_cloud
#13 103.3 [ 96%] Built target lidar_cmd_observer
#13 103.4 [100%] Built target livox_lidar_rmc_time_sync
#13 103.4 Install the project...
#13 103.4 -- Install configuration: ""
#13 103.4 -- Installing: /usr/local/lib/liblivox_lidar_sdk_static.a
#13 103.5 -- Installing: /usr/local/include/livox_lidar_def.h
#13 103.5 -- Installing: /usr/local/include/livox_lidar_api.h
#13 103.5 -- Installing: /usr/local/include/livox_lidar_cfg.h
#13 103.5 -- Installing: /usr/local/lib/liblivox_lidar_sdk_shared.so
#13 DONE 107.3s

#14 [10/15] WORKDIR /root/ros2_ws/src
#14 DONE 0.4s

#15 [11/15] RUN git clone --branch humble https://github.com/ros-perception/vision_opencv.git &&     cd /root/ros2_ws &&     . /opt/ros/humble/setup.sh &&     colcon build --packages-select cv_bridge         --cmake-args -DCMAKE_BUILD_TYPE=Release -DBUILD_TESTING=OFF &&     rm -rf build log
#15 1.029 Cloning into 'vision_opencv'...
#15 12.36 Starting >>> cv_bridge
#15 73.70 --- stderr: cv_bridge
#15 73.70 CMake Warning (dev) at /usr/lib/cmake/opencv4/OpenCVConfig.cmake:86 (find_package):
#15 73.70   Policy CMP0146 is not set: The FindCUDA module is removed.  Run "cmake
#15 73.70   --help-policy CMP0146" for policy details.  Use the cmake_policy command to
#15 73.70   set the policy and suppress this warning.
#15 73.70 
#15 73.70 Call Stack (most recent call first):
#15 73.70   /usr/lib/cmake/opencv4/OpenCVConfig.cmake:108 (find_host_package)
#15 73.70   CMakeLists.txt:39 (find_package)
#15 73.70 This warning is for project developers.  Use -Wno-dev to suppress it.
#15 73.70 
#15 73.70 ---
#15 73.71 [Processing: cv_bridge]
#15 73.71 [Processing: cv_bridge]
#15 73.71 Finished <<< cv_bridge [1min 1s]
#15 73.91 
#15 73.91 Summary: 1 package finished [1min 3s]
#15 73.91   1 package had stderr output: cv_bridge
#15 DONE 74.8s

#16 [12/15] RUN echo "source /opt/ros/humble/setup.bash" >> /root/.bashrc &&     echo "source /root/ros2_ws/install/setup.bash" >> /root/.bashrc
#16 DONE 1.4s

#17 [13/15] WORKDIR /root/ros2_ws
#17 DONE 0.4s

#18 [14/15] COPY ./ros_entrypoint.sh /
#18 DONE 0.6s

#19 [15/15] RUN chmod 755 /ros_entrypoint.sh
#19 DONE 1.3s

#20 exporting to image
#20 exporting layers
